external_id,brand,official_name,display_name_fr,slug,sku,barcode,display_size,product_type,product_subtype,skin_types,concerns,key_ingredients,routine_step,usage_time,official_summary_en,store_short_description_fr,benefits_fr,usage_instructions_fr,full_inci,warnings_fr,official_source_name,official_source_url,source_scope,source_language,verified_at,verification_status,official_price_currency,official_price,official_price_note,price_mad,compare_at_price_mad,cost_price_mad,stock,initial_stock_if_new,low_stock_threshold,publication_status,desired_visibility,featured,new_arrival,new_until,seo_title,seo_description,image_source_url,media_status,selection_basis,curation_basis,commercial_ready,pdp_content_status,research_notes
research-anua-heartleaf-pore-control-cleansing-oil,ANUA,Heartleaf Pore Control Cleansing Oil,Heartleaf Pore Control Cleansing Oil,anua-heartleaf-pore-control-cleansing-oil,,,,Huiles & Baumes démaquillants,Démaquillant huile/baume,Grasse;Mixte;Sensible,Pores & excès de sébum;Rougeurs;Barrière cutanée,Heartleaf (Houttuynia cordata),Nettoyer,BOTH,,"Huiles & Baumes démaquillants ANUA classé par The K-Skin Gallery dans la sélection pores & excès de sébum, rougeurs.",Pores & excès de sébum;Rougeurs;Barrière cutanée,,,,ANUA official website,https://anua.com/collections/6-1-cleanser,COLLECTION,EN,2026-10-02,PARTIAL,USD,22,Prix de référence observé sur la boutique officielle; ne pas utiliser comme prix de vente MAD.,,,,,0,3,DRAFT,PUBLISHED_OUT_OF_STOCK_WHEN_PRICED,False,False,,Heartleaf Pore Control Cleansing Oil | ANUA Maroc | The K-Skin Gallery,"Découvrez Heartleaf Pore Control Cleansing Oil de ANUA chez The K-Skin Gallery. Korean skincare au Maroc, paiement à la livraison et livraison partout au Maroc.",,NEEDS_ASSET_INGESTION,"Sélection faciale issue du catalogue officiel actuel; produits cœur de gamme, jusqu’à ~30+ par marque selon pertinence.",KSG_CURATION_FROM_OFFICIAL_NAMES_AND_CLAIMS,False,NEEDS_OFFICIAL_PDP_ENRICHMENT,Les classifications Type de peau/Besoins/Étape/AM-PM sont une curation The K-Skin Gallery sauf mention vérifiée sur fiche produit individuelle.
research-anua-heartleaf-quercetinol-pore-deep-cleansing-foam,ANUA,Heartleaf Quercetinol Pore Deep Cleansing Foam,Heartleaf Quercetinol Pore Deep Cleansing Foam,anua-heartleaf-quercetinol-pore-deep-cleansing-foam,,,,Nettoyants,Nettoyant,Grasse;Mixte;Sensible,Pores & excès de sébum;Rougeurs;Barrière cutanée,Heartleaf (Houttuynia cordata),Nettoyer,BOTH,,"Nettoyants ANUA classé par The K-Skin Gallery dans la sélection pores & excès de sébum, rougeurs.",Pores & excès de sébum;Rougeurs;Barrière cutanée,,,,ANUA official website,https://anua.com/collections/6-1-cleanser,COLLECTION,EN,2026-10-02,PARTIAL,USD,20,Prix de référence observé sur la boutique officielle; ne pas utiliser comme prix de vente MAD.,,,,,0,3,DRAFT,PUBLISHED_OUT_OF_STOCK_WHEN_PRICED,False,False,,Heartleaf Quercetinol Pore Deep Cleansing Foam | ANUA Maroc | The K-Skin Gallery,"Découvrez Heartleaf Quercetinol Pore Deep Cleansing Foam de ANUA chez The K-Skin Gallery. Korean skincare au Maroc, paiement à la livraison et livraison partout au Maroc.",,NEEDS_ASSET_INGESTION,"Sélection faciale issue du catalogue officiel actuel; produits cœur de gamme, jusqu’à ~30+ par marque selon pertinence.",KSG_CURATION_FROM_OFFICIAL_NAMES_AND_CLAIMS,False,NEEDS_OFFICIAL_PDP_ENRICHMENT,Les classifications Type de peau/Besoins/Étape/AM-PM sont une curation The K-Skin Gallery sauf mention vérifiée sur fiche produit individuelle.
research-anua-8-hyaluronic-acid-hydrating-gentle-foaming-cleanser,ANUA,8 Hyaluronic Acid Hydrating Gentle Foaming Cleanser,8 Hyaluronic Acid Hydrating Gentle Foaming Cleanser,anua-8-hyaluronic-acid-hydrating-gentle-foaming-cleanser,,,,Nettoyants,Nettoyant,Sèche;Normale,Hydratation,Acide hyaluronique,Nettoyer,BOTH,,Nettoyants ANUA classé par The K-Skin Gallery dans la sélection hydratation.,Hydratation,,,,ANUA official website,https://anua.com/collections/6-1-cleanser,COLLECTION,EN,2026-10-02,PARTIAL,USD,15,Prix de référence observé sur la boutique officielle; ne pas utiliser comme prix de vente MAD.,,,,,0,3,DRAFT,PUBLISHED_OUT_OF_STOCK_WHEN_PRICED,False,False,,8 Hyaluronic Acid Hydrating Gentle Foaming Cleanser | ANUA Maroc | The K-Skin Gallery,"Découvrez 8 Hyaluronic Acid Hydrating Gentle Foaming Cleanser de ANUA chez The K-Skin Gallery. Korean skincare au Maroc, paiement à la livraison et livraison partout au Maroc.",,NEEDS_ASSET_INGESTION,"Sélection faciale issue du catalogue officiel actuel; produits cœur de gamme, jusqu’à ~30+ par marque selon pertinence.",KSG_CURATION_FROM_OFFICIAL_NAMES_AND_CLAIMS,False,NEEDS_OFFICIAL_PDP_ENRICHMENT,Les classifications Type de peau/Besoins/Étape/AM-PM sont une curation The K-Skin Gallery sauf mention vérifiée sur fiche produit individuelle.
research-anua-pdrn-hyaluronic-acid-moisturizing-cleansing-foam,ANUA,PDRN Hyaluronic Acid Moisturizing Cleansing Foam,PDRN Hyaluronic Acid Moisturizing Cleansing Foam,anua-pdrn-hyaluronic-acid-moisturizing-cleansing-foam,,,,Nettoyants,Nettoyant,Sèche;Normale,Hydratation,PDRN;Acide hyaluronique,Nettoyer,BOTH,,Nettoyants ANUA classé par The K-Skin Gallery dans la sélection hydratation.,Hydratation,,,,ANUA official website,https://anua.com/collections/6-1-cleanser,COLLECTION,EN,2026-10-02,PARTIAL,USD,15,Prix de référence observé sur la boutique officielle; ne pas utiliser comme prix de vente MAD.,,,,,0,3,DRAFT,PUBLISHED_OUT_OF_STOCK_WHEN_PRICED,False,False,,PDRN Hyaluronic Acid Moisturizing Cleansing Foam | ANUA Maroc | The K-Skin Gallery,"Découvrez PDRN Hyaluronic Acid Moisturizing Cleansing Foam de ANUA chez The K-Skin Gallery. Korean skincare au Maroc, paiement à la livraison et livraison partout au Maroc.",,NEEDS_ASSET_INGESTION,"Sélection faciale issue du catalogue officiel actuel; produits cœur de gamme, jusqu’à ~30+ par marque selon pertinence.",KSG_CURATION_FROM_OFFICIAL_NAMES_AND_CLAIMS,False,NEEDS_OFFICIAL_PDP_ENRICHMENT,Les classifications Type de peau/Besoins/Étape/AM-PM sont une curation The K-Skin Gallery sauf mention vérifiée sur fiche produit individuelle.
research-anua-rice-enzyme-brightening-cleansing-powder,ANUA,Rice Enzyme Brightening Cleansing Powder,Rice Enzyme Brightening Cleansing Powder,anua-rice-enzyme-brightening-cleansing-powder,,,,Nettoyants,Nettoyant,,Taches & teint irrégulier;Éclat,Riz,Nettoyer,BOTH,,"Nettoyants ANUA classé par The K-Skin Gallery dans la sélection taches & teint irrégulier, éclat.",Taches & teint irrégulier;Éclat,,,,ANUA official website,https://anua.com/collections/6-1-cleanser,COLLECTION,EN,2026-10-02,PARTIAL,USD,20,Prix de référence observé sur la boutique officielle; ne pas utiliser comme prix de vente MAD.,,,,,0,3,DRAFT,PUBLISHED_OUT_OF_STOCK_WHEN_PRICED,False,False,,Rice Enzyme Brightening Cleansing Powder | ANUA Maroc | The K-Skin Gallery,"Découvrez Rice Enzyme Brightening Cleansing Powder de ANUA chez The K-Skin Gallery. Korean skincare au Maroc, paiement à la livraison et livraison partout au Maroc.",,NEEDS_ASSET_INGESTION,"Sélection faciale issue du catalogue officiel actuel; produits cœur de gamme, jusqu’à ~30+ par marque selon pertinence.",KSG_CURATION_FROM_OFFICIAL_NAMES_AND_CLAIMS,False,NEEDS_OFFICIAL_PDP_ENRICHMENT,Les classifications Type de peau/Besoins/Étape/AM-PM sont une curation The K-Skin Gallery sauf mention vérifiée sur fiche produit individuelle.
research-anua-8-hyaluronic-acid-moisturizing-gentle-gel-cleanser,ANUA,8 Hyaluronic Acid Moisturizing Gentle Gel Cleanser,8 Hyaluronic Acid Moisturizing Gentle Gel Cleanser,anua-8-hyaluronic-acid-moisturizing-gentle-gel-cleanser,,,,Nettoyants,Nettoyant,Sèche;Normale,Hydratation,Acide hyaluronique,Nettoyer,BOTH,,Nettoyants ANUA classé par The K-Skin Gallery dans la sélection hydratation.,Hydratation,,,,ANUA official website,https://anua.com/collections/6-1-cleanser,COLLECTION,EN,2026-10-02,PARTIAL,USD,15,Prix de référence observé sur la boutique officielle; ne pas utiliser comme prix de vente MAD.,,,,,0,3,DRAFT,PUBLISHED_OUT_OF_STOCK_WHEN_PRICED,False,False,,8 Hyaluronic Acid Moisturizing Gentle Gel Cleanser | ANUA Maroc | The K-Skin Gallery,"Découvrez 8 Hyaluronic Acid Moisturizing Gentle Gel Cleanser de ANUA chez The K-Skin Gallery. Korean skincare au Maroc, paiement à la livraison et livraison partout au Maroc.",,NEEDS_ASSET_INGESTION,"Sélection faciale issue du catalogue officiel actuel; produits cœur de gamme, jusqu’à ~30+ par marque selon pertinence.",KSG_CURATION_FROM_OFFICIAL_NAMES_AND_CLAIMS,False,NEEDS_OFFICIAL_PDP_ENRICHMENT,Les classifications Type de peau/Besoins/Étape/AM-PM sont une curation The K-Skin Gallery sauf mention vérifiée sur fiche produit individuelle.
research-anua-heartleaf-low-ph-deep-cleansing-water,ANUA,Heartleaf Low pH Deep Cleansing Water,Heartleaf Low pH Deep Cleansing Water,anua-heartleaf-low-ph-deep-cleansing-water,,,,Nettoyants,Nettoyant,Sensible,Rougeurs;Barrière cutanée,Heartleaf (Houttuynia cordata),Nettoyer,BOTH,,"Nettoyants ANUA classé par The K-Skin Gallery dans la sélection rougeurs, barrière cutanée.",Rougeurs;Barrière cutanée,,,,ANUA official website,https://anua.com/collections/6-1-cleanser,COLLECTION,EN,2026-10-02,PARTIAL,USD,22,Prix de référence observé sur la boutique officielle; ne pas utiliser comme prix de vente MAD.,,,,,0,3,DRAFT,PUBLISHED_OUT_OF_STOCK_WHEN_PRICED,False,False,,Heartleaf Low pH Deep Cleansing Water | ANUA Maroc | The K-Skin Gallery,"Découvrez Heartleaf Low pH Deep Cleansing Water de ANUA chez The K-Skin Gallery. Korean skincare au Maroc, paiement à la livraison et livraison partout au Maroc.",,NEEDS_ASSET_INGESTION,"Sélection faciale issue du catalogue officiel actuel; produits cœur de gamme, jusqu’à ~30+ par marque selon pertinence.",KSG_CURATION_FROM_OFFICIAL_NAMES_AND_CLAIMS,False,NEEDS_OFFICIAL_PDP_ENRICHMENT,Les classifications Type de peau/Besoins/Étape/AM-PM sont une curation The K-Skin Gallery sauf mention vérifiée sur fiche produit individuelle.
research-anua-heartleaf-lha-moisture-peeling-gel,ANUA,Heartleaf LHA Moisture Peeling Gel,Heartleaf LHA Moisture Peeling Gel,anua-heartleaf-lha-moisture-peeling-gel,,,,Exfoliants,Exfoliant,Sèche;Normale;Sensible,Hydratation;Rougeurs;Barrière cutanée,Heartleaf (Houttuynia cordata);LHA,Exfolier,PM,,"Exfoliants ANUA classé par The K-Skin Gallery dans la sélection hydratation, rougeurs.",Hydratation;Rougeurs;Barrière cutanée,,,,ANUA official website,https://anua.com/collections/6-1-cleanser,COLLECTION,EN,2026-10-02,PARTIAL,USD,22,Prix de référence observé sur la boutique officielle; ne pas utiliser comme prix de vente MAD.,,,,,0,3,DRAFT,PUBLISHED_OUT_OF_STOCK_WHEN_PRICED,False,False,,Heartleaf LHA Moisture Peeling Gel | ANUA Maroc | The K-Skin Gallery,"Découvrez Heartleaf LHA Moisture Peeling Gel de ANUA chez The K-Skin Gallery. Korean skincare au Maroc, paiement à la livraison et livraison partout au Maroc.",,NEEDS_ASSET_INGESTION,"Sélection faciale issue du catalogue officiel actuel; produits cœur de gamme, jusqu’à ~30+ par marque selon pertinence.",KSG_CURATION_FROM_OFFICIAL_NAMES_AND_CLAIMS,False,NEEDS_OFFICIAL_PDP_ENRICHMENT,Les classifications Type de peau/Besoins/Étape/AM-PM sont une curation The K-Skin Gallery sauf mention vérifiée sur fiche produit individuelle.
research-anua-heartleaf-pore-cleansing-oil-mild,ANUA,Heartleaf Pore Cleansing Oil Mild,Heartleaf Pore Cleansing Oil Mild,anua-heartleaf-pore-cleansing-oil-mild,,,,Huiles & Baumes démaquillants,Démaquillant huile/baume,Grasse;Mixte;Sensible,Pores & excès de sébum;Rougeurs;Barrière cutanée,Heartleaf (Houttuynia cordata),Nettoyer,BOTH,,"Huiles & Baumes démaquillants ANUA classé par The K-Skin Gallery dans la sélection pores & excès de sébum, rougeurs.",Pores & excès de sébum;Rougeurs;Barrière cutanée,,,,ANUA official website,https://anua.com/collections/6-1-cleanser,COLLECTION,EN,2026-10-02,PARTIAL,USD,20,Prix de référence observé sur la boutique officielle; ne pas utiliser comme prix de vente MAD.,,,,,0,3,DRAFT,PUBLISHED_OUT_OF_STOCK_WHEN_PRICED,False,False,,Heartleaf Pore Cleansing Oil Mild | ANUA Maroc | The K-Skin Gallery,"Découvrez Heartleaf Pore Cleansing Oil Mild de ANUA chez The K-Skin Gallery. Korean skincare au Maroc, paiement à la livraison et livraison partout au Maroc.",,NEEDS_ASSET_INGESTION,"Sélection faciale issue du catalogue officiel actuel; produits cœur de gamme, jusqu’à ~30+ par marque selon pertinence.",KSG_CURATION_FROM_OFFICIAL_NAMES_AND_CLAIMS,False,NEEDS_OFFICIAL_PDP_ENRICHMENT,Les classifications Type de peau/Besoins/Étape/AM-PM sont une curation The K-Skin Gallery sauf mention vérifiée sur fiche produit individuelle.
research-anua-heartleaf-77-soothing-toner,ANUA,Heartleaf 77 Soothing Toner,Heartleaf 77 Soothing Toner,anua-heartleaf-77-soothing-toner,,,,Toners & Essences,Toner / Essence,Sensible,Rougeurs;Barrière cutanée,Heartleaf (Houttuynia cordata),Préparer,BOTH,,"Toners & Essences ANUA classé par The K-Skin Gallery dans la sélection rougeurs, barrière cutanée.",Rougeurs;Barrière cutanée,,,,ANUA official website,https://anua.com/collections/6-2-toner,COLLECTION,EN,2026-10-02,PARTIAL,USD,23,Prix de référence observé sur la boutique officielle; ne pas utiliser comme prix de vente MAD.,,,,,0,3,DRAFT,PUBLISHED_OUT_OF_STOCK_WHEN_PRICED,False,False,,Heartleaf 77 Soothing Toner | ANUA Maroc | The K-Skin Gallery,"Découvrez Heartleaf 77 Soothing Toner de ANUA chez The K-Skin Gallery. Korean skincare au Maroc, paiement à la livraison et livraison partout au Maroc.",,NEEDS_ASSET_INGESTION,"Sélection faciale issue du catalogue officiel actuel; produits cœur de gamme, jusqu’à ~30+ par marque selon pertinence.",KSG_CURATION_FROM_OFFICIAL_NAMES_AND_CLAIMS,False,NEEDS_OFFICIAL_PDP_ENRICHMENT,Les classifications Type de peau/Besoins/Étape/AM-PM sont une curation The K-Skin Gallery sauf mention vérifiée sur fiche produit individuelle.
research-anua-niacinamide-tranexamic-acid-brightening-booster-toner,ANUA,Niacinamide Tranexamic Acid Brightening Booster Toner,Niacinamide Tranexamic Acid Brightening Booster Toner,anua-niacinamide-tranexamic-acid-brightening-booster-toner,,,,Toners & Essences,Toner / Essence,,Taches & teint irrégulier;Éclat,Niacinamide;Acide tranexamique (TXA),Préparer,BOTH,,"Toners & Essences ANUA classé par The K-Skin Gallery dans la sélection taches & teint irrégulier, éclat.",Taches & teint irrégulier;Éclat,,,,ANUA official website,https://anua.com/collections/6-2-toner,COLLECTION,EN,2026-10-02,PARTIAL,USD,21,Prix de référence observé sur la boutique officielle; ne pas utiliser comme prix de vente MAD.,,,,,0,3,DRAFT,PUBLISHED_OUT_OF_STOCK_WHEN_PRICED,False,False,,Niacinamide Tranexamic Acid Brightening Booster Toner | ANUA Maroc | The K-Skin Gallery,"Découvrez Niacinamide Tranexamic Acid Brightening Booster Toner de ANUA chez The K-Skin Gallery. Korean skincare au Maroc, paiement à la livraison et livraison partout au Maroc.",,NEEDS_ASSET_INGESTION,"Sélection faciale issue du catalogue officiel actuel; produits cœur de gamme, jusqu’à ~30+ par marque selon pertinence.",KSG_CURATION_FROM_OFFICIAL_NAMES_AND_CLAIMS,False,NEEDS_OFFICIAL_PDP_ENRICHMENT,Les classifications Type de peau/Besoins/Étape/AM-PM sont une curation The K-Skin Gallery sauf mention vérifiée sur fiche produit individuelle.
research-anua-azelaic-3-cica-skin-clarifying-toner,ANUA,Azelaic 3 Cica Skin Clarifying Toner,Azelaic 3 Cica Skin Clarifying Toner,anua-azelaic-3-cica-skin-clarifying-toner,,,,Toners & Essences,Toner / Essence,Sensible,Pores & excès de sébum;Rougeurs;Barrière cutanée,Acide azélaïque;Centella asiatica,Préparer,BOTH,,"Toners & Essences ANUA classé par The K-Skin Gallery dans la sélection pores & excès de sébum, rougeurs.",Pores & excès de sébum;Rougeurs;Barrière cutanée,,,,ANUA official website,https://anua.com/collections/6-2-toner,COLLECTION,EN,2026-10-02,PARTIAL,USD,21,Prix de référence observé sur la boutique officielle; ne pas utiliser comme prix de vente MAD.,,,,,0,3,DRAFT,PUBLISHED_OUT_OF_STOCK_WHEN_PRICED,False,False,,Azelaic 3 Cica Skin Clarifying Toner | ANUA Maroc | The K-Skin Gallery,"Découvrez Azelaic 3 Cica Skin Clarifying Toner de ANUA chez The K-Skin Gallery. Korean skincare au Maroc, paiement à la livraison et livraison partout au Maroc.",,NEEDS_ASSET_INGESTION,"Sélection faciale issue du catalogue officiel actuel; produits cœur de gamme, jusqu’à ~30+ par marque selon pertinence.",KSG_CURATION_FROM_OFFICIAL_NAMES_AND_CLAIMS,False,NEEDS_OFFICIAL_PDP_ENRICHMENT,Les classifications Type de peau/Besoins/Étape/AM-PM sont une curation The K-Skin Gallery sauf mention vérifiée sur fiche produit individuelle.
research-anua-pdrn-100-hyaluronic-acid-booster-toner,ANUA,PDRN 100 Hyaluronic Acid Booster Toner,PDRN 100 Hyaluronic Acid Booster Toner,anua-pdrn-100-hyaluronic-acid-booster-toner,,,,Toners & Essences,Toner / Essence,Sèche;Normale,Hydratation,PDRN;Acide hyaluronique,Préparer,BOTH,,Toners & Essences ANUA classé par The K-Skin Gallery dans la sélection hydratation.,Hydratation,,,,ANUA official website,https://anua.com/collections/6-2-toner,COLLECTION,EN,2026-10-02,PARTIAL,USD,21,Prix de référence observé sur la boutique officielle; ne pas utiliser comme prix de vente MAD.,,,,,0,3,DRAFT,PUBLISHED_OUT_OF_STOCK_WHEN_PRICED,False,False,,PDRN 100 Hyaluronic Acid Booster Toner | ANUA Maroc | The K-Skin Gallery,"Découvrez PDRN 100 Hyaluronic Acid Booster Toner de ANUA chez The K-Skin Gallery. Korean skincare au Maroc, paiement à la livraison et livraison partout au Maroc.",,NEEDS_ASSET_INGESTION,"Sélection faciale issue du catalogue officiel actuel; produits cœur de gamme, jusqu’à ~30+ par marque selon pertinence.",KSG_CURATION_FROM_OFFICIAL_NAMES_AND_CLAIMS,False,NEEDS_OFFICIAL_PDP_ENRICHMENT,Les classifications Type de peau/Besoins/Étape/AM-PM sont une curation The K-Skin Gallery sauf mention vérifiée sur fiche produit individuelle.
research-anua-rice-70-glow-milky-toner,ANUA,Rice 70 Glow Milky Toner,Rice 70 Glow Milky Toner,anua-rice-70-glow-milky-toner,,,,Toners & Essences,Toner / Essence,,Éclat,Riz,Préparer,BOTH,,Toners & Essences ANUA classé par The K-Skin Gallery dans la sélection éclat.,Éclat,,,,ANUA official website,https://anua.com/collections/6-2-toner,COLLECTION,EN,2026-10-02,PARTIAL,USD,23,Prix de référence observé sur la boutique officielle; ne pas utiliser comme prix de vente MAD.,,,,,0,3,DRAFT,PUBLISHED_OUT_OF_STOCK_WHEN_PRICED,False,False,,Rice 70 Glow Milky Toner | ANUA Maroc | The K-Skin Gallery,"Découvrez Rice 70 Glow Milky Toner de ANUA chez The K-Skin Gallery. Korean skincare au Maroc, paiement à la livraison et livraison partout au Maroc.",,NEEDS_ASSET_INGESTION,"Sélection faciale issue du catalogue officiel actuel; produits cœur de gamme, jusqu’à ~30+ par marque selon pertinence.",KSG_CURATION_FROM_OFFICIAL_NAMES_AND_CLAIMS,False,NEEDS_OFFICIAL_PDP_ENRICHMENT,Les classifications Type de peau/Besoins/Étape/AM-PM sont une curation The K-Skin Gallery sauf mention vérifiée sur fiche produit individuelle.
research-anua-bha-2-gentle-exfoliating-toner,ANUA,BHA 2% Gentle Exfoliating Toner,BHA 2% Gentle Exfoliating Toner,anua-bha-2-gentle-exfoliating-toner,,,,Toners & Essences,Toner / Essence,,,BHA,Préparer,BOTH,,Toners & Essences ANUA référencé dans le catalogue The K-Skin Gallery.,,,,,ANUA official website,https://anua.com/collections/6-2-toner,COLLECTION,EN,2026-10-02,PARTIAL,USD,20,Prix de référence observé sur la boutique officielle; ne pas utiliser comme prix de vente MAD.,,,,,0,3,DRAFT,PUBLISHED_OUT_OF_STOCK_WHEN_PRICED,False,False,,BHA 2% Gentle Exfoliating Toner | ANUA Maroc | The K-Skin Gallery,"Découvrez BHA 2% Gentle Exfoliating Toner de ANUA chez The K-Skin Gallery. Korean skincare au Maroc, paiement à la livraison et livraison partout au Maroc.",,NEEDS_ASSET_INGESTION,"Sélection faciale issue du catalogue officiel actuel; produits cœur de gamme, jusqu’à ~30+ par marque selon pertinence.",KSG_CURATION_FROM_OFFICIAL_NAMES_AND_CLAIMS,False,NEEDS_OFFICIAL_PDP_ENRICHMENT,Les classifications Type de peau/Besoins/Étape/AM-PM sont une curation The K-Skin Gallery sauf mention vérifiée sur fiche produit individuelle.
research-anua-peach-77-niacin-essence-toner,ANUA,Peach 77 Niacin Essence Toner,Peach 77 Niacin Essence Toner,anua-peach-77-niacin-essence-toner,,,,Toners & Essences,Toner / Essence,,Éclat,Niacinamide;Pêche,Préparer,BOTH,,Toners & Essences ANUA classé par The K-Skin Gallery dans la sélection éclat.,Éclat,,,,ANUA official website,https://anua.com/collections/6-2-toner,COLLECTION,EN,2026-10-02,PARTIAL,USD,25,Prix de référence observé sur la boutique officielle; ne pas utiliser comme prix de vente MAD.,,,,,0,3,DRAFT,PUBLISHED_OUT_OF_STOCK_WHEN_PRICED,False,False,,Peach 77 Niacin Essence Toner | ANUA Maroc | The K-Skin Gallery,"Découvrez Peach 77 Niacin Essence Toner de ANUA chez The K-Skin Gallery. Korean skincare au Maroc, paiement à la livraison et livraison partout au Maroc.",,NEEDS_ASSET_INGESTION,"Sélection faciale issue du catalogue officiel actuel; produits cœur de gamme, jusqu’à ~30+ par marque selon pertinence.",KSG_CURATION_FROM_OFFICIAL_NAMES_AND_CLAIMS,False,NEEDS_OFFICIAL_PDP_ENRICHMENT,Les classifications Type de peau/Besoins/Étape/AM-PM sont une curation The K-Skin Gallery sauf mention vérifiée sur fiche produit individuelle.
research-anua-niacinamide-5-txa-brightening-pad,ANUA,Niacinamide 5 TXA Brightening Pad,Niacinamide 5 TXA Brightening Pad,anua-niacinamide-5-txa-brightening-pad,,,,Toners & Essences,Pads,,Taches & teint irrégulier;Éclat,Niacinamide;Acide tranexamique (TXA),Préparer,BOTH,,"Toners & Essences ANUA classé par The K-Skin Gallery dans la sélection taches & teint irrégulier, éclat.",Taches & teint irrégulier;Éclat,,,,ANUA official website,https://anua.com/collections/6-2-toner,COLLECTION,EN,2026-10-02,PARTIAL,USD,23,Prix de référence observé sur la boutique officielle; ne pas utiliser comme prix de vente MAD.,,,,,0,3,DRAFT,PUBLISHED_OUT_OF_STOCK_WHEN_PRICED,False,False,,Niacinamide 5 TXA Brightening Pad | ANUA Maroc | The K-Skin Gallery,"Découvrez Niacinamide 5 TXA Brightening Pad de ANUA chez The K-Skin Gallery. Korean skincare au Maroc, paiement à la livraison et livraison partout au Maroc.",,NEEDS_ASSET_INGESTION,"Sélection faciale issue du catalogue officiel actuel; produits cœur de gamme, jusqu’à ~30+ par marque selon pertinence.",KSG_CURATION_FROM_OFFICIAL_NAMES_AND_CLAIMS,False,NEEDS_OFFICIAL_PDP_ENRICHMENT,Les classifications Type de peau/Besoins/Étape/AM-PM sont une curation The K-Skin Gallery sauf mention vérifiée sur fiche produit individuelle.
research-anua-azelaic-10-hyaluron-redness-soothing-pad,ANUA,Azelaic 10 Hyaluron Redness Soothing Pad,Azelaic 10 Hyaluron Redness Soothing Pad,anua-azelaic-10-hyaluron-redness-soothing-pad,,,,Toners & Essences,Toner / Essence,Sensible,Rougeurs;Barrière cutanée,Acide hyaluronique;Acide azélaïque,Préparer,BOTH,,"Toners & Essences ANUA classé par The K-Skin Gallery dans la sélection rougeurs, barrière cutanée.",Rougeurs;Barrière cutanée,,,,ANUA official website,https://anua.com/collections/6-2-toner,COLLECTION,EN,2026-10-02,PARTIAL,USD,23,Prix de référence observé sur la boutique officielle; ne pas utiliser comme prix de vente MAD.,,,,,0,3,DRAFT,PUBLISHED_OUT_OF_STOCK_WHEN_PRICED,False,False,,Azelaic 10 Hyaluron Redness Soothing Pad | ANUA Maroc | The K-Skin Gallery,"Découvrez Azelaic 10 Hyaluron Redness Soothing Pad de ANUA chez The K-Skin Gallery. Korean skincare au Maroc, paiement à la livraison et livraison partout au Maroc.",,NEEDS_ASSET_INGESTION,"Sélection faciale issue du catalogue officiel actuel; produits cœur de gamme, jusqu’à ~30+ par marque selon pertinence.",KSG_CURATION_FROM_OFFICIAL_NAMES_AND_CLAIMS,False,NEEDS_OFFICIAL_PDP_ENRICHMENT,Les classifications Type de peau/Besoins/Étape/AM-PM sont une curation The K-Skin Gallery sauf mention vérifiée sur fiche produit individuelle.
research-anua-pdrn-100-hyaluronic-acid-glow-pad,ANUA,PDRN 100 Hyaluronic Acid Glow Pad,PDRN 100 Hyaluronic Acid Glow Pad,anua-pdrn-100-hyaluronic-acid-glow-pad,,,,Toners & Essences,Toner / Essence,Sèche;Normale,Éclat;Hydratation,PDRN;Acide hyaluronique,Préparer,BOTH,,"Toners & Essences ANUA classé par The K-Skin Gallery dans la sélection éclat, hydratation.",Éclat;Hydratation,,,,ANUA official website,https://anua.com/collections/6-2-toner,COLLECTION,EN,2026-10-02,PARTIAL,USD,23,Prix de référence observé sur la boutique officielle; ne pas utiliser comme prix de vente MAD.,,,,,0,3,DRAFT,PUBLISHED_OUT_OF_STOCK_WHEN_PRICED,False,False,,PDRN 100 Hyaluronic Acid Glow Pad | ANUA Maroc | The K-Skin Gallery,"Découvrez PDRN 100 Hyaluronic Acid Glow Pad de ANUA chez The K-Skin Gallery. Korean skincare au Maroc, paiement à la livraison et livraison partout au Maroc.",,NEEDS_ASSET_INGESTION,"Sélection faciale issue du catalogue officiel actuel; produits cœur de gamme, jusqu’à ~30+ par marque selon pertinence.",KSG_CURATION_FROM_OFFICIAL_NAMES_AND_CLAIMS,False,NEEDS_OFFICIAL_PDP_ENRICHMENT,Les classifications Type de peau/Besoins/Étape/AM-PM sont une curation The K-Skin Gallery sauf mention vérifiée sur fiche produit individuelle.
research-anua-heartleaf-77-clear-pad,ANUA,Heartleaf 77 Clear Pad,Heartleaf 77 Clear Pad,anua-heartleaf-77-clear-pad,,,,Toners & Essences,Toner / Essence,Sensible,Rougeurs;Barrière cutanée,Heartleaf (Houttuynia cordata),Préparer,BOTH,,"Toners & Essences ANUA classé par The K-Skin Gallery dans la sélection rougeurs, barrière cutanée.",Rougeurs;Barrière cutanée,,,,ANUA official website,https://anua.com/collections/6-2-toner,COLLECTION,EN,2026-10-02,PARTIAL,USD,23,Prix de référence observé sur la boutique officielle; ne pas utiliser comme prix de vente MAD.,,,,,0,3,DRAFT,PUBLISHED_OUT_OF_STOCK_WHEN_PRICED,False,False,,Heartleaf 77 Clear Pad | ANUA Maroc | The K-Skin Gallery,"Découvrez Heartleaf 77 Clear Pad de ANUA chez The K-Skin Gallery. Korean skincare au Maroc, paiement à la livraison et livraison partout au Maroc.",,NEEDS_ASSET_INGESTION,"Sélection faciale issue du catalogue officiel actuel; produits cœur de gamme, jusqu’à ~30+ par marque selon pertinence.",KSG_CURATION_FROM_OFFICIAL_NAMES_AND_CLAIMS,False,NEEDS_OFFICIAL_PDP_ENRICHMENT,Les classifications Type de peau/Besoins/Étape/AM-PM sont une curation The K-Skin Gallery sauf mention vérifiée sur fiche produit individuelle.
research-anua-pdrn-collagen-glow-facial-serum-spray,ANUA,PDRN Collagen Glow Facial Serum Spray,PDRN Collagen Glow Facial Serum Spray,anua-pdrn-collagen-glow-facial-serum-spray,,,,Sérums & Ampoules,Sérum / Ampoule,Normale;Sèche;Mixte,Éclat;Premiers signes de l'âge,PDRN;Collagène,Traiter,BOTH,,"Sérums & Ampoules ANUA classé par The K-Skin Gallery dans la sélection éclat, premiers signes de l'âge.",Éclat;Premiers signes de l'âge,,,,ANUA official website,https://anua.com/collections/6-3-serum,COLLECTION,EN,2026-10-02,PARTIAL,USD,29,Prix de référence observé sur la boutique officielle; ne pas utiliser comme prix de vente MAD.,,,,,0,3,DRAFT,PUBLISHED_OUT_OF_STOCK_WHEN_PRICED,False,False,,PDRN Collagen Glow Facial Serum Spray | ANUA Maroc | The K-Skin Gallery,"Découvrez PDRN Collagen Glow Facial Serum Spray de ANUA chez The K-Skin Gallery. Korean skincare au Maroc, paiement à la livraison et livraison partout au Maroc.",,NEEDS_ASSET_INGESTION,"Sélection faciale issue du catalogue officiel actuel; produits cœur de gamme, jusqu’à ~30+ par marque selon pertinence.",KSG_CURATION_FROM_OFFICIAL_NAMES_AND_CLAIMS,False,NEEDS_OFFICIAL_PDP_ENRICHMENT,Les classifications Type de peau/Besoins/Étape/AM-PM sont une curation The K-Skin Gallery sauf mention vérifiée sur fiche produit individuelle.
research-anua-azelaic-acid-10-hyaluron-redness-soothing-serum,ANUA,Azelaic Acid 10 Hyaluron Redness Soothing Serum,Azelaic Acid 10 Hyaluron Redness Soothing Serum,anua-azelaic-acid-10-hyaluron-redness-soothing-serum,,,,Sérums & Ampoules,Sérum / Ampoule,Sensible,Rougeurs;Barrière cutanée,Acide hyaluronique;Acide azélaïque,Traiter,BOTH,,"Sérums & Ampoules ANUA classé par The K-Skin Gallery dans la sélection rougeurs, barrière cutanée.",Rougeurs;Barrière cutanée,,,,ANUA official website,https://anua.com/collections/6-3-serum,COLLECTION,EN,2026-10-02,PARTIAL,USD,24,Prix de référence observé sur la boutique officielle; ne pas utiliser comme prix de vente MAD.,,,,,0,3,DRAFT,PUBLISHED_OUT_OF_STOCK_WHEN_PRICED,False,False,,Azelaic Acid 10 Hyaluron Redness Soothing Serum | ANUA Maroc | The K-Skin Gallery,"Découvrez Azelaic Acid 10 Hyaluron Redness Soothing Serum de ANUA chez The K-Skin Gallery. Korean skincare au Maroc, paiement à la livraison et livraison partout au Maroc.",,NEEDS_ASSET_INGESTION,"Sélection faciale issue du catalogue officiel actuel; produits cœur de gamme, jusqu’à ~30+ par marque selon pertinence.",KSG_CURATION_FROM_OFFICIAL_NAMES_AND_CLAIMS,False,NEEDS_OFFICIAL_PDP_ENRICHMENT,Les classifications Type de peau/Besoins/Étape/AM-PM sont une curation The K-Skin Gallery sauf mention vérifiée sur fiche produit individuelle.
research-anua-niacinamide-10-txa-4-serum-for-brightening-and-dark-spots,ANUA,Niacinamide 10 TXA 4 Serum for Brightening and Dark Spots,Niacinamide 10 TXA 4 Serum for Brightening and Dark Spots,anua-niacinamide-10-txa-4-serum-for-brightening-and-dark-spots,,,,Sérums & Ampoules,Sérum / Ampoule,,Taches & teint irrégulier;Éclat,Niacinamide;Acide tranexamique (TXA),Traiter,BOTH,,"Sérums & Ampoules ANUA classé par The K-Skin Gallery dans la sélection taches & teint irrégulier, éclat.",Taches & teint irrégulier;Éclat,,,,ANUA official website,https://anua.com/collections/6-3-serum,COLLECTION,EN,2026-10-02,PARTIAL,USD,24,Prix de référence observé sur la boutique officielle; ne pas utiliser comme prix de vente MAD.,,,,,0,3,DRAFT,PUBLISHED_OUT_OF_STOCK_WHEN_PRICED,False,False,,Niacinamide 10 TXA 4 Serum for Brightening and Dark Spots | ANUA Maroc | The K-Skin Gallery,"Découvrez Niacinamide 10 TXA 4 Serum for Brightening and Dark Spots de ANUA chez The K-Skin Gallery. Korean skincare au Maroc, paiement à la livraison et livraison partout au Maroc.",,NEEDS_ASSET_INGESTION,"Sélection faciale issue du catalogue officiel actuel; produits cœur de gamme, jusqu’à ~30+ par marque selon pertinence.",KSG_CURATION_FROM_OFFICIAL_NAMES_AND_CLAIMS,False,NEEDS_OFFICIAL_PDP_ENRICHMENT,Les classifications Type de peau/Besoins/Étape/AM-PM sont une curation The K-Skin Gallery sauf mention vérifiée sur fiche produit individuelle.
research-anua-pdrn-hyaluronic-acid-capsule-100-serum,ANUA,PDRN Hyaluronic Acid Capsule 100 Serum,PDRN Hyaluronic Acid Capsule 100 Serum,anua-pdrn-hyaluronic-acid-capsule-100-serum,,,,Sérums & Ampoules,Sérum / Ampoule,Sèche;Normale,Hydratation,PDRN;Acide hyaluronique,Traiter,BOTH,,Sérums & Ampoules ANUA classé par The K-Skin Gallery dans la sélection hydratation.,Hydratation,,,,ANUA official website,https://anua.com/collections/6-3-serum,COLLECTION,EN,2026-10-02,PARTIAL,USD,30,Prix de référence observé sur la boutique officielle; ne pas utiliser comme prix de vente MAD.,,,,,0,3,DRAFT,PUBLISHED_OUT_OF_STOCK_WHEN_PRICED,False,False,,PDRN Hyaluronic Acid Capsule 100 Serum | ANUA Maroc | The K-Skin Gallery,"Découvrez PDRN Hyaluronic Acid Capsule 100 Serum de ANUA chez The K-Skin Gallery. Korean skincare au Maroc, paiement à la livraison et livraison partout au Maroc.",,NEEDS_ASSET_INGESTION,"Sélection faciale issue du catalogue officiel actuel; produits cœur de gamme, jusqu’à ~30+ par marque selon pertinence.",KSG_CURATION_FROM_OFFICIAL_NAMES_AND_CLAIMS,False,NEEDS_OFFICIAL_PDP_ENRICHMENT,Les classifications Type de peau/Besoins/Étape/AM-PM sont une curation The K-Skin Gallery sauf mention vérifiée sur fiche produit individuelle.
research-anua-nano-retinol-0-3-niacin-renewing-serum,ANUA,Nano Retinol 0.3% + Niacin Renewing Serum,Nano Retinol 0.3% + Niacin Renewing Serum,anua-nano-retinol-0-3-niacin-renewing-serum,,,,Sérums & Ampoules,Sérum / Ampoule,Normale;Sèche;Mixte,Premiers signes de l'âge,Niacinamide;Rétinol,Traiter,PM,,Sérums & Ampoules ANUA classé par The K-Skin Gallery dans la sélection premiers signes de l'âge.,Premiers signes de l'âge,,,,ANUA official website,https://anua.com/collections/6-3-serum,COLLECTION,EN,2026-10-02,PARTIAL,USD,25,Prix de référence observé sur la boutique officielle; ne pas utiliser comme prix de vente MAD.,,,,,0,3,DRAFT,PUBLISHED_OUT_OF_STOCK_WHEN_PRICED,False,False,,Nano Retinol 0.3% + Niacin Renewing Serum | ANUA Maroc | The K-Skin Gallery,"Découvrez Nano Retinol 0.3% + Niacin Renewing Serum de ANUA chez The K-Skin Gallery. Korean skincare au Maroc, paiement à la livraison et livraison partout au Maroc.",,NEEDS_ASSET_INGESTION,"Sélection faciale issue du catalogue officiel actuel; produits cœur de gamme, jusqu’à ~30+ par marque selon pertinence.",KSG_CURATION_FROM_OFFICIAL_NAMES_AND_CLAIMS,False,NEEDS_OFFICIAL_PDP_ENRICHMENT,Les classifications Type de peau/Besoins/Étape/AM-PM sont une curation The K-Skin Gallery sauf mention vérifiée sur fiche produit individuelle.
research-anua-rice-ceramide-7-hydrating-barrier-serum,ANUA,Rice Ceramide 7 Hydrating Barrier Serum,Rice Ceramide 7 Hydrating Barrier Serum,anua-rice-ceramide-7-hydrating-barrier-serum,,,,Sérums & Ampoules,Sérum / Ampoule,Sèche;Normale,Éclat;Hydratation;Barrière cutanée,Céramides;Riz,Traiter,BOTH,,"Sérums & Ampoules ANUA classé par The K-Skin Gallery dans la sélection éclat, hydratation.",Éclat;Hydratation;Barrière cutanée,,,,ANUA official website,https://anua.com/collections/6-3-serum,COLLECTION,EN,2026-10-02,PARTIAL,USD,23,Prix de référence observé sur la boutique officielle; ne pas utiliser comme prix de vente MAD.,,,,,0,3,DRAFT,PUBLISHED_OUT_OF_STOCK_WHEN_PRICED,False,False,,Rice Ceramide 7 Hydrating Barrier Serum | ANUA Maroc | The K-Skin Gallery,"Découvrez Rice Ceramide 7 Hydrating Barrier Serum de ANUA chez The K-Skin Gallery. Korean skincare au Maroc, paiement à la livraison et livraison partout au Maroc.",,NEEDS_ASSET_INGESTION,"Sélection faciale issue du catalogue officiel actuel; produits cœur de gamme, jusqu’à ~30+ par marque selon pertinence.",KSG_CURATION_FROM_OFFICIAL_NAMES_AND_CLAIMS,False,NEEDS_OFFICIAL_PDP_ENRICHMENT,Les classifications Type de peau/Besoins/Étape/AM-PM sont une curation The K-Skin Gallery sauf mention vérifiée sur fiche produit individuelle.
research-anua-peach-70-niacinamide-serum,ANUA,Peach 70% Niacinamide Serum,Peach 70% Niacinamide Serum,anua-peach-70-niacinamide-serum,,,,Sérums & Ampoules,Sérum / Ampoule,,Éclat,Niacinamide;Pêche,Traiter,BOTH,,Sérums & Ampoules ANUA classé par The K-Skin Gallery dans la sélection éclat.,Éclat,,,,ANUA official website,https://anua.com/collections/6-3-serum,COLLECTION,EN,2026-10-02,PARTIAL,USD,22,Prix de référence observé sur la boutique officielle; ne pas utiliser comme prix de vente MAD.,,,,,0,3,DRAFT,PUBLISHED_OUT_OF_STOCK_WHEN_PRICED,False,False,,Peach 70% Niacinamide Serum | ANUA Maroc | The K-Skin Gallery,"Découvrez Peach 70% Niacinamide Serum de ANUA chez The K-Skin Gallery. Korean skincare au Maroc, paiement à la livraison et livraison partout au Maroc.",,NEEDS_ASSET_INGESTION,"Sélection faciale issue du catalogue officiel actuel; produits cœur de gamme, jusqu’à ~30+ par marque selon pertinence.",KSG_CURATION_FROM_OFFICIAL_NAMES_AND_CLAIMS,False,NEEDS_OFFICIAL_PDP_ENRICHMENT,Les classifications Type de peau/Besoins/Étape/AM-PM sont une curation The K-Skin Gallery sauf mention vérifiée sur fiche produit individuelle.
research-anua-heartleaf-80-moisture-soothing-ampoule,ANUA,Heartleaf 80% Moisture Soothing Ampoule,Heartleaf 80% Moisture Soothing Ampoule,anua-heartleaf-80-moisture-soothing-ampoule,,,,Sérums & Ampoules,Sérum / Ampoule,Sèche;Normale;Sensible,Hydratation;Rougeurs;Barrière cutanée,Heartleaf (Houttuynia cordata),Traiter,BOTH,,"Sérums & Ampoules ANUA classé par The K-Skin Gallery dans la sélection hydratation, rougeurs.",Hydratation;Rougeurs;Barrière cutanée,,,,ANUA official website,https://anua.com/collections/6-3-serum,COLLECTION,EN,2026-10-02,PARTIAL,USD,22,Prix de référence observé sur la boutique officielle; ne pas utiliser comme prix de vente MAD.,,,,,0,3,DRAFT,PUBLISHED_OUT_OF_STOCK_WHEN_PRICED,False,False,,Heartleaf 80% Moisture Soothing Ampoule | ANUA Maroc | The K-Skin Gallery,"Découvrez Heartleaf 80% Moisture Soothing Ampoule de ANUA chez The K-Skin Gallery. Korean skincare au Maroc, paiement à la livraison et livraison partout au Maroc.",,NEEDS_ASSET_INGESTION,"Sélection faciale issue du catalogue officiel actuel; produits cœur de gamme, jusqu’à ~30+ par marque selon pertinence.",KSG_CURATION_FROM_OFFICIAL_NAMES_AND_CLAIMS,False,NEEDS_OFFICIAL_PDP_ENRICHMENT,Les classifications Type de peau/Besoins/Étape/AM-PM sont une curation The K-Skin Gallery sauf mention vérifiée sur fiche produit individuelle.
research-anua-pdrn-hyaluronic-acid-100-moisturizing-cream,ANUA,PDRN Hyaluronic Acid 100 Moisturizing Cream,PDRN Hyaluronic Acid 100 Moisturizing Cream,anua-pdrn-hyaluronic-acid-100-moisturizing-cream,,,,Crèmes hydratantes,Crème / Hydratant,Sèche;Normale,Hydratation,PDRN;Acide hyaluronique,Hydrater,BOTH,,Crèmes hydratantes ANUA classé par The K-Skin Gallery dans la sélection hydratation.,Hydratation,,,,ANUA official website,https://anua.com/collections/6-4-moisturizer,COLLECTION,EN,2026-10-02,PARTIAL,USD,31,Prix de référence observé sur la boutique officielle; ne pas utiliser comme prix de vente MAD.,,,,,0,3,DRAFT,PUBLISHED_OUT_OF_STOCK_WHEN_PRICED,False,False,,PDRN Hyaluronic Acid 100 Moisturizing Cream | ANUA Maroc | The K-Skin Gallery,"Découvrez PDRN Hyaluronic Acid 100 Moisturizing Cream de ANUA chez The K-Skin Gallery. Korean skincare au Maroc, paiement à la livraison et livraison partout au Maroc.",,NEEDS_ASSET_INGESTION,"Sélection faciale issue du catalogue officiel actuel; produits cœur de gamme, jusqu’à ~30+ par marque selon pertinence.",KSG_CURATION_FROM_OFFICIAL_NAMES_AND_CLAIMS,False,NEEDS_OFFICIAL_PDP_ENRICHMENT,Les classifications Type de peau/Besoins/Étape/AM-PM sont une curation The K-Skin Gallery sauf mention vérifiée sur fiche produit individuelle.
research-anua-heartleaf-70-daily-lotion,ANUA,Heartleaf 70 Daily Lotion,Heartleaf 70 Daily Lotion,anua-heartleaf-70-daily-lotion,,,,Crèmes hydratantes,Crème / Hydratant,Sensible,Rougeurs;Barrière cutanée,Heartleaf (Houttuynia cordata),Hydrater,BOTH,,"Crèmes hydratantes ANUA classé par The K-Skin Gallery dans la sélection rougeurs, barrière cutanée.",Rougeurs;Barrière cutanée,,,,ANUA official website,https://anua.com/collections/6-4-moisturizer,COLLECTION,EN,2026-10-02,PARTIAL,USD,26,Prix de référence observé sur la boutique officielle; ne pas utiliser comme prix de vente MAD.,,,,,0,3,DRAFT,PUBLISHED_OUT_OF_STOCK_WHEN_PRICED,False,False,,Heartleaf 70 Daily Lotion | ANUA Maroc | The K-Skin Gallery,"Découvrez Heartleaf 70 Daily Lotion de ANUA chez The K-Skin Gallery. Korean skincare au Maroc, paiement à la livraison et livraison partout au Maroc.",,NEEDS_ASSET_INGESTION,"Sélection faciale issue du catalogue officiel actuel; produits cœur de gamme, jusqu’à ~30+ par marque selon pertinence.",KSG_CURATION_FROM_OFFICIAL_NAMES_AND_CLAIMS,False,NEEDS_OFFICIAL_PDP_ENRICHMENT,Les classifications Type de peau/Besoins/Étape/AM-PM sont une curation The K-Skin Gallery sauf mention vérifiée sur fiche produit individuelle.
research-anua-heartleaf-70-intense-calming-cream,ANUA,Heartleaf 70% Intense Calming Cream,Heartleaf 70% Intense Calming Cream,anua-heartleaf-70-intense-calming-cream,,,,Crèmes hydratantes,Crème / Hydratant,Sensible,Rougeurs;Barrière cutanée,Heartleaf (Houttuynia cordata),Hydrater,BOTH,,"Crèmes hydratantes ANUA classé par The K-Skin Gallery dans la sélection rougeurs, barrière cutanée.",Rougeurs;Barrière cutanée,,,,ANUA official website,https://anua.com/collections/6-4-moisturizer,COLLECTION,EN,2026-10-02,PARTIAL,USD,26,Prix de référence observé sur la boutique officielle; ne pas utiliser comme prix de vente MAD.,,,,,0,3,DRAFT,PUBLISHED_OUT_OF_STOCK_WHEN_PRICED,False,False,,Heartleaf 70% Intense Calming Cream | ANUA Maroc | The K-Skin Gallery,"Découvrez Heartleaf 70% Intense Calming Cream de ANUA chez The K-Skin Gallery. Korean skincare au Maroc, paiement à la livraison et livraison partout au Maroc.",,NEEDS_ASSET_INGESTION,"Sélection faciale issue du catalogue officiel actuel; produits cœur de gamme, jusqu’à ~30+ par marque selon pertinence.",KSG_CURATION_FROM_OFFICIAL_NAMES_AND_CLAIMS,False,NEEDS_OFFICIAL_PDP_ENRICHMENT,Les classifications Type de peau/Besoins/Étape/AM-PM sont une curation The K-Skin Gallery sauf mention vérifiée sur fiche produit individuelle.
research-anua-3-ceramide-panthenol-moisture-barrier-cream,ANUA,3 Ceramide Panthenol Moisture Barrier Cream,3 Ceramide Panthenol Moisture Barrier Cream,anua-3-ceramide-panthenol-moisture-barrier-cream,,,,Crèmes hydratantes,Crème / Hydratant,Sèche;Normale,Hydratation;Barrière cutanée,Céramides;Panthénol,Hydrater,BOTH,,"Crèmes hydratantes ANUA classé par The K-Skin Gallery dans la sélection hydratation, barrière cutanée.",Hydratation;Barrière cutanée,,,,ANUA official website,https://anua.com/collections/6-4-moisturizer,COLLECTION,EN,2026-10-02,PARTIAL,USD,22,Prix de référence observé sur la boutique officielle; ne pas utiliser comme prix de vente MAD.,,,,,0,3,DRAFT,PUBLISHED_OUT_OF_STOCK_WHEN_PRICED,False,False,,3 Ceramide Panthenol Moisture Barrier Cream | ANUA Maroc | The K-Skin Gallery,"Découvrez 3 Ceramide Panthenol Moisture Barrier Cream de ANUA chez The K-Skin Gallery. Korean skincare au Maroc, paiement à la livraison et livraison partout au Maroc.",,NEEDS_ASSET_INGESTION,"Sélection faciale issue du catalogue officiel actuel; produits cœur de gamme, jusqu’à ~30+ par marque selon pertinence.",KSG_CURATION_FROM_OFFICIAL_NAMES_AND_CLAIMS,False,NEEDS_OFFICIAL_PDP_ENRICHMENT,Les classifications Type de peau/Besoins/Étape/AM-PM sont une curation The K-Skin Gallery sauf mention vérifiée sur fiche produit individuelle.
research-anua-zero-cast-moisturizing-finish-sunscreen,ANUA,Zero-cast Moisturizing Finish Sunscreen,Zero-cast Moisturizing Finish Sunscreen,anua-zero-cast-moisturizing-finish-sunscreen,,,,Protection solaire,Protection solaire,Normale;Sèche;Grasse;Mixte;Sensible,Hydratation,,Protéger,AM,,Protection solaire ANUA classé par The K-Skin Gallery dans la sélection hydratation.,Hydratation,,,,ANUA official website,https://anua.com/collections/6-6-sunscreen,COLLECTION,EN,2026-10-02,PARTIAL,USD,18,Prix de référence observé sur la boutique officielle; ne pas utiliser comme prix de vente MAD.,,,,,0,3,DRAFT,PUBLISHED_OUT_OF_STOCK_WHEN_PRICED,False,False,,Zero-cast Moisturizing Finish Sunscreen | ANUA Maroc | The K-Skin Gallery,"Découvrez Zero-cast Moisturizing Finish Sunscreen de ANUA chez The K-Skin Gallery. Korean skincare au Maroc, paiement à la livraison et livraison partout au Maroc.",,NEEDS_ASSET_INGESTION,"Sélection faciale issue du catalogue officiel actuel; produits cœur de gamme, jusqu’à ~30+ par marque selon pertinence.",KSG_CURATION_FROM_OFFICIAL_NAMES_AND_CLAIMS,False,NEEDS_OFFICIAL_PDP_ENRICHMENT,Les classifications Type de peau/Besoins/Étape/AM-PM sont une curation The K-Skin Gallery sauf mention vérifiée sur fiche produit individuelle.
research-anua-invisible-glow-finish-sunstick,ANUA,Invisible Glow Finish Sunstick,Invisible Glow Finish Sunstick,anua-invisible-glow-finish-sunstick,,,,Protection solaire,Protection solaire,Normale;Sèche;Grasse;Mixte;Sensible,Éclat,,Protéger,AM,,Protection solaire ANUA classé par The K-Skin Gallery dans la sélection éclat.,Éclat,,,,ANUA official website,https://anua.com/collections/6-6-sunscreen,COLLECTION,EN,2026-10-02,PARTIAL,USD,18,Prix de référence observé sur la boutique officielle; ne pas utiliser comme prix de vente MAD.,,,,,0,3,DRAFT,PUBLISHED_OUT_OF_STOCK_WHEN_PRICED,False,False,,Invisible Glow Finish Sunstick | ANUA Maroc | The K-Skin Gallery,"Découvrez Invisible Glow Finish Sunstick de ANUA chez The K-Skin Gallery. Korean skincare au Maroc, paiement à la livraison et livraison partout au Maroc.",,NEEDS_ASSET_INGESTION,"Sélection faciale issue du catalogue officiel actuel; produits cœur de gamme, jusqu’à ~30+ par marque selon pertinence.",KSG_CURATION_FROM_OFFICIAL_NAMES_AND_CLAIMS,False,NEEDS_OFFICIAL_PDP_ENRICHMENT,Les classifications Type de peau/Besoins/Étape/AM-PM sont une curation The K-Skin Gallery sauf mention vérifiée sur fiche produit individuelle.
research-anua-invisible-matte-finish-sunscreen,ANUA,Invisible Matte Finish Sunscreen,Invisible Matte Finish Sunscreen,anua-invisible-matte-finish-sunscreen,,,,Protection solaire,Protection solaire,Normale;Sèche;Grasse;Mixte;Sensible,,,Protéger,AM,,Protection solaire ANUA référencé dans le catalogue The K-Skin Gallery.,,,,,ANUA official website,https://anua.com/collections/6-6-sunscreen,COLLECTION,EN,2026-10-02,PARTIAL,USD,22,Prix de référence observé sur la boutique officielle; ne pas utiliser comme prix de vente MAD.,,,,,0,3,DRAFT,PUBLISHED_OUT_OF_STOCK_WHEN_PRICED,False,False,,Invisible Matte Finish Sunscreen | ANUA Maroc | The K-Skin Gallery,"Découvrez Invisible Matte Finish Sunscreen de ANUA chez The K-Skin Gallery. Korean skincare au Maroc, paiement à la livraison et livraison partout au Maroc.",,NEEDS_ASSET_INGESTION,"Sélection faciale issue du catalogue officiel actuel; produits cœur de gamme, jusqu’à ~30+ par marque selon pertinence.",KSG_CURATION_FROM_OFFICIAL_NAMES_AND_CLAIMS,False,NEEDS_OFFICIAL_PDP_ENRICHMENT,Les classifications Type de peau/Besoins/Étape/AM-PM sont une curation The K-Skin Gallery sauf mention vérifiée sur fiche produit individuelle.
research-anua-mineral-weightless-finish-sunscreen,ANUA,Mineral Weightless Finish Sunscreen,Mineral Weightless Finish Sunscreen,anua-mineral-weightless-finish-sunscreen,,,,Protection solaire,Protection solaire,Normale;Sèche;Grasse;Mixte;Sensible,,,Protéger,AM,,Protection solaire ANUA référencé dans le catalogue The K-Skin Gallery.,,,,,ANUA official website,https://anua.com/collections/6-6-sunscreen,COLLECTION,EN,2026-10-02,PARTIAL,USD,18,Prix de référence observé sur la boutique officielle; ne pas utiliser comme prix de vente MAD.,,,,,0,3,DRAFT,PUBLISHED_OUT_OF_STOCK_WHEN_PRICED,False,False,,Mineral Weightless Finish Sunscreen | ANUA Maroc | The K-Skin Gallery,"Découvrez Mineral Weightless Finish Sunscreen de ANUA chez The K-Skin Gallery. Korean skincare au Maroc, paiement à la livraison et livraison partout au Maroc.",,NEEDS_ASSET_INGESTION,"Sélection faciale issue du catalogue officiel actuel; produits cœur de gamme, jusqu’à ~30+ par marque selon pertinence.",KSG_CURATION_FROM_OFFICIAL_NAMES_AND_CLAIMS,False,NEEDS_OFFICIAL_PDP_ENRICHMENT,Les classifications Type de peau/Besoins/Étape/AM-PM sont une curation The K-Skin Gallery sauf mention vérifiée sur fiche produit individuelle.
research-cosrx-the-6-peptide-skin-booster-serum,COSRX,The 6 Peptide Skin Booster Serum,The 6 Peptide Skin Booster Serum,cosrx-the-6-peptide-skin-booster-serum,,,,Sérums & Ampoules,Sérum / Ampoule,Normale;Sèche;Mixte,Premiers signes de l'âge,Peptides,Traiter,BOTH,Boost Up with 6 Peptides,Sérums & Ampoules COSRX sélectionné par The K-Skin Gallery pour une routine axée sur premiers signes de l'âge.,Premiers signes de l'âge,,,,COSRX official website,https://www.cosrx.com/collections/best,COLLECTION,EN,2026-10-02,PARTIAL,USD,25,Prix de référence observé sur la boutique officielle; ne pas utiliser comme prix de vente MAD.,,,,,0,3,DRAFT,PUBLISHED_OUT_OF_STOCK_WHEN_PRICED,False,False,,The 6 Peptide Skin Booster Serum | COSRX Maroc | The K-Skin Gallery,"Découvrez The 6 Peptide Skin Booster Serum de COSRX chez The K-Skin Gallery. Korean skincare au Maroc, paiement à la livraison et livraison partout au Maroc.",,NEEDS_ASSET_INGESTION,"Sélection faciale issue du catalogue officiel actuel; produits cœur de gamme, jusqu’à ~30+ par marque selon pertinence.",KSG_CURATION_FROM_OFFICIAL_NAMES_AND_CLAIMS,False,NEEDS_OFFICIAL_PDP_ENRICHMENT,Les classifications Type de peau/Besoins/Étape/AM-PM sont une curation The K-Skin Gallery sauf mention vérifiée sur fiche produit individuelle.
research-cosrx-the-ceramide-skin-barrier-moisturizer,COSRX,The Ceramide Skin Barrier Moisturizer,The Ceramide Skin Barrier Moisturizer,cosrx-the-ceramide-skin-barrier-moisturizer,,,,Crèmes hydratantes,Crème / Hydratant,Sèche;Normale;Mixte,Barrière cutanée;Premiers signes de l'âge,Céramides;Collagène,Hydrater,BOTH,"Ceramides, Collagen & Fatty Acids","Crèmes hydratantes COSRX sélectionné par The K-Skin Gallery pour une routine axée sur barrière cutanée, premiers signes de l'âge.",Barrière cutanée;Premiers signes de l'âge,,,,COSRX official website,https://www.cosrx.com/collections/best,COLLECTION,EN,2026-10-02,PARTIAL,USD,23,Prix de référence observé sur la boutique officielle; ne pas utiliser comme prix de vente MAD.,,,,,0,3,DRAFT,PUBLISHED_OUT_OF_STOCK_WHEN_PRICED,False,False,,The Ceramide Skin Barrier Moisturizer | COSRX Maroc | The K-Skin Gallery,"Découvrez The Ceramide Skin Barrier Moisturizer de COSRX chez The K-Skin Gallery. Korean skincare au Maroc, paiement à la livraison et livraison partout au Maroc.",,NEEDS_ASSET_INGESTION,"Sélection faciale issue du catalogue officiel actuel; produits cœur de gamme, jusqu’à ~30+ par marque selon pertinence.",KSG_CURATION_FROM_OFFICIAL_NAMES_AND_CLAIMS,False,NEEDS_OFFICIAL_PDP_ENRICHMENT,Les classifications Type de peau/Besoins/Étape/AM-PM sont une curation The K-Skin Gallery sauf mention vérifiée sur fiche produit individuelle.
research-cosrx-the-peptide-collagen-hydrogel-eye-patch,COSRX,The Peptide Collagen Hydrogel Eye Patch,The Peptide Collagen Hydrogel Eye Patch,cosrx-the-peptide-collagen-hydrogel-eye-patch,,,,Contour des yeux,Contour des yeux,Normale;Sèche;Mixte,Premiers signes de l'âge,Collagène;Peptides,Traiter,BOTH,10mins Eyepuffiness Care,Contour des yeux COSRX sélectionné par The K-Skin Gallery pour une routine axée sur premiers signes de l'âge.,Premiers signes de l'âge,,,,COSRX official website,https://www.cosrx.com/collections/best,COLLECTION,EN,2026-10-02,PARTIAL,USD,23,Prix de référence observé sur la boutique officielle; ne pas utiliser comme prix de vente MAD.,,,,,0,3,DRAFT,PUBLISHED_OUT_OF_STOCK_WHEN_PRICED,False,False,,The Peptide Collagen Hydrogel Eye Patch | COSRX Maroc | The K-Skin Gallery,"Découvrez The Peptide Collagen Hydrogel Eye Patch de COSRX chez The K-Skin Gallery. Korean skincare au Maroc, paiement à la livraison et livraison partout au Maroc.",,NEEDS_ASSET_INGESTION,"Sélection faciale issue du catalogue officiel actuel; produits cœur de gamme, jusqu’à ~30+ par marque selon pertinence.",KSG_CURATION_FROM_OFFICIAL_NAMES_AND_CLAIMS,False,NEEDS_OFFICIAL_PDP_ENRICHMENT,Les classifications Type de peau/Besoins/Étape/AM-PM sont une curation The K-Skin Gallery sauf mention vérifiée sur fiche produit individuelle.
research-cosrx-vitamin-e-vitalizing-sunscreen-spf-50,COSRX,Vitamin E Vitalizing Sunscreen SPF 50+,Vitamin E Vitalizing Sunscreen SPF 50+,cosrx-vitamin-e-vitalizing-sunscreen-spf-50,,,,Protection solaire,Protection solaire,Normale;Sèche;Grasse;Mixte;Sensible,,Vitamine E,Protéger,AM,"No White Cast, All-Day Defense","Protection solaire COSRX, référencé à partir de la fiche officielle de la marque.",,,,,COSRX official website,https://www.cosrx.com/collections/best,COLLECTION,EN,2026-10-02,PARTIAL,USD,23,Prix de référence observé sur la boutique officielle; ne pas utiliser comme prix de vente MAD.,,,,,0,3,DRAFT,PUBLISHED_OUT_OF_STOCK_WHEN_PRICED,False,False,,Vitamin E Vitalizing Sunscreen SPF 50+ | COSRX Maroc | The K-Skin Gallery,"Découvrez Vitamin E Vitalizing Sunscreen SPF 50+ de COSRX chez The K-Skin Gallery. Korean skincare au Maroc, paiement à la livraison et livraison partout au Maroc.",,NEEDS_ASSET_INGESTION,"Sélection faciale issue du catalogue officiel actuel; produits cœur de gamme, jusqu’à ~30+ par marque selon pertinence.",KSG_CURATION_FROM_OFFICIAL_NAMES_AND_CLAIMS,False,NEEDS_OFFICIAL_PDP_ENRICHMENT,Les classifications Type de peau/Besoins/Étape/AM-PM sont une curation The K-Skin Gallery sauf mention vérifiée sur fiche produit individuelle.
research-cosrx-advanced-snail-96-mucin-power-essence,COSRX,Advanced Snail 96 Mucin Power Essence,Advanced Snail 96 Mucin Power Essence,cosrx-advanced-snail-96-mucin-power-essence,,,,Toners & Essences,Essence,Normale;Sèche;Grasse;Mixte;Sensible,Hydratation,Mucine d'escargot,Préparer,BOTH,"Soothes, Nourishes, And Hydrates All Skin Types",Toners & Essences COSRX sélectionné par The K-Skin Gallery pour une routine axée sur hydratation.,Hydratation,,,,COSRX official website,https://www.cosrx.com/collections/best,COLLECTION,EN,2026-10-02,PARTIAL,USD,9.99,Prix de référence observé sur la boutique officielle; ne pas utiliser comme prix de vente MAD.,,,,,0,3,DRAFT,PUBLISHED_OUT_OF_STOCK_WHEN_PRICED,False,False,,Advanced Snail 96 Mucin Power Essence | COSRX Maroc | The K-Skin Gallery,"Découvrez Advanced Snail 96 Mucin Power Essence de COSRX chez The K-Skin Gallery. Korean skincare au Maroc, paiement à la livraison et livraison partout au Maroc.",,NEEDS_ASSET_INGESTION,"Sélection faciale issue du catalogue officiel actuel; produits cœur de gamme, jusqu’à ~30+ par marque selon pertinence.",KSG_CURATION_FROM_OFFICIAL_NAMES_AND_CLAIMS,False,NEEDS_OFFICIAL_PDP_ENRICHMENT,Les classifications Type de peau/Besoins/Étape/AM-PM sont une curation The K-Skin Gallery sauf mention vérifiée sur fiche produit individuelle.
research-cosrx-advanced-snail-92-all-in-one-cream,COSRX,Advanced Snail 92 All in One Cream,Advanced Snail 92 All in One Cream,cosrx-advanced-snail-92-all-in-one-cream,,,,Crèmes hydratantes,Crème / Hydratant,Normale;Sèche;Grasse;Mixte;Sensible,Hydratation,Mucine d'escargot,Hydrater,BOTH,"Soothes, Nourishes, And Hydrates All Skin Types",Crèmes hydratantes COSRX sélectionné par The K-Skin Gallery pour une routine axée sur hydratation.,Hydratation,,,,COSRX official website,https://www.cosrx.com/collections/best,COLLECTION,EN,2026-10-02,PARTIAL,USD,15,Prix de référence observé sur la boutique officielle; ne pas utiliser comme prix de vente MAD.,,,,,0,3,DRAFT,PUBLISHED_OUT_OF_STOCK_WHEN_PRICED,False,False,,Advanced Snail 92 All in One Cream | COSRX Maroc | The K-Skin Gallery,"Découvrez Advanced Snail 92 All in One Cream de COSRX chez The K-Skin Gallery. Korean skincare au Maroc, paiement à la livraison et livraison partout au Maroc.",,NEEDS_ASSET_INGESTION,"Sélection faciale issue du catalogue officiel actuel; produits cœur de gamme, jusqu’à ~30+ par marque selon pertinence.",KSG_CURATION_FROM_OFFICIAL_NAMES_AND_CLAIMS,False,NEEDS_OFFICIAL_PDP_ENRICHMENT,Les classifications Type de peau/Besoins/Étape/AM-PM sont une curation The K-Skin Gallery sauf mention vérifiée sur fiche produit individuelle.
research-cosrx-advanced-snail-peptide-eye-cream,COSRX,Advanced Snail Peptide Eye Cream,Advanced Snail Peptide Eye Cream,cosrx-advanced-snail-peptide-eye-cream,,,,Contour des yeux,Contour des yeux,Normale;Sèche;Mixte,Premiers signes de l'âge,Mucine d'escargot;Peptides,Traiter,BOTH,Snail Eye Care,Contour des yeux COSRX sélectionné par The K-Skin Gallery pour une routine axée sur premiers signes de l'âge.,Premiers signes de l'âge,,,,COSRX official website,https://www.cosrx.com/collections/best,COLLECTION,EN,2026-10-02,PARTIAL,USD,28,Prix de référence observé sur la boutique officielle; ne pas utiliser comme prix de vente MAD.,,,,,0,3,DRAFT,PUBLISHED_OUT_OF_STOCK_WHEN_PRICED,False,False,,Advanced Snail Peptide Eye Cream | COSRX Maroc | The K-Skin Gallery,"Découvrez Advanced Snail Peptide Eye Cream de COSRX chez The K-Skin Gallery. Korean skincare au Maroc, paiement à la livraison et livraison partout au Maroc.",,NEEDS_ASSET_INGESTION,"Sélection faciale issue du catalogue officiel actuel; produits cœur de gamme, jusqu’à ~30+ par marque selon pertinence.",KSG_CURATION_FROM_OFFICIAL_NAMES_AND_CLAIMS,False,NEEDS_OFFICIAL_PDP_ENRICHMENT,Les classifications Type de peau/Besoins/Étape/AM-PM sont une curation The K-Skin Gallery sauf mention vérifiée sur fiche produit individuelle.
research-cosrx-hyaluronic-acid-intensive-cream,COSRX,Hyaluronic Acid Intensive Cream,Hyaluronic Acid Intensive Cream,cosrx-hyaluronic-acid-intensive-cream,,,,Crèmes hydratantes,Crème / Hydratant,Sèche;Normale,Hydratation,Acide hyaluronique,Hydrater,BOTH,Hydra Cream For Radiant Skin,Crèmes hydratantes COSRX sélectionné par The K-Skin Gallery pour une routine axée sur hydratation.,Hydratation,,,,COSRX official website,https://www.cosrx.com/collections/best,COLLECTION,EN,2026-10-02,PARTIAL,USD,25,Prix de référence observé sur la boutique officielle; ne pas utiliser comme prix de vente MAD.,,,,,0,3,DRAFT,PUBLISHED_OUT_OF_STOCK_WHEN_PRICED,False,False,,Hyaluronic Acid Intensive Cream | COSRX Maroc | The K-Skin Gallery,"Découvrez Hyaluronic Acid Intensive Cream de COSRX chez The K-Skin Gallery. Korean skincare au Maroc, paiement à la livraison et livraison partout au Maroc.",,NEEDS_ASSET_INGESTION,"Sélection faciale issue du catalogue officiel actuel; produits cœur de gamme, jusqu’à ~30+ par marque selon pertinence.",KSG_CURATION_FROM_OFFICIAL_NAMES_AND_CLAIMS,False,NEEDS_OFFICIAL_PDP_ENRICHMENT,Les classifications Type de peau/Besoins/Étape/AM-PM sont une curation The K-Skin Gallery sauf mention vérifiée sur fiche produit individuelle.
research-cosrx-advanced-snail-mucin-gel-cleanser,COSRX,Advanced Snail Mucin Gel Cleanser,Advanced Snail Mucin Gel Cleanser,cosrx-advanced-snail-mucin-gel-cleanser,,,,Nettoyants,Nettoyant,Sèche;Normale;Sensible,Hydratation;Rougeurs;Barrière cutanée,Mucine d'escargot,Nettoyer,BOTH,Gentle Hydrating Cleansing For Sensitive Skin,"Nettoyants COSRX sélectionné par The K-Skin Gallery pour une routine axée sur hydratation, rougeurs.",Hydratation;Rougeurs;Barrière cutanée,,,,COSRX official website,https://www.cosrx.com/collections/best,COLLECTION,EN,2026-10-02,PARTIAL,USD,6.99,Prix de référence observé sur la boutique officielle; ne pas utiliser comme prix de vente MAD.,,,,,0,3,DRAFT,PUBLISHED_OUT_OF_STOCK_WHEN_PRICED,False,False,,Advanced Snail Mucin Gel Cleanser | COSRX Maroc | The K-Skin Gallery,"Découvrez Advanced Snail Mucin Gel Cleanser de COSRX chez The K-Skin Gallery. Korean skincare au Maroc, paiement à la livraison et livraison partout au Maroc.",,NEEDS_ASSET_INGESTION,"Sélection faciale issue du catalogue officiel actuel; produits cœur de gamme, jusqu’à ~30+ par marque selon pertinence.",KSG_CURATION_FROM_OFFICIAL_NAMES_AND_CLAIMS,False,NEEDS_OFFICIAL_PDP_ENRICHMENT,Les classifications Type de peau/Besoins/Étape/AM-PM sont une curation The K-Skin Gallery sauf mention vérifiée sur fiche produit individuelle.
research-cosrx-the-peptide-collagen-lifting-glow-hydrogel-mask,COSRX,The Peptide Collagen Lifting Glow Hydrogel Mask,The Peptide Collagen Lifting Glow Hydrogel Mask,cosrx-the-peptide-collagen-lifting-glow-hydrogel-mask,,,,Masques,Masque,Normale;Sèche;Mixte,Éclat;Premiers signes de l'âge,Collagène;Peptides,Traiter,BOTH,"Firming, Glow & Wrinkles Care","Masques COSRX sélectionné par The K-Skin Gallery pour une routine axée sur éclat, premiers signes de l'âge.",Éclat;Premiers signes de l'âge,,,,COSRX official website,https://www.cosrx.com/collections/best,COLLECTION,EN,2026-10-02,PARTIAL,USD,6.99,Prix de référence observé sur la boutique officielle; ne pas utiliser comme prix de vente MAD.,,,,,0,3,DRAFT,PUBLISHED_OUT_OF_STOCK_WHEN_PRICED,False,False,,The Peptide Collagen Lifting Glow Hydrogel Mask | COSRX Maroc | The K-Skin Gallery,"Découvrez The Peptide Collagen Lifting Glow Hydrogel Mask de COSRX chez The K-Skin Gallery. Korean skincare au Maroc, paiement à la livraison et livraison partout au Maroc.",,NEEDS_ASSET_INGESTION,"Sélection faciale issue du catalogue officiel actuel; produits cœur de gamme, jusqu’à ~30+ par marque selon pertinence.",KSG_CURATION_FROM_OFFICIAL_NAMES_AND_CLAIMS,False,NEEDS_OFFICIAL_PDP_ENRICHMENT,Les classifications Type de peau/Besoins/Étape/AM-PM sont une curation The K-Skin Gallery sauf mention vérifiée sur fiche produit individuelle.
research-cosrx-bha-blackhead-power-liquid,COSRX,BHA Blackhead Power Liquid,BHA Blackhead Power Liquid,cosrx-bha-blackhead-power-liquid,,,,Sérums & Ampoules,Sérum / Ampoule,Grasse;Mixte,Pores & excès de sébum,BHA,Traiter,PM,Unclogs Pores And Smooths Oily Skin With BHA,Sérums & Ampoules COSRX sélectionné par The K-Skin Gallery pour une routine axée sur pores & excès de sébum.,Pores & excès de sébum,,,,COSRX official website,https://www.cosrx.com/collections/best,COLLECTION,EN,2026-10-02,PARTIAL,USD,25,Prix de référence observé sur la boutique officielle; ne pas utiliser comme prix de vente MAD.,,,,,0,3,DRAFT,PUBLISHED_OUT_OF_STOCK_WHEN_PRICED,False,False,,BHA Blackhead Power Liquid | COSRX Maroc | The K-Skin Gallery,"Découvrez BHA Blackhead Power Liquid de COSRX chez The K-Skin Gallery. Korean skincare au Maroc, paiement à la livraison et livraison partout au Maroc.",,NEEDS_ASSET_INGESTION,"Sélection faciale issue du catalogue officiel actuel; produits cœur de gamme, jusqu’à ~30+ par marque selon pertinence.",KSG_CURATION_FROM_OFFICIAL_NAMES_AND_CLAIMS,False,NEEDS_OFFICIAL_PDP_ENRICHMENT,Les classifications Type de peau/Besoins/Étape/AM-PM sont une curation The K-Skin Gallery sauf mention vérifiée sur fiche produit individuelle.
research-cosrx-low-ph-good-morning-gel-cleanser,COSRX,Low pH Good Morning Gel Cleanser,Low pH Good Morning Gel Cleanser,cosrx-low-ph-good-morning-gel-cleanser,,,,Nettoyants,Nettoyant,,,,Nettoyer,BOTH,Gentle Cleanser,"Nettoyants COSRX, référencé à partir de la fiche officielle de la marque.",,,,,COSRX official website,https://www.cosrx.com/collections/best,COLLECTION,EN,2026-10-02,PARTIAL,USD,9.99,Prix de référence observé sur la boutique officielle; ne pas utiliser comme prix de vente MAD.,,,,,0,3,DRAFT,PUBLISHED_OUT_OF_STOCK_WHEN_PRICED,False,False,,Low pH Good Morning Gel Cleanser | COSRX Maroc | The K-Skin Gallery,"Découvrez Low pH Good Morning Gel Cleanser de COSRX chez The K-Skin Gallery. Korean skincare au Maroc, paiement à la livraison et livraison partout au Maroc.",,NEEDS_ASSET_INGESTION,"Sélection faciale issue du catalogue officiel actuel; produits cœur de gamme, jusqu’à ~30+ par marque selon pertinence.",KSG_CURATION_FROM_OFFICIAL_NAMES_AND_CLAIMS,False,NEEDS_OFFICIAL_PDP_ENRICHMENT,Les classifications Type de peau/Besoins/Étape/AM-PM sont une curation The K-Skin Gallery sauf mention vérifiée sur fiche produit individuelle.
research-cosrx-5-pdrn-b5-vital-soothing-toner,COSRX,5 PDRN B5 Vital Soothing Toner,5 PDRN B5 Vital Soothing Toner,cosrx-5-pdrn-b5-vital-soothing-toner,,,,Toners & Essences,Toner / Essence,Sensible,Barrière cutanée;Rougeurs,PDRN;Panthénol,Préparer,BOTH,Skin Vitality Toner,"Toners & Essences COSRX sélectionné par The K-Skin Gallery pour une routine axée sur barrière cutanée, rougeurs.",Barrière cutanée;Rougeurs,,,,COSRX official website,https://www.cosrx.com/collections/best,COLLECTION,EN,2026-10-02,PARTIAL,USD,13,Prix de référence observé sur la boutique officielle; ne pas utiliser comme prix de vente MAD.,,,,,0,3,DRAFT,PUBLISHED_OUT_OF_STOCK_WHEN_PRICED,False,False,,5 PDRN B5 Vital Soothing Toner | COSRX Maroc | The K-Skin Gallery,"Découvrez 5 PDRN B5 Vital Soothing Toner de COSRX chez The K-Skin Gallery. Korean skincare au Maroc, paiement à la livraison et livraison partout au Maroc.",,NEEDS_ASSET_INGESTION,"Sélection faciale issue du catalogue officiel actuel; produits cœur de gamme, jusqu’à ~30+ par marque selon pertinence.",KSG_CURATION_FROM_OFFICIAL_NAMES_AND_CLAIMS,False,NEEDS_OFFICIAL_PDP_ENRICHMENT,Les classifications Type de peau/Besoins/Étape/AM-PM sont une curation The K-Skin Gallery sauf mention vérifiée sur fiche produit individuelle.
research-cosrx-full-fit-propolis-synergy-toner,COSRX,Full Fit Propolis Synergy Toner,Full Fit Propolis Synergy Toner,cosrx-full-fit-propolis-synergy-toner,,,,Toners & Essences,Toner / Essence,,Éclat,Propolis,Préparer,BOTH,Honey Glow Prep for Radiant Skin Texture,Toners & Essences COSRX sélectionné par The K-Skin Gallery pour une routine axée sur éclat.,Éclat,,,,COSRX official website,https://www.cosrx.com/collections/best,COLLECTION,EN,2026-10-02,PARTIAL,USD,22,Prix de référence observé sur la boutique officielle; ne pas utiliser comme prix de vente MAD.,,,,,0,3,DRAFT,PUBLISHED_OUT_OF_STOCK_WHEN_PRICED,False,False,,Full Fit Propolis Synergy Toner | COSRX Maroc | The K-Skin Gallery,"Découvrez Full Fit Propolis Synergy Toner de COSRX chez The K-Skin Gallery. Korean skincare au Maroc, paiement à la livraison et livraison partout au Maroc.",,NEEDS_ASSET_INGESTION,"Sélection faciale issue du catalogue officiel actuel; produits cœur de gamme, jusqu’à ~30+ par marque selon pertinence.",KSG_CURATION_FROM_OFFICIAL_NAMES_AND_CLAIMS,False,NEEDS_OFFICIAL_PDP_ENRICHMENT,Les classifications Type de peau/Besoins/Étape/AM-PM sont une curation The K-Skin Gallery sauf mention vérifiée sur fiche produit individuelle.
research-cosrx-5-pdrn-hyaluronic-acid-vital-hydrating-hydrogel-mask,COSRX,5 PDRN Hyaluronic Acid Vital Hydrating Hydrogel Mask,5 PDRN Hyaluronic Acid Vital Hydrating Hydrogel Mask,cosrx-5-pdrn-hyaluronic-acid-vital-hydrating-hydrogel-mask,,,,Masques,Masque,Sèche;Normale;Mixte,Hydratation;Premiers signes de l'âge,PDRN;Acide hyaluronique,Traiter,BOTH,Vitalizing & Firming Care,"Masques COSRX sélectionné par The K-Skin Gallery pour une routine axée sur hydratation, premiers signes de l'âge.",Hydratation;Premiers signes de l'âge,,,,COSRX official website,https://www.cosrx.com/collections/best,COLLECTION,EN,2026-10-02,PARTIAL,USD,6.99,Prix de référence observé sur la boutique officielle; ne pas utiliser comme prix de vente MAD.,,,,,0,3,DRAFT,PUBLISHED_OUT_OF_STOCK_WHEN_PRICED,False,False,,5 PDRN Hyaluronic Acid Vital Hydrating Hydrogel Mask | COSRX Maroc | The K-Skin Gallery,"Découvrez 5 PDRN Hyaluronic Acid Vital Hydrating Hydrogel Mask de COSRX chez The K-Skin Gallery. Korean skincare au Maroc, paiement à la livraison et livraison partout au Maroc.",,NEEDS_ASSET_INGESTION,"Sélection faciale issue du catalogue officiel actuel; produits cœur de gamme, jusqu’à ~30+ par marque selon pertinence.",KSG_CURATION_FROM_OFFICIAL_NAMES_AND_CLAIMS,False,NEEDS_OFFICIAL_PDP_ENRICHMENT,Les classifications Type de peau/Besoins/Étape/AM-PM sont une curation The K-Skin Gallery sauf mention vérifiée sur fiche produit individuelle.
research-cosrx-ac-collection-calming-foam-cleanser,COSRX,AC Collection Calming Foam Cleanser,AC Collection Calming Foam Cleanser,cosrx-ac-collection-calming-foam-cleanser,,,,Nettoyants,Nettoyant,Grasse;Mixte;Sensible,Imperfections;Rougeurs;Barrière cutanée,,Nettoyer,BOTH,Deep Cleansing For Acne-Prone Skin,"Nettoyants COSRX sélectionné par The K-Skin Gallery pour une routine axée sur imperfections, rougeurs.",Imperfections;Rougeurs;Barrière cutanée,,,,COSRX official website,https://www.cosrx.com/collections/best,COLLECTION,EN,2026-10-02,PARTIAL,USD,9.99,Prix de référence observé sur la boutique officielle; ne pas utiliser comme prix de vente MAD.,,,,,0,3,DRAFT,PUBLISHED_OUT_OF_STOCK_WHEN_PRICED,False,False,,AC Collection Calming Foam Cleanser | COSRX Maroc | The K-Skin Gallery,"Découvrez AC Collection Calming Foam Cleanser de COSRX chez The K-Skin Gallery. Korean skincare au Maroc, paiement à la livraison et livraison partout au Maroc.",,NEEDS_ASSET_INGESTION,"Sélection faciale issue du catalogue officiel actuel; produits cœur de gamme, jusqu’à ~30+ par marque selon pertinence.",KSG_CURATION_FROM_OFFICIAL_NAMES_AND_CLAIMS,False,NEEDS_OFFICIAL_PDP_ENRICHMENT,Les classifications Type de peau/Besoins/Étape/AM-PM sont une curation The K-Skin Gallery sauf mention vérifiée sur fiche produit individuelle.
research-cosrx-full-fit-propolis-light-cream,COSRX,Full Fit Propolis Light Cream,Full Fit Propolis Light Cream,cosrx-full-fit-propolis-light-cream,,,,Crèmes hydratantes,Crème / Hydratant,,Éclat,Propolis,Hydrater,BOTH,Light Cream for Dewy & Glowing Skin,Crèmes hydratantes COSRX sélectionné par The K-Skin Gallery pour une routine axée sur éclat.,Éclat,,,,COSRX official website,https://www.cosrx.com/collections/all/best,COLLECTION,EN,2026-10-02,PARTIAL,USD,32,Prix de référence observé sur la boutique officielle; ne pas utiliser comme prix de vente MAD.,,,,,0,3,DRAFT,PUBLISHED_OUT_OF_STOCK_WHEN_PRICED,False,False,,Full Fit Propolis Light Cream | COSRX Maroc | The K-Skin Gallery,"Découvrez Full Fit Propolis Light Cream de COSRX chez The K-Skin Gallery. Korean skincare au Maroc, paiement à la livraison et livraison partout au Maroc.",,NEEDS_ASSET_INGESTION,"Sélection faciale issue du catalogue officiel actuel; produits cœur de gamme, jusqu’à ~30+ par marque selon pertinence.",KSG_CURATION_FROM_OFFICIAL_NAMES_AND_CLAIMS,False,NEEDS_OFFICIAL_PDP_ENRICHMENT,Les classifications Type de peau/Besoins/Étape/AM-PM sont une curation The K-Skin Gallery sauf mention vérifiée sur fiche produit individuelle.
research-cosrx-advanced-snail-mucin-glass-glow-hydrogel-mask,COSRX,Advanced Snail Mucin Glass Glow Hydrogel Mask,Advanced Snail Mucin Glass Glow Hydrogel Mask,cosrx-advanced-snail-mucin-glass-glow-hydrogel-mask,,,,Masques,Masque,,Éclat;Hydratation,Mucine d'escargot,Traiter,BOTH,"Deep Hydration Overnight, Effortless Glow","Masques COSRX sélectionné par The K-Skin Gallery pour une routine axée sur éclat, hydratation.",Éclat;Hydratation,,,,COSRX official website,https://www.cosrx.com/collections/all/best,COLLECTION,EN,2026-10-02,PARTIAL,USD,6.99,Prix de référence observé sur la boutique officielle; ne pas utiliser comme prix de vente MAD.,,,,,0,3,DRAFT,PUBLISHED_OUT_OF_STOCK_WHEN_PRICED,False,False,,Advanced Snail Mucin Glass Glow Hydrogel Mask | COSRX Maroc | The K-Skin Gallery,"Découvrez Advanced Snail Mucin Glass Glow Hydrogel Mask de COSRX chez The K-Skin Gallery. Korean skincare au Maroc, paiement à la livraison et livraison partout au Maroc.",,NEEDS_ASSET_INGESTION,"Sélection faciale issue du catalogue officiel actuel; produits cœur de gamme, jusqu’à ~30+ par marque selon pertinence.",KSG_CURATION_FROM_OFFICIAL_NAMES_AND_CLAIMS,False,NEEDS_OFFICIAL_PDP_ENRICHMENT,Les classifications Type de peau/Besoins/Étape/AM-PM sont une curation The K-Skin Gallery sauf mention vérifiée sur fiche produit individuelle.
research-cosrx-advanced-snail-radiance-dual-essence,COSRX,Advanced Snail Radiance Dual Essence,Advanced Snail Radiance Dual Essence,cosrx-advanced-snail-radiance-dual-essence,,,,Toners & Essences,Essence,,Éclat,Mucine d'escargot,Préparer,BOTH,2 in 1 Elasticity & Radiance in One Pump,Toners & Essences COSRX sélectionné par The K-Skin Gallery pour une routine axée sur éclat.,Éclat,,,,COSRX official website,https://www.cosrx.com/collections/all/best,COLLECTION,EN,2026-10-02,PARTIAL,USD,28,Prix de référence observé sur la boutique officielle; ne pas utiliser comme prix de vente MAD.,,,,,0,3,DRAFT,PUBLISHED_OUT_OF_STOCK_WHEN_PRICED,False,False,,Advanced Snail Radiance Dual Essence | COSRX Maroc | The K-Skin Gallery,"Découvrez Advanced Snail Radiance Dual Essence de COSRX chez The K-Skin Gallery. Korean skincare au Maroc, paiement à la livraison et livraison partout au Maroc.",,NEEDS_ASSET_INGESTION,"Sélection faciale issue du catalogue officiel actuel; produits cœur de gamme, jusqu’à ~30+ par marque selon pertinence.",KSG_CURATION_FROM_OFFICIAL_NAMES_AND_CLAIMS,False,NEEDS_OFFICIAL_PDP_ENRICHMENT,Les classifications Type de peau/Besoins/Étape/AM-PM sont une curation The K-Skin Gallery sauf mention vérifiée sur fiche produit individuelle.
research-cosrx-full-fit-propolis-light-ampoule,COSRX,Full Fit Propolis Light Ampoule,Full Fit Propolis Light Ampoule,cosrx-full-fit-propolis-light-ampoule,,,,Sérums & Ampoules,Sérum / Ampoule,,Éclat,Propolis,Traiter,BOTH,The Lightest Way to Glow Richly,Sérums & Ampoules COSRX sélectionné par The K-Skin Gallery pour une routine axée sur éclat.,Éclat,,,,COSRX official website,https://www.cosrx.com/collections/all/best,COLLECTION,EN,2026-10-02,PARTIAL,USD,28,Prix de référence observé sur la boutique officielle; ne pas utiliser comme prix de vente MAD.,,,,,0,3,DRAFT,PUBLISHED_OUT_OF_STOCK_WHEN_PRICED,False,False,,Full Fit Propolis Light Ampoule | COSRX Maroc | The K-Skin Gallery,"Découvrez Full Fit Propolis Light Ampoule de COSRX chez The K-Skin Gallery. Korean skincare au Maroc, paiement à la livraison et livraison partout au Maroc.",,NEEDS_ASSET_INGESTION,"Sélection faciale issue du catalogue officiel actuel; produits cœur de gamme, jusqu’à ~30+ par marque selon pertinence.",KSG_CURATION_FROM_OFFICIAL_NAMES_AND_CLAIMS,False,NEEDS_OFFICIAL_PDP_ENRICHMENT,Les classifications Type de peau/Besoins/Étape/AM-PM sont une curation The K-Skin Gallery sauf mention vérifiée sur fiche produit individuelle.
research-cosrx-full-fit-propolis-nourishing-magnet-sheet-mask,COSRX,Full Fit Propolis Nourishing Magnet Sheet Mask,Full Fit Propolis Nourishing Magnet Sheet Mask,cosrx-full-fit-propolis-nourishing-magnet-sheet-mask,,,,Masques,Masque,,Éclat,Propolis,Traiter,BOTH,"Soaked in Propolis, Sealed with Honey Glow",Masques COSRX sélectionné par The K-Skin Gallery pour une routine axée sur éclat.,Éclat,,,,COSRX official website,https://www.cosrx.com/collections/all/best,COLLECTION,EN,2026-10-02,PARTIAL,USD,6.99,Prix de référence observé sur la boutique officielle; ne pas utiliser comme prix de vente MAD.,,,,,0,3,DRAFT,PUBLISHED_OUT_OF_STOCK_WHEN_PRICED,False,False,,Full Fit Propolis Nourishing Magnet Sheet Mask | COSRX Maroc | The K-Skin Gallery,"Découvrez Full Fit Propolis Nourishing Magnet Sheet Mask de COSRX chez The K-Skin Gallery. Korean skincare au Maroc, paiement à la livraison et livraison partout au Maroc.",,NEEDS_ASSET_INGESTION,"Sélection faciale issue du catalogue officiel actuel; produits cœur de gamme, jusqu’à ~30+ par marque selon pertinence.",KSG_CURATION_FROM_OFFICIAL_NAMES_AND_CLAIMS,False,NEEDS_OFFICIAL_PDP_ENRICHMENT,Les classifications Type de peau/Besoins/Étape/AM-PM sont une curation The K-Skin Gallery sauf mention vérifiée sur fiche produit individuelle.
research-cosrx-acne-pimple-master-patch,COSRX,Acne Pimple Master Patch,Acne Pimple Master Patch,cosrx-acne-pimple-master-patch,,,,Soins ciblés,Autre soin visage,Grasse;Mixte,Imperfections,,Traiter,BOTH,"Scar-Free Healing, Absorbs Gunk",Soins ciblés COSRX sélectionné par The K-Skin Gallery pour une routine axée sur imperfections.,Imperfections,,,,COSRX official website,https://www.cosrx.com/collections/all/best,COLLECTION,EN,2026-10-02,PARTIAL,USD,6.99,Prix de référence observé sur la boutique officielle; ne pas utiliser comme prix de vente MAD.,,,,,0,3,DRAFT,PUBLISHED_OUT_OF_STOCK_WHEN_PRICED,False,False,,Acne Pimple Master Patch | COSRX Maroc | The K-Skin Gallery,"Découvrez Acne Pimple Master Patch de COSRX chez The K-Skin Gallery. Korean skincare au Maroc, paiement à la livraison et livraison partout au Maroc.",,NEEDS_ASSET_INGESTION,"Sélection faciale issue du catalogue officiel actuel; produits cœur de gamme, jusqu’à ~30+ par marque selon pertinence.",KSG_CURATION_FROM_OFFICIAL_NAMES_AND_CLAIMS,False,NEEDS_OFFICIAL_PDP_ENRICHMENT,Les classifications Type de peau/Besoins/Étape/AM-PM sont une curation The K-Skin Gallery sauf mention vérifiée sur fiche produit individuelle.
research-cosrx-advanced-snail-mucin-power-sheet-mask-10-sheets,COSRX,Advanced Snail Mucin Power Sheet Mask 10 Sheets,Advanced Snail Mucin Power Sheet Mask 10 Sheets,cosrx-advanced-snail-mucin-power-sheet-mask-10-sheets,,,,Masques,Masque,,,Mucine d'escargot,Traiter,BOTH,Nourished & Plump Skin On One Sheet,"Masques COSRX, référencé à partir de la fiche officielle de la marque.",,,,,COSRX official website,https://www.cosrx.com/collections/all/best,COLLECTION,EN,2026-10-02,PARTIAL,USD,25,Prix de référence observé sur la boutique officielle; ne pas utiliser comme prix de vente MAD.,,,,,0,3,DRAFT,PUBLISHED_OUT_OF_STOCK_WHEN_PRICED,False,False,,Advanced Snail Mucin Power Sheet Mask 10 Sheets | COSRX Maroc | The K-Skin Gallery,"Découvrez Advanced Snail Mucin Power Sheet Mask 10 Sheets de COSRX chez The K-Skin Gallery. Korean skincare au Maroc, paiement à la livraison et livraison partout au Maroc.",,NEEDS_ASSET_INGESTION,"Sélection faciale issue du catalogue officiel actuel; produits cœur de gamme, jusqu’à ~30+ par marque selon pertinence.",KSG_CURATION_FROM_OFFICIAL_NAMES_AND_CLAIMS,False,NEEDS_OFFICIAL_PDP_ENRICHMENT,Les classifications Type de peau/Besoins/Étape/AM-PM sont une curation The K-Skin Gallery sauf mention vérifiée sur fiche produit individuelle.
research-cosrx-aha-bha-clarifying-treatment-toner,COSRX,AHA/BHA Clarifying Treatment Toner,AHA/BHA Clarifying Treatment Toner,cosrx-aha-bha-clarifying-treatment-toner,,,,Toners & Essences,Toner / Essence,,Pores & excès de sébum,BHA;AHA,Préparer,BOTH,,Toners & Essences COSRX classé par The K-Skin Gallery dans la sélection pores & excès de sébum.,Pores & excès de sébum,,,,COSRX official website,https://www.cosrx.com/collections/all,COLLECTION,EN,2026-10-02,PARTIAL,USD,20,Prix de référence observé sur la boutique officielle; ne pas utiliser comme prix de vente MAD.,,,,,0,3,DRAFT,PUBLISHED_OUT_OF_STOCK_WHEN_PRICED,False,False,,AHA/BHA Clarifying Treatment Toner | COSRX Maroc | The K-Skin Gallery,"Découvrez AHA/BHA Clarifying Treatment Toner de COSRX chez The K-Skin Gallery. Korean skincare au Maroc, paiement à la livraison et livraison partout au Maroc.",,NEEDS_ASSET_INGESTION,"Sélection faciale issue du catalogue officiel actuel; produits cœur de gamme, jusqu’à ~30+ par marque selon pertinence.",KSG_CURATION_FROM_OFFICIAL_NAMES_AND_CLAIMS,False,NEEDS_OFFICIAL_PDP_ENRICHMENT,Les classifications Type de peau/Besoins/Étape/AM-PM sont une curation The K-Skin Gallery sauf mention vérifiée sur fiche produit individuelle.
research-cosrx-ultimate-nourishing-rice-overnight-spa-mask,COSRX,Ultimate Nourishing Rice Overnight Spa Mask,Ultimate Nourishing Rice Overnight Spa Mask,cosrx-ultimate-nourishing-rice-overnight-spa-mask,,,,Masques,Masque,,Éclat,Riz,Traiter,PM,,Masques COSRX classé par The K-Skin Gallery dans la sélection éclat.,Éclat,,,,COSRX official website,https://www.cosrx.com/collections/all,COLLECTION,EN,2026-10-02,PARTIAL,USD,18,Prix de référence observé sur la boutique officielle; ne pas utiliser comme prix de vente MAD.,,,,,0,3,DRAFT,PUBLISHED_OUT_OF_STOCK_WHEN_PRICED,False,False,,Ultimate Nourishing Rice Overnight Spa Mask | COSRX Maroc | The K-Skin Gallery,"Découvrez Ultimate Nourishing Rice Overnight Spa Mask de COSRX chez The K-Skin Gallery. Korean skincare au Maroc, paiement à la livraison et livraison partout au Maroc.",,NEEDS_ASSET_INGESTION,"Sélection faciale issue du catalogue officiel actuel; produits cœur de gamme, jusqu’à ~30+ par marque selon pertinence.",KSG_CURATION_FROM_OFFICIAL_NAMES_AND_CLAIMS,False,NEEDS_OFFICIAL_PDP_ENRICHMENT,Les classifications Type de peau/Besoins/Étape/AM-PM sont une curation The K-Skin Gallery sauf mention vérifiée sur fiche produit individuelle.
research-cosrx-the-vitamin-c-13-serum,COSRX,The Vitamin C 13 Serum,The Vitamin C 13 Serum,cosrx-the-vitamin-c-13-serum,,,,Sérums & Ampoules,Sérum / Ampoule,,Taches & teint irrégulier;Éclat,Vitamine C,Traiter,BOTH,,"Sérums & Ampoules COSRX classé par The K-Skin Gallery dans la sélection taches & teint irrégulier, éclat.",Taches & teint irrégulier;Éclat,,,,COSRX official website,https://www.cosrx.com/collections/all,COLLECTION,EN,2026-10-02,PARTIAL,USD,21,Prix de référence observé sur la boutique officielle; ne pas utiliser comme prix de vente MAD.,,,,,0,3,DRAFT,PUBLISHED_OUT_OF_STOCK_WHEN_PRICED,False,False,,The Vitamin C 13 Serum | COSRX Maroc | The K-Skin Gallery,"Découvrez The Vitamin C 13 Serum de COSRX chez The K-Skin Gallery. Korean skincare au Maroc, paiement à la livraison et livraison partout au Maroc.",,NEEDS_ASSET_INGESTION,"Sélection faciale issue du catalogue officiel actuel; produits cœur de gamme, jusqu’à ~30+ par marque selon pertinence.",KSG_CURATION_FROM_OFFICIAL_NAMES_AND_CLAIMS,False,NEEDS_OFFICIAL_PDP_ENRICHMENT,Les classifications Type de peau/Besoins/Étape/AM-PM sont une curation The K-Skin Gallery sauf mention vérifiée sur fiche produit individuelle.
research-cosrx-the-retinol-0-1-cream,COSRX,The Retinol 0.1 Cream,The Retinol 0.1 Cream,cosrx-the-retinol-0-1-cream,,,,Crèmes hydratantes,Crème / Hydratant,Normale;Sèche;Mixte,Premiers signes de l'âge,Rétinol,Hydrater,PM,,Crèmes hydratantes COSRX classé par The K-Skin Gallery dans la sélection premiers signes de l'âge.,Premiers signes de l'âge,,,,COSRX official website,https://www.cosrx.com/collections/all,COLLECTION,EN,2026-10-02,PARTIAL,USD,27,Prix de référence observé sur la boutique officielle; ne pas utiliser comme prix de vente MAD.,,,,,0,3,DRAFT,PUBLISHED_OUT_OF_STOCK_WHEN_PRICED,False,False,,The Retinol 0.1 Cream | COSRX Maroc | The K-Skin Gallery,"Découvrez The Retinol 0.1 Cream de COSRX chez The K-Skin Gallery. Korean skincare au Maroc, paiement à la livraison et livraison partout au Maroc.",,NEEDS_ASSET_INGESTION,"Sélection faciale issue du catalogue officiel actuel; produits cœur de gamme, jusqu’à ~30+ par marque selon pertinence.",KSG_CURATION_FROM_OFFICIAL_NAMES_AND_CLAIMS,False,NEEDS_OFFICIAL_PDP_ENRICHMENT,Les classifications Type de peau/Besoins/Étape/AM-PM sont une curation The K-Skin Gallery sauf mention vérifiée sur fiche produit individuelle.
research-cosrx-the-retinol-0-5-oil,COSRX,The Retinol 0.5 Oil,The Retinol 0.5 Oil,cosrx-the-retinol-0-5-oil,,,,Soins ciblés,Autre soin visage,Normale;Sèche;Mixte,Premiers signes de l'âge,Rétinol,Traiter,PM,,Soins ciblés COSRX classé par The K-Skin Gallery dans la sélection premiers signes de l'âge.,Premiers signes de l'âge,,,,COSRX official website,https://www.cosrx.com/collections/all,COLLECTION,EN,2026-10-02,PARTIAL,USD,27,Prix de référence observé sur la boutique officielle; ne pas utiliser comme prix de vente MAD.,,,,,0,3,DRAFT,PUBLISHED_OUT_OF_STOCK_WHEN_PRICED,False,False,,The Retinol 0.5 Oil | COSRX Maroc | The K-Skin Gallery,"Découvrez The Retinol 0.5 Oil de COSRX chez The K-Skin Gallery. Korean skincare au Maroc, paiement à la livraison et livraison partout au Maroc.",,NEEDS_ASSET_INGESTION,"Sélection faciale issue du catalogue officiel actuel; produits cœur de gamme, jusqu’à ~30+ par marque selon pertinence.",KSG_CURATION_FROM_OFFICIAL_NAMES_AND_CLAIMS,False,NEEDS_OFFICIAL_PDP_ENRICHMENT,Les classifications Type de peau/Besoins/Étape/AM-PM sont une curation The K-Skin Gallery sauf mention vérifiée sur fiche produit individuelle.
research-cosrx-the-niacinamide-15-serum,COSRX,The Niacinamide 15 Serum,The Niacinamide 15 Serum,cosrx-the-niacinamide-15-serum,,,,Sérums & Ampoules,Sérum / Ampoule,,,Niacinamide,Traiter,BOTH,,Sérums & Ampoules COSRX référencé dans le catalogue The K-Skin Gallery.,,,,,COSRX official website,https://www.cosrx.com/collections/all,COLLECTION,EN,2026-10-02,PARTIAL,USD,25,Prix de référence observé sur la boutique officielle; ne pas utiliser comme prix de vente MAD.,,,,,0,3,DRAFT,PUBLISHED_OUT_OF_STOCK_WHEN_PRICED,False,False,,The Niacinamide 15 Serum | COSRX Maroc | The K-Skin Gallery,"Découvrez The Niacinamide 15 Serum de COSRX chez The K-Skin Gallery. Korean skincare au Maroc, paiement à la livraison et livraison partout au Maroc.",,NEEDS_ASSET_INGESTION,"Sélection faciale issue du catalogue officiel actuel; produits cœur de gamme, jusqu’à ~30+ par marque selon pertinence.",KSG_CURATION_FROM_OFFICIAL_NAMES_AND_CLAIMS,False,NEEDS_OFFICIAL_PDP_ENRICHMENT,Les classifications Type de peau/Besoins/Étape/AM-PM sont une curation The K-Skin Gallery sauf mention vérifiée sur fiche produit individuelle.
research-cosrx-the-blue-peptide-bakuchiol-plump-glow-serum,COSRX,The Blue Peptide Bakuchiol Plump Glow Serum,The Blue Peptide Bakuchiol Plump Glow Serum,cosrx-the-blue-peptide-bakuchiol-plump-glow-serum,,,,Sérums & Ampoules,Sérum / Ampoule,Normale;Sèche;Mixte,Éclat;Premiers signes de l'âge,Peptides;Bakuchiol,Traiter,BOTH,Copper Peptide Serum,"Sérums & Ampoules COSRX sélectionné par The K-Skin Gallery pour une routine axée sur éclat, premiers signes de l'âge.",Éclat;Premiers signes de l'âge,,,,COSRX official website,https://www.cosrx.com/collections/best,COLLECTION,EN,2026-10-02,PARTIAL,USD,27,Prix de référence observé sur la boutique officielle; ne pas utiliser comme prix de vente MAD.,,,,,0,3,DRAFT,PUBLISHED_OUT_OF_STOCK_WHEN_PRICED,False,False,,The Blue Peptide Bakuchiol Plump Glow Serum | COSRX Maroc | The K-Skin Gallery,"Découvrez The Blue Peptide Bakuchiol Plump Glow Serum de COSRX chez The K-Skin Gallery. Korean skincare au Maroc, paiement à la livraison et livraison partout au Maroc.",,NEEDS_ASSET_INGESTION,"Sélection faciale issue du catalogue officiel actuel; produits cœur de gamme, jusqu’à ~30+ par marque selon pertinence.",KSG_CURATION_FROM_OFFICIAL_NAMES_AND_CLAIMS,False,NEEDS_OFFICIAL_PDP_ENRICHMENT,Les classifications Type de peau/Besoins/Étape/AM-PM sont une curation The K-Skin Gallery sauf mention vérifiée sur fiche produit individuelle.
research-cosrx-the-blue-peptide-bakuchiol-plump-bounce-cream,COSRX,The Blue Peptide Bakuchiol Plump Bounce Cream,The Blue Peptide Bakuchiol Plump Bounce Cream,cosrx-the-blue-peptide-bakuchiol-plump-bounce-cream,,,,Crèmes hydratantes,Crème / Hydratant,Normale;Sèche;Mixte,Premiers signes de l'âge,Peptides;Bakuchiol,Hydrater,BOTH,Water Texture Cream,Crèmes hydratantes COSRX sélectionné par The K-Skin Gallery pour une routine axée sur premiers signes de l'âge.,Premiers signes de l'âge,,,,COSRX official website,https://www.cosrx.com/collections/best,COLLECTION,EN,2026-10-02,PARTIAL,USD,28,Prix de référence observé sur la boutique officielle; ne pas utiliser comme prix de vente MAD.,,,,,0,3,DRAFT,PUBLISHED_OUT_OF_STOCK_WHEN_PRICED,False,False,,The Blue Peptide Bakuchiol Plump Bounce Cream | COSRX Maroc | The K-Skin Gallery,"Découvrez The Blue Peptide Bakuchiol Plump Bounce Cream de COSRX chez The K-Skin Gallery. Korean skincare au Maroc, paiement à la livraison et livraison partout au Maroc.",,NEEDS_ASSET_INGESTION,"Sélection faciale issue du catalogue officiel actuel; produits cœur de gamme, jusqu’à ~30+ par marque selon pertinence.",KSG_CURATION_FROM_OFFICIAL_NAMES_AND_CLAIMS,False,NEEDS_OFFICIAL_PDP_ENRICHMENT,Les classifications Type de peau/Besoins/Étape/AM-PM sont une curation The K-Skin Gallery sauf mention vérifiée sur fiche produit individuelle.
research-cosrx-5-pdrn-collagen-intense-vitalizing-serum,COSRX,5 PDRN Collagen Intense Vitalizing Serum,5 PDRN Collagen Intense Vitalizing Serum,cosrx-5-pdrn-collagen-intense-vitalizing-serum,,,,Sérums & Ampoules,Sérum / Ampoule,Normale;Sèche;Mixte,Premiers signes de l'âge,PDRN;Collagène,Traiter,BOTH,Daily Vitality Boost,Sérums & Ampoules COSRX sélectionné par The K-Skin Gallery pour une routine axée sur premiers signes de l'âge.,Premiers signes de l'âge,,,,COSRX official website,https://www.cosrx.com/collections/best,COLLECTION,EN,2026-10-02,PARTIAL,USD,14,Prix de référence observé sur la boutique officielle; ne pas utiliser comme prix de vente MAD.,,,,,0,3,DRAFT,PUBLISHED_OUT_OF_STOCK_WHEN_PRICED,False,False,,5 PDRN Collagen Intense Vitalizing Serum | COSRX Maroc | The K-Skin Gallery,"Découvrez 5 PDRN Collagen Intense Vitalizing Serum de COSRX chez The K-Skin Gallery. Korean skincare au Maroc, paiement à la livraison et livraison partout au Maroc.",,NEEDS_ASSET_INGESTION,"Sélection faciale issue du catalogue officiel actuel; produits cœur de gamme, jusqu’à ~30+ par marque selon pertinence.",KSG_CURATION_FROM_OFFICIAL_NAMES_AND_CLAIMS,False,NEEDS_OFFICIAL_PDP_ENRICHMENT,Les classifications Type de peau/Besoins/Étape/AM-PM sont une curation The K-Skin Gallery sauf mention vérifiée sur fiche produit individuelle.
research-cosrx-azelaic-acid-10-b5-redness-soothing-cream,COSRX,Azelaic Acid 10 B5 Redness Soothing Cream,Azelaic Acid 10 B5 Redness Soothing Cream,cosrx-azelaic-acid-10-b5-redness-soothing-cream,,,,Crèmes hydratantes,Crème / Hydratant,Sensible,Barrière cutanée;Rougeurs,Acide azélaïque;Panthénol,Hydrater,BOTH,,"Crèmes hydratantes COSRX classé par The K-Skin Gallery dans la sélection barrière cutanée, rougeurs.",Barrière cutanée;Rougeurs,,,,COSRX official website,https://www.cosrx.com/collections/all,COLLECTION,EN,2026-10-02,PARTIAL,USD,20,Prix de référence observé sur la boutique officielle; ne pas utiliser comme prix de vente MAD.,,,,,0,3,DRAFT,PUBLISHED_OUT_OF_STOCK_WHEN_PRICED,False,False,,Azelaic Acid 10 B5 Redness Soothing Cream | COSRX Maroc | The K-Skin Gallery,"Découvrez Azelaic Acid 10 B5 Redness Soothing Cream de COSRX chez The K-Skin Gallery. Korean skincare au Maroc, paiement à la livraison et livraison partout au Maroc.",,NEEDS_ASSET_INGESTION,"Sélection faciale issue du catalogue officiel actuel; produits cœur de gamme, jusqu’à ~30+ par marque selon pertinence.",KSG_CURATION_FROM_OFFICIAL_NAMES_AND_CLAIMS,False,NEEDS_OFFICIAL_PDP_ENRICHMENT,Les classifications Type de peau/Besoins/Étape/AM-PM sont une curation The K-Skin Gallery sauf mention vérifiée sur fiche produit individuelle.
research-skin1004-centella-ampoule-foam,SKIN1004,Centella Ampoule Foam,Centella Ampoule Foam,skin1004-centella-ampoule-foam,,,20ml / 125ml,Sérums & Ampoules,Sérum / Ampoule,Sensible,Rougeurs;Barrière cutanée,Centella asiatica,Traiter,BOTH,Low pH & Daily Foam Cleanser,"Sérums & Ampoules SKIN1004 sélectionné par The K-Skin Gallery pour une routine axée sur rougeurs, barrière cutanée.",Rougeurs;Barrière cutanée,,,,SKIN1004 official website,https://www.skin1004.com/collections/cleanser,COLLECTION,EN,2026-10-02,PARTIAL,USD,4,Prix de référence observé sur la boutique officielle; ne pas utiliser comme prix de vente MAD.,,,,,0,3,DRAFT,PUBLISHED_OUT_OF_STOCK_WHEN_PRICED,False,False,,Centella Ampoule Foam | SKIN1004 Maroc | The K-Skin Gallery,"Découvrez Centella Ampoule Foam de SKIN1004 chez The K-Skin Gallery. Korean skincare au Maroc, paiement à la livraison et livraison partout au Maroc.",,NEEDS_ASSET_INGESTION,"Sélection faciale issue du catalogue officiel actuel; produits cœur de gamme, jusqu’à ~30+ par marque selon pertinence.",KSG_CURATION_FROM_OFFICIAL_NAMES_AND_CLAIMS,False,NEEDS_OFFICIAL_PDP_ENRICHMENT,Les classifications Type de peau/Besoins/Étape/AM-PM sont une curation The K-Skin Gallery sauf mention vérifiée sur fiche produit individuelle.
research-skin1004-centella-light-cleansing-oil,SKIN1004,Centella Light Cleansing Oil,Centella Light Cleansing Oil,skin1004-centella-light-cleansing-oil,,,30ml / 200ml,Huiles & Baumes démaquillants,Démaquillant huile/baume,Sensible,Rougeurs;Barrière cutanée,Centella asiatica,Nettoyer,BOTH,Light & Gentle Cleansing Oil,"Huiles & Baumes démaquillants SKIN1004 sélectionné par The K-Skin Gallery pour une routine axée sur rougeurs, barrière cutanée.",Rougeurs;Barrière cutanée,,,,SKIN1004 official website,https://www.skin1004.com/collections/cleanser,COLLECTION,EN,2026-10-02,PARTIAL,USD,5.5,Prix de référence observé sur la boutique officielle; ne pas utiliser comme prix de vente MAD.,,,,,0,3,DRAFT,PUBLISHED_OUT_OF_STOCK_WHEN_PRICED,False,False,,Centella Light Cleansing Oil | SKIN1004 Maroc | The K-Skin Gallery,"Découvrez Centella Light Cleansing Oil de SKIN1004 chez The K-Skin Gallery. Korean skincare au Maroc, paiement à la livraison et livraison partout au Maroc.",,NEEDS_ASSET_INGESTION,"Sélection faciale issue du catalogue officiel actuel; produits cœur de gamme, jusqu’à ~30+ par marque selon pertinence.",KSG_CURATION_FROM_OFFICIAL_NAMES_AND_CLAIMS,False,NEEDS_OFFICIAL_PDP_ENRICHMENT,Les classifications Type de peau/Besoins/Étape/AM-PM sont une curation The K-Skin Gallery sauf mention vérifiée sur fiche produit individuelle.
research-skin1004-poremizing-deep-cleansing-foam,SKIN1004,Poremizing Deep Cleansing Foam,Poremizing Deep Cleansing Foam,skin1004-poremizing-deep-cleansing-foam,,,,Nettoyants,Nettoyant,Grasse;Mixte,Pores & excès de sébum,,Nettoyer,BOTH,Sebum Care Purifying Cleanser,Nettoyants SKIN1004 sélectionné par The K-Skin Gallery pour une routine axée sur pores & excès de sébum.,Pores & excès de sébum,,,,SKIN1004 official website,https://www.skin1004.com/collections/cleanser,COLLECTION,EN,2026-10-02,PARTIAL,USD,14,Prix de référence observé sur la boutique officielle; ne pas utiliser comme prix de vente MAD.,,,,,0,3,DRAFT,PUBLISHED_OUT_OF_STOCK_WHEN_PRICED,False,False,,Poremizing Deep Cleansing Foam | SKIN1004 Maroc | The K-Skin Gallery,"Découvrez Poremizing Deep Cleansing Foam de SKIN1004 chez The K-Skin Gallery. Korean skincare au Maroc, paiement à la livraison et livraison partout au Maroc.",,NEEDS_ASSET_INGESTION,"Sélection faciale issue du catalogue officiel actuel; produits cœur de gamme, jusqu’à ~30+ par marque selon pertinence.",KSG_CURATION_FROM_OFFICIAL_NAMES_AND_CLAIMS,False,NEEDS_OFFICIAL_PDP_ENRICHMENT,Les classifications Type de peau/Besoins/Étape/AM-PM sont une curation The K-Skin Gallery sauf mention vérifiée sur fiche produit individuelle.
research-skin1004-tone-brightening-cleansing-gel-foam,SKIN1004,Tone Brightening Cleansing Gel Foam,Tone Brightening Cleansing Gel Foam,skin1004-tone-brightening-cleansing-gel-foam,,,,Nettoyants,Nettoyant,,Taches & teint irrégulier;Éclat;Hydratation,,Nettoyer,BOTH,Moisturizing Gel Cleansing Foam,"Nettoyants SKIN1004 sélectionné par The K-Skin Gallery pour une routine axée sur taches & teint irrégulier, éclat.",Taches & teint irrégulier;Éclat;Hydratation,,,,SKIN1004 official website,https://www.skin1004.com/collections/cleanser,COLLECTION,EN,2026-10-02,PARTIAL,USD,14,Prix de référence observé sur la boutique officielle; ne pas utiliser comme prix de vente MAD.,,,,,0,3,DRAFT,PUBLISHED_OUT_OF_STOCK_WHEN_PRICED,False,False,,Tone Brightening Cleansing Gel Foam | SKIN1004 Maroc | The K-Skin Gallery,"Découvrez Tone Brightening Cleansing Gel Foam de SKIN1004 chez The K-Skin Gallery. Korean skincare au Maroc, paiement à la livraison et livraison partout au Maroc.",,NEEDS_ASSET_INGESTION,"Sélection faciale issue du catalogue officiel actuel; produits cœur de gamme, jusqu’à ~30+ par marque selon pertinence.",KSG_CURATION_FROM_OFFICIAL_NAMES_AND_CLAIMS,False,NEEDS_OFFICIAL_PDP_ENRICHMENT,Les classifications Type de peau/Besoins/Étape/AM-PM sont une curation The K-Skin Gallery sauf mention vérifiée sur fiche produit individuelle.
research-skin1004-tea-trica-bha-foam,SKIN1004,Tea-Trica BHA Foam,Tea-Trica BHA Foam,skin1004-tea-trica-bha-foam,,,,Soins ciblés,Autre soin visage,Grasse;Mixte,Imperfections,BHA,Traiter,PM,Acne Deep Cleansing Foam,Soins ciblés SKIN1004 sélectionné par The K-Skin Gallery pour une routine axée sur imperfections.,Imperfections,,,,SKIN1004 official website,https://www.skin1004.com/collections/cleanser,COLLECTION,EN,2026-10-02,PARTIAL,USD,15,Prix de référence observé sur la boutique officielle; ne pas utiliser comme prix de vente MAD.,,,,,0,3,DRAFT,PUBLISHED_OUT_OF_STOCK_WHEN_PRICED,False,False,,Tea-Trica BHA Foam | SKIN1004 Maroc | The K-Skin Gallery,"Découvrez Tea-Trica BHA Foam de SKIN1004 chez The K-Skin Gallery. Korean skincare au Maroc, paiement à la livraison et livraison partout au Maroc.",,NEEDS_ASSET_INGESTION,"Sélection faciale issue du catalogue officiel actuel; produits cœur de gamme, jusqu’à ~30+ par marque selon pertinence.",KSG_CURATION_FROM_OFFICIAL_NAMES_AND_CLAIMS,False,NEEDS_OFFICIAL_PDP_ENRICHMENT,Les classifications Type de peau/Besoins/Étape/AM-PM sont une curation The K-Skin Gallery sauf mention vérifiée sur fiche produit individuelle.
research-skin1004-centella-ampoule,SKIN1004,Centella Ampoule,Centella Ampoule,skin1004-centella-ampoule,,,30ml / 55ml / 100ml,Sérums & Ampoules,Sérum / Ampoule,Sensible,Rougeurs;Barrière cutanée,Centella asiatica,Traiter,BOTH,Signature Soothing Ampoule,"Sérums & Ampoules SKIN1004 sélectionné par The K-Skin Gallery pour une routine axée sur rougeurs, barrière cutanée.",Rougeurs;Barrière cutanée,,,,SKIN1004 official website,https://www.skin1004.com/collections/ampoule-serum,COLLECTION,EN,2026-10-02,PARTIAL,USD,22,Prix de référence observé sur la boutique officielle; ne pas utiliser comme prix de vente MAD.,,,,,0,3,DRAFT,PUBLISHED_OUT_OF_STOCK_WHEN_PRICED,False,False,,Centella Ampoule | SKIN1004 Maroc | The K-Skin Gallery,"Découvrez Centella Ampoule de SKIN1004 chez The K-Skin Gallery. Korean skincare au Maroc, paiement à la livraison et livraison partout au Maroc.",,NEEDS_ASSET_INGESTION,"Sélection faciale issue du catalogue officiel actuel; produits cœur de gamme, jusqu’à ~30+ par marque selon pertinence.",KSG_CURATION_FROM_OFFICIAL_NAMES_AND_CLAIMS,False,NEEDS_OFFICIAL_PDP_ENRICHMENT,Les classifications Type de peau/Besoins/Étape/AM-PM sont une curation The K-Skin Gallery sauf mention vérifiée sur fiche produit individuelle.
research-skin1004-azelaic-acid-10-ampoule,SKIN1004,Azelaic Acid 10 Ampoule,Azelaic Acid 10 Ampoule,skin1004-azelaic-acid-10-ampoule,,,9ml / 30ml,Sérums & Ampoules,Sérum / Ampoule,Grasse;Mixte,Imperfections,Acide azélaïque,Traiter,BOTH,Daily Face Ampoule with Azelaic Acid for Blemish-Prone Skin,Sérums & Ampoules SKIN1004 sélectionné par The K-Skin Gallery pour une routine axée sur imperfections.,Imperfections,,,,SKIN1004 official website,https://www.skin1004.com/collections/ampoule-serum,COLLECTION,EN,2026-10-02,PARTIAL,USD,24,Prix de référence observé sur la boutique officielle; ne pas utiliser comme prix de vente MAD.,,,,,0,3,DRAFT,PUBLISHED_OUT_OF_STOCK_WHEN_PRICED,False,False,,Azelaic Acid 10 Ampoule | SKIN1004 Maroc | The K-Skin Gallery,"Découvrez Azelaic Acid 10 Ampoule de SKIN1004 chez The K-Skin Gallery. Korean skincare au Maroc, paiement à la livraison et livraison partout au Maroc.",,NEEDS_ASSET_INGESTION,"Sélection faciale issue du catalogue officiel actuel; produits cœur de gamme, jusqu’à ~30+ par marque selon pertinence.",KSG_CURATION_FROM_OFFICIAL_NAMES_AND_CLAIMS,False,NEEDS_OFFICIAL_PDP_ENRICHMENT,Les classifications Type de peau/Besoins/Étape/AM-PM sont une curation The K-Skin Gallery sauf mention vérifiée sur fiche produit individuelle.
research-skin1004-poremizing-fresh-ampoule,SKIN1004,Poremizing Fresh Ampoule,Poremizing Fresh Ampoule,skin1004-poremizing-fresh-ampoule,,,30ml / 50ml / 100ml,Sérums & Ampoules,Sérum / Ampoule,Grasse;Mixte,Pores & excès de sébum,,Traiter,BOTH,Pore Care & Pore Clarifying Ampoule,Sérums & Ampoules SKIN1004 sélectionné par The K-Skin Gallery pour une routine axée sur pores & excès de sébum.,Pores & excès de sébum,,,,SKIN1004 official website,https://www.skin1004.com/collections/ampoule-serum,COLLECTION,EN,2026-10-02,PARTIAL,USD,9.5,Prix de référence observé sur la boutique officielle; ne pas utiliser comme prix de vente MAD.,,,,,0,3,DRAFT,PUBLISHED_OUT_OF_STOCK_WHEN_PRICED,False,False,,Poremizing Fresh Ampoule | SKIN1004 Maroc | The K-Skin Gallery,"Découvrez Poremizing Fresh Ampoule de SKIN1004 chez The K-Skin Gallery. Korean skincare au Maroc, paiement à la livraison et livraison partout au Maroc.",,NEEDS_ASSET_INGESTION,"Sélection faciale issue du catalogue officiel actuel; produits cœur de gamme, jusqu’à ~30+ par marque selon pertinence.",KSG_CURATION_FROM_OFFICIAL_NAMES_AND_CLAIMS,False,NEEDS_OFFICIAL_PDP_ENRICHMENT,Les classifications Type de peau/Besoins/Étape/AM-PM sont une curation The K-Skin Gallery sauf mention vérifiée sur fiche produit individuelle.
research-skin1004-centella-teca-ampoule,SKIN1004,Centella Teca Ampoule,Centella Teca Ampoule,skin1004-centella-teca-ampoule,,,,Sérums & Ampoules,Sérum / Ampoule,Sensible,Rougeurs;Barrière cutanée,Centella asiatica,Traiter,BOTH,Intensive Soothing Ampoule Powered by High-Purity Centella TECA™,"Sérums & Ampoules SKIN1004 sélectionné par The K-Skin Gallery pour une routine axée sur rougeurs, barrière cutanée.",Rougeurs;Barrière cutanée,,,,SKIN1004 official website,https://www.skin1004.com/collections/ampoule-serum,COLLECTION,EN,2026-10-02,PARTIAL,USD,17,Prix de référence observé sur la boutique officielle; ne pas utiliser comme prix de vente MAD.,,,,,0,3,DRAFT,PUBLISHED_OUT_OF_STOCK_WHEN_PRICED,False,False,,Centella Teca Ampoule | SKIN1004 Maroc | The K-Skin Gallery,"Découvrez Centella Teca Ampoule de SKIN1004 chez The K-Skin Gallery. Korean skincare au Maroc, paiement à la livraison et livraison partout au Maroc.",,NEEDS_ASSET_INGESTION,"Sélection faciale issue du catalogue officiel actuel; produits cœur de gamme, jusqu’à ~30+ par marque selon pertinence.",KSG_CURATION_FROM_OFFICIAL_NAMES_AND_CLAIMS,False,NEEDS_OFFICIAL_PDP_ENRICHMENT,Les classifications Type de peau/Besoins/Étape/AM-PM sont une curation The K-Skin Gallery sauf mention vérifiée sur fiche produit individuelle.
research-skin1004-tone-brightening-capsule-ampoule,SKIN1004,Tone Brightening Capsule Ampoule,Tone Brightening Capsule Ampoule,skin1004-tone-brightening-capsule-ampoule,,,30ml / 50ml / 100ml,Sérums & Ampoules,Sérum / Ampoule,,Taches & teint irrégulier;Éclat,,Traiter,BOTH,Gentle Dark spot Correcting Ampoule,"Sérums & Ampoules SKIN1004 sélectionné par The K-Skin Gallery pour une routine axée sur taches & teint irrégulier, éclat.",Taches & teint irrégulier;Éclat,,,,SKIN1004 official website,https://www.skin1004.com/collections/ampoule-serum,COLLECTION,EN,2026-10-02,PARTIAL,USD,9,Prix de référence observé sur la boutique officielle; ne pas utiliser comme prix de vente MAD.,,,,,0,3,DRAFT,PUBLISHED_OUT_OF_STOCK_WHEN_PRICED,False,False,,Tone Brightening Capsule Ampoule | SKIN1004 Maroc | The K-Skin Gallery,"Découvrez Tone Brightening Capsule Ampoule de SKIN1004 chez The K-Skin Gallery. Korean skincare au Maroc, paiement à la livraison et livraison partout au Maroc.",,NEEDS_ASSET_INGESTION,"Sélection faciale issue du catalogue officiel actuel; produits cœur de gamme, jusqu’à ~30+ par marque selon pertinence.",KSG_CURATION_FROM_OFFICIAL_NAMES_AND_CLAIMS,False,NEEDS_OFFICIAL_PDP_ENRICHMENT,Les classifications Type de peau/Besoins/Étape/AM-PM sont une curation The K-Skin Gallery sauf mention vérifiée sur fiche produit individuelle.
research-skin1004-tea-trica-relief-ampoule,SKIN1004,Tea-Trica Relief Ampoule,Tea-Trica Relief Ampoule,skin1004-tea-trica-relief-ampoule,,,30ml / 100ml,Sérums & Ampoules,Sérum / Ampoule,Grasse;Mixte;Sensible,Imperfections;Rougeurs;Barrière cutanée,,Traiter,BOTH,Acne Skin Relief Ampoule,"Sérums & Ampoules SKIN1004 sélectionné par The K-Skin Gallery pour une routine axée sur imperfections, rougeurs.",Imperfections;Rougeurs;Barrière cutanée,,,,SKIN1004 official website,https://www.skin1004.com/collections/ampoule-serum,COLLECTION,EN,2026-10-02,PARTIAL,USD,9.8,Prix de référence observé sur la boutique officielle; ne pas utiliser comme prix de vente MAD.,,,,,0,3,DRAFT,PUBLISHED_OUT_OF_STOCK_WHEN_PRICED,False,False,,Tea-Trica Relief Ampoule | SKIN1004 Maroc | The K-Skin Gallery,"Découvrez Tea-Trica Relief Ampoule de SKIN1004 chez The K-Skin Gallery. Korean skincare au Maroc, paiement à la livraison et livraison partout au Maroc.",,NEEDS_ASSET_INGESTION,"Sélection faciale issue du catalogue officiel actuel; produits cœur de gamme, jusqu’à ~30+ par marque selon pertinence.",KSG_CURATION_FROM_OFFICIAL_NAMES_AND_CLAIMS,False,NEEDS_OFFICIAL_PDP_ENRICHMENT,Les classifications Type de peau/Besoins/Étape/AM-PM sont une curation The K-Skin Gallery sauf mention vérifiée sur fiche produit individuelle.
research-skin1004-hyalu-teca-plumping-ampoule,SKIN1004,Hyalu-Teca Plumping Ampoule,Hyalu-Teca Plumping Ampoule,skin1004-hyalu-teca-plumping-ampoule,,,,Sérums & Ampoules,Sérum / Ampoule,Sèche;Normale,Éclat;Hydratation,,Traiter,BOTH,Skin-booster-level Moisture-plumping glow ampoule,"Sérums & Ampoules SKIN1004 sélectionné par The K-Skin Gallery pour une routine axée sur éclat, hydratation.",Éclat;Hydratation,,,,SKIN1004 official website,https://www.skin1004.com/collections/ampoule-serum,COLLECTION,EN,2026-10-02,PARTIAL,USD,19,Prix de référence observé sur la boutique officielle; ne pas utiliser comme prix de vente MAD.,,,,,0,3,DRAFT,PUBLISHED_OUT_OF_STOCK_WHEN_PRICED,False,False,,Hyalu-Teca Plumping Ampoule | SKIN1004 Maroc | The K-Skin Gallery,"Découvrez Hyalu-Teca Plumping Ampoule de SKIN1004 chez The K-Skin Gallery. Korean skincare au Maroc, paiement à la livraison et livraison partout au Maroc.",,NEEDS_ASSET_INGESTION,"Sélection faciale issue du catalogue officiel actuel; produits cœur de gamme, jusqu’à ~30+ par marque selon pertinence.",KSG_CURATION_FROM_OFFICIAL_NAMES_AND_CLAIMS,False,NEEDS_OFFICIAL_PDP_ENRICHMENT,Les classifications Type de peau/Besoins/Étape/AM-PM sont une curation The K-Skin Gallery sauf mention vérifiée sur fiche produit individuelle.
research-skin1004-probio-cica-intensive-ampoule,SKIN1004,Probio-Cica Intensive Ampoule,Probio-Cica Intensive Ampoule,skin1004-probio-cica-intensive-ampoule,,,30ml / 50ml / 95ml,Sérums & Ampoules,Sérum / Ampoule,Sèche;Normale;Sensible,Barrière cutanée;Rougeurs,Centella asiatica,Traiter,BOTH,Barrier Supporting Soothing Ampoule,"Sérums & Ampoules SKIN1004 sélectionné par The K-Skin Gallery pour une routine axée sur barrière cutanée, rougeurs.",Barrière cutanée;Rougeurs,,,,SKIN1004 official website,https://www.skin1004.com/collections/ampoule-serum,COLLECTION,EN,2026-10-02,PARTIAL,USD,22,Prix de référence observé sur la boutique officielle; ne pas utiliser comme prix de vente MAD.,,,,,0,3,DRAFT,PUBLISHED_OUT_OF_STOCK_WHEN_PRICED,False,False,,Probio-Cica Intensive Ampoule | SKIN1004 Maroc | The K-Skin Gallery,"Découvrez Probio-Cica Intensive Ampoule de SKIN1004 chez The K-Skin Gallery. Korean skincare au Maroc, paiement à la livraison et livraison partout au Maroc.",,NEEDS_ASSET_INGESTION,"Sélection faciale issue du catalogue officiel actuel; produits cœur de gamme, jusqu’à ~30+ par marque selon pertinence.",KSG_CURATION_FROM_OFFICIAL_NAMES_AND_CLAIMS,False,NEEDS_OFFICIAL_PDP_ENRICHMENT,Les classifications Type de peau/Besoins/Étape/AM-PM sont une curation The K-Skin Gallery sauf mention vérifiée sur fiche produit individuelle.
research-skin1004-retinol-0-2-boosting-shot-ampoule,SKIN1004,Retinol 0.2 Boosting Shot Ampoule,Retinol 0.2 Boosting Shot Ampoule,skin1004-retinol-0-2-boosting-shot-ampoule,,,,Sérums & Ampoules,Sérum / Ampoule,Normale;Sèche;Mixte,Premiers signes de l'âge,Rétinol,Traiter,PM,A Firming Elasticity Ampoule,Sérums & Ampoules SKIN1004 sélectionné par The K-Skin Gallery pour une routine axée sur premiers signes de l'âge.,Premiers signes de l'âge,,,,SKIN1004 official website,https://www.skin1004.com/collections/ampoule-serum,COLLECTION,EN,2026-10-02,PARTIAL,USD,24,Prix de référence observé sur la boutique officielle; ne pas utiliser comme prix de vente MAD.,,,,,0,3,DRAFT,PUBLISHED_OUT_OF_STOCK_WHEN_PRICED,False,False,,Retinol 0.2 Boosting Shot Ampoule | SKIN1004 Maroc | The K-Skin Gallery,"Découvrez Retinol 0.2 Boosting Shot Ampoule de SKIN1004 chez The K-Skin Gallery. Korean skincare au Maroc, paiement à la livraison et livraison partout au Maroc.",,NEEDS_ASSET_INGESTION,"Sélection faciale issue du catalogue officiel actuel; produits cœur de gamme, jusqu’à ~30+ par marque selon pertinence.",KSG_CURATION_FROM_OFFICIAL_NAMES_AND_CLAIMS,False,NEEDS_OFFICIAL_PDP_ENRICHMENT,Les classifications Type de peau/Besoins/Étape/AM-PM sont une curation The K-Skin Gallery sauf mention vérifiée sur fiche produit individuelle.
research-skin1004-matrixyl-10-boosting-shot-ampoule,SKIN1004,Matrixyl 10 Boosting Shot Ampoule,Matrixyl 10 Boosting Shot Ampoule,skin1004-matrixyl-10-boosting-shot-ampoule,,,,Sérums & Ampoules,Sérum / Ampoule,Sèche;Normale,Hydratation,,Traiter,BOTH,A Hydrating plumping ampoule from deep within the skin,Sérums & Ampoules SKIN1004 sélectionné par The K-Skin Gallery pour une routine axée sur hydratation.,Hydratation,,,,SKIN1004 official website,https://www.skin1004.com/collections/ampoule-serum,COLLECTION,EN,2026-10-02,PARTIAL,USD,28,Prix de référence observé sur la boutique officielle; ne pas utiliser comme prix de vente MAD.,,,,,0,3,DRAFT,PUBLISHED_OUT_OF_STOCK_WHEN_PRICED,False,False,,Matrixyl 10 Boosting Shot Ampoule | SKIN1004 Maroc | The K-Skin Gallery,"Découvrez Matrixyl 10 Boosting Shot Ampoule de SKIN1004 chez The K-Skin Gallery. Korean skincare au Maroc, paiement à la livraison et livraison partout au Maroc.",,NEEDS_ASSET_INGESTION,"Sélection faciale issue du catalogue officiel actuel; produits cœur de gamme, jusqu’à ~30+ par marque selon pertinence.",KSG_CURATION_FROM_OFFICIAL_NAMES_AND_CLAIMS,False,NEEDS_OFFICIAL_PDP_ENRICHMENT,Les classifications Type de peau/Besoins/Étape/AM-PM sont une curation The K-Skin Gallery sauf mention vérifiée sur fiche produit individuelle.
research-skin1004-niacinamide-10-boosting-shot-ampoule,SKIN1004,Niacinamide 10 Boosting Shot Ampoule,Niacinamide 10 Boosting Shot Ampoule,skin1004-niacinamide-10-boosting-shot-ampoule,,,,Sérums & Ampoules,Sérum / Ampoule,Grasse;Mixte,Pores & excès de sébum;Éclat,Niacinamide,Traiter,BOTH,A Daily Toning Ampoule for Radiance Boost and Targeted Pore Care,"Sérums & Ampoules SKIN1004 sélectionné par The K-Skin Gallery pour une routine axée sur pores & excès de sébum, éclat.",Pores & excès de sébum;Éclat,,,,SKIN1004 official website,https://www.skin1004.com/collections/ampoule-serum,COLLECTION,EN,2026-10-02,PARTIAL,USD,22,Prix de référence observé sur la boutique officielle; ne pas utiliser comme prix de vente MAD.,,,,,0,3,DRAFT,PUBLISHED_OUT_OF_STOCK_WHEN_PRICED,False,False,,Niacinamide 10 Boosting Shot Ampoule | SKIN1004 Maroc | The K-Skin Gallery,"Découvrez Niacinamide 10 Boosting Shot Ampoule de SKIN1004 chez The K-Skin Gallery. Korean skincare au Maroc, paiement à la livraison et livraison partout au Maroc.",,NEEDS_ASSET_INGESTION,"Sélection faciale issue du catalogue officiel actuel; produits cœur de gamme, jusqu’à ~30+ par marque selon pertinence.",KSG_CURATION_FROM_OFFICIAL_NAMES_AND_CLAIMS,False,NEEDS_OFFICIAL_PDP_ENRICHMENT,Les classifications Type de peau/Besoins/Étape/AM-PM sont une curation The K-Skin Gallery sauf mention vérifiée sur fiche produit individuelle.
research-skin1004-hyalu-cica-first-ampoule,SKIN1004,Hyalu-Cica First Ampoule,Hyalu-Cica First Ampoule,skin1004-hyalu-cica-first-ampoule,,,,Sérums & Ampoules,Sérum / Ampoule,Sensible,Rougeurs;Barrière cutanée,Centella asiatica,Traiter,BOTH,,"Sérums & Ampoules SKIN1004 classé par The K-Skin Gallery dans la sélection rougeurs, barrière cutanée.",Rougeurs;Barrière cutanée,,,,SKIN1004 official website,https://www.skin1004.com/collections/ampoule-serum,COLLECTION,EN,2026-10-02,PARTIAL,,,Prix de référence observé sur la boutique officielle; ne pas utiliser comme prix de vente MAD.,,,,,0,3,DRAFT,PUBLISHED_OUT_OF_STOCK_WHEN_PRICED,False,False,,Hyalu-Cica First Ampoule | SKIN1004 Maroc | The K-Skin Gallery,"Découvrez Hyalu-Cica First Ampoule de SKIN1004 chez The K-Skin Gallery. Korean skincare au Maroc, paiement à la livraison et livraison partout au Maroc.",,NEEDS_ASSET_INGESTION,"Sélection faciale issue du catalogue officiel actuel; produits cœur de gamme, jusqu’à ~30+ par marque selon pertinence.",KSG_CURATION_FROM_OFFICIAL_NAMES_AND_CLAIMS,False,NEEDS_OFFICIAL_PDP_ENRICHMENT,Les classifications Type de peau/Besoins/Étape/AM-PM sont une curation The K-Skin Gallery sauf mention vérifiée sur fiche produit individuelle.
research-skin1004-centella-toning-toner,SKIN1004,Centella Toning Toner,Centella Toning Toner,skin1004-centella-toning-toner,,,30ml / 210ml / 400ml,Toners & Essences,Toner / Essence,Sensible,Rougeurs;Barrière cutanée,Centella asiatica,Préparer,BOTH,Mild Daily Exfoliating Toner,"Toners & Essences SKIN1004 sélectionné par The K-Skin Gallery pour une routine axée sur rougeurs, barrière cutanée.",Rougeurs;Barrière cutanée,,,,SKIN1004 official website,https://www.skin1004.com/collections/toner-mist,COLLECTION,EN,2026-10-02,PARTIAL,USD,5,Prix de référence observé sur la boutique officielle; ne pas utiliser comme prix de vente MAD.,,,,,0,3,DRAFT,PUBLISHED_OUT_OF_STOCK_WHEN_PRICED,False,False,,Centella Toning Toner | SKIN1004 Maroc | The K-Skin Gallery,"Découvrez Centella Toning Toner de SKIN1004 chez The K-Skin Gallery. Korean skincare au Maroc, paiement à la livraison et livraison partout au Maroc.",,NEEDS_ASSET_INGESTION,"Sélection faciale issue du catalogue officiel actuel; produits cœur de gamme, jusqu’à ~30+ par marque selon pertinence.",KSG_CURATION_FROM_OFFICIAL_NAMES_AND_CLAIMS,False,NEEDS_OFFICIAL_PDP_ENRICHMENT,Les classifications Type de peau/Besoins/Étape/AM-PM sont une curation The K-Skin Gallery sauf mention vérifiée sur fiche produit individuelle.
research-skin1004-probio-cica-essence-toner,SKIN1004,Probio-Cica Essence Toner,Probio-Cica Essence Toner,skin1004-probio-cica-essence-toner,,,,Toners & Essences,Toner / Essence,Sensible,Rougeurs;Barrière cutanée,Centella asiatica,Préparer,BOTH,Rich Essence Soothing Toner,"Toners & Essences SKIN1004 sélectionné par The K-Skin Gallery pour une routine axée sur rougeurs, barrière cutanée.",Rougeurs;Barrière cutanée,,,,SKIN1004 official website,https://www.skin1004.com/collections/toner-mist,COLLECTION,EN,2026-10-02,PARTIAL,USD,21,Prix de référence observé sur la boutique officielle; ne pas utiliser comme prix de vente MAD.,,,,,0,3,DRAFT,PUBLISHED_OUT_OF_STOCK_WHEN_PRICED,False,False,,Probio-Cica Essence Toner | SKIN1004 Maroc | The K-Skin Gallery,"Découvrez Probio-Cica Essence Toner de SKIN1004 chez The K-Skin Gallery. Korean skincare au Maroc, paiement à la livraison et livraison partout au Maroc.",,NEEDS_ASSET_INGESTION,"Sélection faciale issue du catalogue officiel actuel; produits cœur de gamme, jusqu’à ~30+ par marque selon pertinence.",KSG_CURATION_FROM_OFFICIAL_NAMES_AND_CLAIMS,False,NEEDS_OFFICIAL_PDP_ENRICHMENT,Les classifications Type de peau/Besoins/Étape/AM-PM sont une curation The K-Skin Gallery sauf mention vérifiée sur fiche produit individuelle.
research-skin1004-poremizing-clear-toner,SKIN1004,Poremizing Clear Toner,Poremizing Clear Toner,skin1004-poremizing-clear-toner,,,,Toners & Essences,Toner / Essence,Grasse;Mixte,Pores & excès de sébum,,Préparer,BOTH,Exfoliating & Sebum Controlling Toner,Toners & Essences SKIN1004 sélectionné par The K-Skin Gallery pour une routine axée sur pores & excès de sébum.,Pores & excès de sébum,,,,SKIN1004 official website,https://www.skin1004.com/collections/toner-mist,COLLECTION,EN,2026-10-02,PARTIAL,USD,19,Prix de référence observé sur la boutique officielle; ne pas utiliser comme prix de vente MAD.,,,,,0,3,DRAFT,PUBLISHED_OUT_OF_STOCK_WHEN_PRICED,False,False,,Poremizing Clear Toner | SKIN1004 Maroc | The K-Skin Gallery,"Découvrez Poremizing Clear Toner de SKIN1004 chez The K-Skin Gallery. Korean skincare au Maroc, paiement à la livraison et livraison partout au Maroc.",,NEEDS_ASSET_INGESTION,"Sélection faciale issue du catalogue officiel actuel; produits cœur de gamme, jusqu’à ~30+ par marque selon pertinence.",KSG_CURATION_FROM_OFFICIAL_NAMES_AND_CLAIMS,False,NEEDS_OFFICIAL_PDP_ENRICHMENT,Les classifications Type de peau/Besoins/Étape/AM-PM sont une curation The K-Skin Gallery sauf mention vérifiée sur fiche produit individuelle.
research-skin1004-hyalu-cica-brightening-toner,SKIN1004,Hyalu-Cica Brightening Toner,Hyalu-Cica Brightening Toner,skin1004-hyalu-cica-brightening-toner,,,30ml / 210ml,Toners & Essences,Toner / Essence,Sensible,Taches & teint irrégulier;Éclat;Hydratation;Rougeurs;Barrière cutanée,Centella asiatica,Préparer,BOTH,Mild Exfoliating Moisturizing toner,"Toners & Essences SKIN1004 sélectionné par The K-Skin Gallery pour une routine axée sur taches & teint irrégulier, éclat.",Taches & teint irrégulier;Éclat;Hydratation;Rougeurs;Barrière cutanée,,,,SKIN1004 official website,https://www.skin1004.com/collections/toner-mist,COLLECTION,EN,2026-10-02,PARTIAL,USD,6,Prix de référence observé sur la boutique officielle; ne pas utiliser comme prix de vente MAD.,,,,,0,3,DRAFT,PUBLISHED_OUT_OF_STOCK_WHEN_PRICED,False,False,,Hyalu-Cica Brightening Toner | SKIN1004 Maroc | The K-Skin Gallery,"Découvrez Hyalu-Cica Brightening Toner de SKIN1004 chez The K-Skin Gallery. Korean skincare au Maroc, paiement à la livraison et livraison partout au Maroc.",,NEEDS_ASSET_INGESTION,"Sélection faciale issue du catalogue officiel actuel; produits cœur de gamme, jusqu’à ~30+ par marque selon pertinence.",KSG_CURATION_FROM_OFFICIAL_NAMES_AND_CLAIMS,False,NEEDS_OFFICIAL_PDP_ENRICHMENT,Les classifications Type de peau/Besoins/Étape/AM-PM sont une curation The K-Skin Gallery sauf mention vérifiée sur fiche produit individuelle.
research-skin1004-centella-teca-soothing-toner,SKIN1004,Centella Teca Soothing Toner,Centella Teca Soothing Toner,skin1004-centella-teca-soothing-toner,,,,Toners & Essences,Toner / Essence,Sensible,Rougeurs;Barrière cutanée,Centella asiatica,Préparer,BOTH,Intensive Soothing Toner Powered by High-Purity Centella TECA™,"Toners & Essences SKIN1004 sélectionné par The K-Skin Gallery pour une routine axée sur rougeurs, barrière cutanée.",Rougeurs;Barrière cutanée,,,,SKIN1004 official website,https://www.skin1004.com/collections/all/toner-mist,COLLECTION,EN,2026-10-02,PARTIAL,USD,20,Prix de référence observé sur la boutique officielle; ne pas utiliser comme prix de vente MAD.,,,,,0,3,DRAFT,PUBLISHED_OUT_OF_STOCK_WHEN_PRICED,False,False,,Centella Teca Soothing Toner | SKIN1004 Maroc | The K-Skin Gallery,"Découvrez Centella Teca Soothing Toner de SKIN1004 chez The K-Skin Gallery. Korean skincare au Maroc, paiement à la livraison et livraison partout au Maroc.",,NEEDS_ASSET_INGESTION,"Sélection faciale issue du catalogue officiel actuel; produits cœur de gamme, jusqu’à ~30+ par marque selon pertinence.",KSG_CURATION_FROM_OFFICIAL_NAMES_AND_CLAIMS,False,NEEDS_OFFICIAL_PDP_ENRICHMENT,Les classifications Type de peau/Besoins/Étape/AM-PM sont une curation The K-Skin Gallery sauf mention vérifiée sur fiche produit individuelle.
research-skin1004-hyalu-cica-cloudy-mist,SKIN1004,Hyalu-Cica Cloudy Mist,Hyalu-Cica Cloudy Mist,skin1004-hyalu-cica-cloudy-mist,,,,Toners & Essences,Toner / Essence,Sèche;Normale;Sensible,Hydratation;Rougeurs;Barrière cutanée,Centella asiatica,Préparer,BOTH,Ultra-fine Hydrating Facial Mist,"Toners & Essences SKIN1004 sélectionné par The K-Skin Gallery pour une routine axée sur hydratation, rougeurs.",Hydratation;Rougeurs;Barrière cutanée,,,,SKIN1004 official website,https://www.skin1004.com/collections/all/toner-mist,COLLECTION,EN,2026-10-02,PARTIAL,USD,22,Prix de référence observé sur la boutique officielle; ne pas utiliser comme prix de vente MAD.,,,,,0,3,DRAFT,PUBLISHED_OUT_OF_STOCK_WHEN_PRICED,False,False,,Hyalu-Cica Cloudy Mist | SKIN1004 Maroc | The K-Skin Gallery,"Découvrez Hyalu-Cica Cloudy Mist de SKIN1004 chez The K-Skin Gallery. Korean skincare au Maroc, paiement à la livraison et livraison partout au Maroc.",,NEEDS_ASSET_INGESTION,"Sélection faciale issue du catalogue officiel actuel; produits cœur de gamme, jusqu’à ~30+ par marque selon pertinence.",KSG_CURATION_FROM_OFFICIAL_NAMES_AND_CLAIMS,False,NEEDS_OFFICIAL_PDP_ENRICHMENT,Les classifications Type de peau/Besoins/Étape/AM-PM sont une curation The K-Skin Gallery sauf mention vérifiée sur fiche produit individuelle.
research-skin1004-tone-brightening-boosting-toner,SKIN1004,Tone Brightening Boosting Toner,Tone Brightening Boosting Toner,skin1004-tone-brightening-boosting-toner,,,,Toners & Essences,Toner / Essence,,Taches & teint irrégulier;Éclat,,Préparer,BOTH,,"Toners & Essences SKIN1004 classé par The K-Skin Gallery dans la sélection taches & teint irrégulier, éclat.",Taches & teint irrégulier;Éclat,,,,SKIN1004 official website,https://www.skin1004.com/collections/all/toner-mist,COLLECTION,EN,2026-10-02,PARTIAL,,,Prix de référence observé sur la boutique officielle; ne pas utiliser comme prix de vente MAD.,,,,,0,3,DRAFT,PUBLISHED_OUT_OF_STOCK_WHEN_PRICED,False,False,,Tone Brightening Boosting Toner | SKIN1004 Maroc | The K-Skin Gallery,"Découvrez Tone Brightening Boosting Toner de SKIN1004 chez The K-Skin Gallery. Korean skincare au Maroc, paiement à la livraison et livraison partout au Maroc.",,NEEDS_ASSET_INGESTION,"Sélection faciale issue du catalogue officiel actuel; produits cœur de gamme, jusqu’à ~30+ par marque selon pertinence.",KSG_CURATION_FROM_OFFICIAL_NAMES_AND_CLAIMS,False,NEEDS_OFFICIAL_PDP_ENRICHMENT,Les classifications Type de peau/Besoins/Étape/AM-PM sont une curation The K-Skin Gallery sauf mention vérifiée sur fiche produit individuelle.
research-skin1004-poremizing-light-gel-cream,SKIN1004,Poremizing Light Gel Cream,Poremizing Light Gel Cream,skin1004-poremizing-light-gel-cream,,,,Crèmes hydratantes,Crème / Hydratant,Grasse;Mixte,Pores & excès de sébum,,Hydrater,BOTH,Lightweight Cooling Gel Cream,Crèmes hydratantes SKIN1004 sélectionné par The K-Skin Gallery pour une routine axée sur pores & excès de sébum.,Pores & excès de sébum,,,,SKIN1004 official website,https://www.skin1004.com/collections/cream,COLLECTION,EN,2026-10-02,PARTIAL,USD,21,Prix de référence observé sur la boutique officielle; ne pas utiliser comme prix de vente MAD.,,,,,0,3,DRAFT,PUBLISHED_OUT_OF_STOCK_WHEN_PRICED,False,False,,Poremizing Light Gel Cream | SKIN1004 Maroc | The K-Skin Gallery,"Découvrez Poremizing Light Gel Cream de SKIN1004 chez The K-Skin Gallery. Korean skincare au Maroc, paiement à la livraison et livraison partout au Maroc.",,NEEDS_ASSET_INGESTION,"Sélection faciale issue du catalogue officiel actuel; produits cœur de gamme, jusqu’à ~30+ par marque selon pertinence.",KSG_CURATION_FROM_OFFICIAL_NAMES_AND_CLAIMS,False,NEEDS_OFFICIAL_PDP_ENRICHMENT,Les classifications Type de peau/Besoins/Étape/AM-PM sont une curation The K-Skin Gallery sauf mention vérifiée sur fiche produit individuelle.
research-skin1004-hyalu-cica-moisture-cream,SKIN1004,Hyalu-Cica Moisture Cream,Hyalu-Cica Moisture Cream,skin1004-hyalu-cica-moisture-cream,,,30ml / 75ml,Crèmes hydratantes,Crème / Hydratant,Sèche;Normale;Sensible,Hydratation;Rougeurs;Barrière cutanée,Centella asiatica,Hydrater,BOTH,Lightweight Deep moisturizing cream,"Crèmes hydratantes SKIN1004 sélectionné par The K-Skin Gallery pour une routine axée sur hydratation, rougeurs.",Hydratation;Rougeurs;Barrière cutanée,,,,SKIN1004 official website,https://www.skin1004.com/collections/cream,COLLECTION,EN,2026-10-02,PARTIAL,USD,21,Prix de référence observé sur la boutique officielle; ne pas utiliser comme prix de vente MAD.,,,,,0,3,DRAFT,PUBLISHED_OUT_OF_STOCK_WHEN_PRICED,False,False,,Hyalu-Cica Moisture Cream | SKIN1004 Maroc | The K-Skin Gallery,"Découvrez Hyalu-Cica Moisture Cream de SKIN1004 chez The K-Skin Gallery. Korean skincare au Maroc, paiement à la livraison et livraison partout au Maroc.",,NEEDS_ASSET_INGESTION,"Sélection faciale issue du catalogue officiel actuel; produits cœur de gamme, jusqu’à ~30+ par marque selon pertinence.",KSG_CURATION_FROM_OFFICIAL_NAMES_AND_CLAIMS,False,NEEDS_OFFICIAL_PDP_ENRICHMENT,Les classifications Type de peau/Besoins/Étape/AM-PM sont une curation The K-Skin Gallery sauf mention vérifiée sur fiche produit individuelle.
research-skin1004-centella-teca-cream,SKIN1004,Centella Teca Cream,Centella Teca Cream,skin1004-centella-teca-cream,,,,Crèmes hydratantes,Crème / Hydratant,Sensible,Rougeurs;Barrière cutanée,Centella asiatica,Hydrater,BOTH,Comfort-sealing Gel Cream Powered by High-Purity Centella TECA™,"Crèmes hydratantes SKIN1004 sélectionné par The K-Skin Gallery pour une routine axée sur rougeurs, barrière cutanée.",Rougeurs;Barrière cutanée,,,,SKIN1004 official website,https://www.skin1004.com/collections/cream,COLLECTION,EN,2026-10-02,PARTIAL,USD,20,Prix de référence observé sur la boutique officielle; ne pas utiliser comme prix de vente MAD.,,,,,0,3,DRAFT,PUBLISHED_OUT_OF_STOCK_WHEN_PRICED,False,False,,Centella Teca Cream | SKIN1004 Maroc | The K-Skin Gallery,"Découvrez Centella Teca Cream de SKIN1004 chez The K-Skin Gallery. Korean skincare au Maroc, paiement à la livraison et livraison partout au Maroc.",,NEEDS_ASSET_INGESTION,"Sélection faciale issue du catalogue officiel actuel; produits cœur de gamme, jusqu’à ~30+ par marque selon pertinence.",KSG_CURATION_FROM_OFFICIAL_NAMES_AND_CLAIMS,False,NEEDS_OFFICIAL_PDP_ENRICHMENT,Les classifications Type de peau/Besoins/Étape/AM-PM sont une curation The K-Skin Gallery sauf mention vérifiée sur fiche produit individuelle.
research-skin1004-centella-soothing-cream,SKIN1004,Centella Soothing Cream,Centella Soothing Cream,skin1004-centella-soothing-cream,,,30ml / 75ml,Crèmes hydratantes,Crème / Hydratant,Sensible,Rougeurs;Barrière cutanée,Centella asiatica,Hydrater,BOTH,Non-sticky Soothing Gel Cream,"Crèmes hydratantes SKIN1004 sélectionné par The K-Skin Gallery pour une routine axée sur rougeurs, barrière cutanée.",Rougeurs;Barrière cutanée,,,,SKIN1004 official website,https://www.skin1004.com/collections/cream,COLLECTION,EN,2026-10-02,PARTIAL,,,Prix de référence observé sur la boutique officielle; ne pas utiliser comme prix de vente MAD.,,,,,0,3,DRAFT,PUBLISHED_OUT_OF_STOCK_WHEN_PRICED,False,False,,Centella Soothing Cream | SKIN1004 Maroc | The K-Skin Gallery,"Découvrez Centella Soothing Cream de SKIN1004 chez The K-Skin Gallery. Korean skincare au Maroc, paiement à la livraison et livraison partout au Maroc.",,NEEDS_ASSET_INGESTION,"Sélection faciale issue du catalogue officiel actuel; produits cœur de gamme, jusqu’à ~30+ par marque selon pertinence.",KSG_CURATION_FROM_OFFICIAL_NAMES_AND_CLAIMS,False,NEEDS_OFFICIAL_PDP_ENRICHMENT,Les classifications Type de peau/Besoins/Étape/AM-PM sont une curation The K-Skin Gallery sauf mention vérifiée sur fiche produit individuelle.
research-skin1004-centella-cream,SKIN1004,Centella Cream,Centella Cream,skin1004-centella-cream,,,30ml / 75ml,Crèmes hydratantes,Crème / Hydratant,Sensible,Hydratation;Rougeurs;Barrière cutanée,Centella asiatica,Hydrater,BOTH,Lightweight Moisturizing Cream,"Crèmes hydratantes SKIN1004 sélectionné par The K-Skin Gallery pour une routine axée sur hydratation, rougeurs.",Hydratation;Rougeurs;Barrière cutanée,,,,SKIN1004 official website,https://www.skin1004.com/collections/all-products,COLLECTION,EN,2026-10-02,PARTIAL,USD,20,Prix de référence observé sur la boutique officielle; ne pas utiliser comme prix de vente MAD.,,,,,0,3,DRAFT,PUBLISHED_OUT_OF_STOCK_WHEN_PRICED,False,False,,Centella Cream | SKIN1004 Maroc | The K-Skin Gallery,"Découvrez Centella Cream de SKIN1004 chez The K-Skin Gallery. Korean skincare au Maroc, paiement à la livraison et livraison partout au Maroc.",,NEEDS_ASSET_INGESTION,"Sélection faciale issue du catalogue officiel actuel; produits cœur de gamme, jusqu’à ~30+ par marque selon pertinence.",KSG_CURATION_FROM_OFFICIAL_NAMES_AND_CLAIMS,False,NEEDS_OFFICIAL_PDP_ENRICHMENT,Les classifications Type de peau/Besoins/Étape/AM-PM sont une curation The K-Skin Gallery sauf mention vérifiée sur fiche produit individuelle.
research-skin1004-probio-cica-enrich-cream,SKIN1004,Probio-Cica Enrich Cream,Probio-Cica Enrich Cream,skin1004-probio-cica-enrich-cream,,,15ml / 50ml,Crèmes hydratantes,Crème / Hydratant,Sèche;Normale;Sensible,Barrière cutanée;Rougeurs,Centella asiatica,Hydrater,BOTH,Rich & Buttery Barrier Cream,"Crèmes hydratantes SKIN1004 sélectionné par The K-Skin Gallery pour une routine axée sur barrière cutanée, rougeurs.",Barrière cutanée;Rougeurs,,,,SKIN1004 official website,https://www.skin1004.com/collections/all-products,COLLECTION,EN,2026-10-02,PARTIAL,USD,10,Prix de référence observé sur la boutique officielle; ne pas utiliser comme prix de vente MAD.,,,,,0,3,DRAFT,PUBLISHED_OUT_OF_STOCK_WHEN_PRICED,False,False,,Probio-Cica Enrich Cream | SKIN1004 Maroc | The K-Skin Gallery,"Découvrez Probio-Cica Enrich Cream de SKIN1004 chez The K-Skin Gallery. Korean skincare au Maroc, paiement à la livraison et livraison partout au Maroc.",,NEEDS_ASSET_INGESTION,"Sélection faciale issue du catalogue officiel actuel; produits cœur de gamme, jusqu’à ~30+ par marque selon pertinence.",KSG_CURATION_FROM_OFFICIAL_NAMES_AND_CLAIMS,False,NEEDS_OFFICIAL_PDP_ENRICHMENT,Les classifications Type de peau/Besoins/Étape/AM-PM sont une curation The K-Skin Gallery sauf mention vérifiée sur fiche produit individuelle.
research-skin1004-hyalu-cica-sleeping-pack,SKIN1004,Hyalu-Cica Sleeping Pack,Hyalu-Cica Sleeping Pack,skin1004-hyalu-cica-sleeping-pack,,,30ml / 100ml,Masques,Masque,Sèche;Normale;Sensible,Hydratation;Rougeurs;Barrière cutanée,Centella asiatica,Traiter,PM,Hydrating Overnight Sleeping Mask,"Masques SKIN1004 sélectionné par The K-Skin Gallery pour une routine axée sur hydratation, rougeurs.",Hydratation;Rougeurs;Barrière cutanée,,,,SKIN1004 official website,https://www.skin1004.com/collections/all-products,COLLECTION,EN,2026-10-02,PARTIAL,USD,7,Prix de référence observé sur la boutique officielle; ne pas utiliser comme prix de vente MAD.,,,,,0,3,DRAFT,PUBLISHED_OUT_OF_STOCK_WHEN_PRICED,False,False,,Hyalu-Cica Sleeping Pack | SKIN1004 Maroc | The K-Skin Gallery,"Découvrez Hyalu-Cica Sleeping Pack de SKIN1004 chez The K-Skin Gallery. Korean skincare au Maroc, paiement à la livraison et livraison partout au Maroc.",,NEEDS_ASSET_INGESTION,"Sélection faciale issue du catalogue officiel actuel; produits cœur de gamme, jusqu’à ~30+ par marque selon pertinence.",KSG_CURATION_FROM_OFFICIAL_NAMES_AND_CLAIMS,False,NEEDS_OFFICIAL_PDP_ENRICHMENT,Les classifications Type de peau/Besoins/Étape/AM-PM sont une curation The K-Skin Gallery sauf mention vérifiée sur fiche produit individuelle.
research-skin1004-poremizing-quick-clay-stick-mask,SKIN1004,Poremizing Quick Clay Stick Mask,Poremizing Quick Clay Stick Mask,skin1004-poremizing-quick-clay-stick-mask,,,,Masques,Masque,Grasse;Mixte,Pores & excès de sébum,,Traiter,BOTH,Sebum Soaking Clay Mask Stick,Masques SKIN1004 sélectionné par The K-Skin Gallery pour une routine axée sur pores & excès de sébum.,Pores & excès de sébum,,,,SKIN1004 official website,https://www.skin1004.com/collections/cleanser,COLLECTION,EN,2026-10-02,PARTIAL,USD,22,Prix de référence observé sur la boutique officielle; ne pas utiliser comme prix de vente MAD.,,,,,0,3,DRAFT,PUBLISHED_OUT_OF_STOCK_WHEN_PRICED,False,False,,Poremizing Quick Clay Stick Mask | SKIN1004 Maroc | The K-Skin Gallery,"Découvrez Poremizing Quick Clay Stick Mask de SKIN1004 chez The K-Skin Gallery. Korean skincare au Maroc, paiement à la livraison et livraison partout au Maroc.",,NEEDS_ASSET_INGESTION,"Sélection faciale issue du catalogue officiel actuel; produits cœur de gamme, jusqu’à ~30+ par marque selon pertinence.",KSG_CURATION_FROM_OFFICIAL_NAMES_AND_CLAIMS,False,NEEDS_OFFICIAL_PDP_ENRICHMENT,Les classifications Type de peau/Besoins/Étape/AM-PM sont une curation The K-Skin Gallery sauf mention vérifiée sur fiche produit individuelle.
research-skin1004-probio-cica-bakuchiol-eye-cream,SKIN1004,Probio-Cica Bakuchiol Eye Cream,Probio-Cica Bakuchiol Eye Cream,skin1004-probio-cica-bakuchiol-eye-cream,,,20ml,Contour des yeux,Contour des yeux,Sensible;Normale;Sèche;Mixte,Rougeurs;Barrière cutanée;Premiers signes de l'âge,Centella asiatica;Bakuchiol,Traiter,BOTH,Gentle Firming Eye Cream,"Contour des yeux SKIN1004 sélectionné par The K-Skin Gallery pour une routine axée sur rougeurs, barrière cutanée.",Rougeurs;Barrière cutanée;Premiers signes de l'âge,,,,SKIN1004 official website,https://www.skin1004.com/collections/all-products,COLLECTION,EN,2026-10-02,PARTIAL,USD,30,Prix de référence observé sur la boutique officielle; ne pas utiliser comme prix de vente MAD.,,,,,0,3,DRAFT,PUBLISHED_OUT_OF_STOCK_WHEN_PRICED,False,False,,Probio-Cica Bakuchiol Eye Cream | SKIN1004 Maroc | The K-Skin Gallery,"Découvrez Probio-Cica Bakuchiol Eye Cream de SKIN1004 chez The K-Skin Gallery. Korean skincare au Maroc, paiement à la livraison et livraison partout au Maroc.",,NEEDS_ASSET_INGESTION,"Sélection faciale issue du catalogue officiel actuel; produits cœur de gamme, jusqu’à ~30+ par marque selon pertinence.",KSG_CURATION_FROM_OFFICIAL_NAMES_AND_CLAIMS,False,NEEDS_OFFICIAL_PDP_ENRICHMENT,Les classifications Type de peau/Besoins/Étape/AM-PM sont une curation The K-Skin Gallery sauf mention vérifiée sur fiche produit individuelle.
research-skin1004-hyalu-cica-water-fit-sun-serum-uv,SKIN1004,Hyalu-Cica Water-Fit Sun Serum UV,Hyalu-Cica Water-Fit Sun Serum UV,skin1004-hyalu-cica-water-fit-sun-serum-uv,,,50ml,Protection solaire,Protection solaire,Sèche;Normale;Sensible;Grasse;Mixte,Hydratation;Rougeurs;Barrière cutanée,Centella asiatica,Protéger,AM,Hydrating Daily SPF50 Sun Serum,"Protection solaire SKIN1004 sélectionné par The K-Skin Gallery pour une routine axée sur hydratation, rougeurs.",Hydratation;Rougeurs;Barrière cutanée,,,,SKIN1004 official website,https://www.skin1004.com/collections/all,COLLECTION,EN,2026-10-02,PARTIAL,USD,19,Prix de référence observé sur la boutique officielle; ne pas utiliser comme prix de vente MAD.,,,,,0,3,DRAFT,PUBLISHED_OUT_OF_STOCK_WHEN_PRICED,False,False,,Hyalu-Cica Water-Fit Sun Serum UV | SKIN1004 Maroc | The K-Skin Gallery,"Découvrez Hyalu-Cica Water-Fit Sun Serum UV de SKIN1004 chez The K-Skin Gallery. Korean skincare au Maroc, paiement à la livraison et livraison partout au Maroc.",,NEEDS_ASSET_INGESTION,"Sélection faciale issue du catalogue officiel actuel; produits cœur de gamme, jusqu’à ~30+ par marque selon pertinence.",KSG_CURATION_FROM_OFFICIAL_NAMES_AND_CLAIMS,False,NEEDS_OFFICIAL_PDP_ENRICHMENT,Les classifications Type de peau/Besoins/Étape/AM-PM sont une curation The K-Skin Gallery sauf mention vérifiée sur fiche produit individuelle.
research-beauty-of-joseon-green-plum-refreshing-cleanser,Beauty of Joseon,Green Plum Refreshing Cleanser,Green Plum Refreshing Cleanser,beauty-of-joseon-green-plum-refreshing-cleanser,,,,Nettoyants,Nettoyant,,,,Nettoyer,BOTH,Gentle Daily Cleanser,"Nettoyants Beauty of Joseon, référencé à partir de la fiche officielle de la marque.",,,,,Beauty of Joseon official website,https://beautyofjoseon.com/collections/cleanser,COLLECTION,EN,2026-10-02,PARTIAL,USD,13,Prix de référence observé sur la boutique officielle; ne pas utiliser comme prix de vente MAD.,,,,,0,3,DRAFT,PUBLISHED_OUT_OF_STOCK_WHEN_PRICED,False,False,,Green Plum Refreshing Cleanser | Beauty of Joseon Maroc | The K-Skin Gallery,"Découvrez Green Plum Refreshing Cleanser de Beauty of Joseon chez The K-Skin Gallery. Korean skincare au Maroc, paiement à la livraison et livraison partout au Maroc.",,NEEDS_ASSET_INGESTION,"Sélection faciale issue du catalogue officiel actuel; produits cœur de gamme, jusqu’à ~30+ par marque selon pertinence.",KSG_CURATION_FROM_OFFICIAL_NAMES_AND_CLAIMS,False,NEEDS_OFFICIAL_PDP_ENRICHMENT,Les classifications Type de peau/Besoins/Étape/AM-PM sont une curation The K-Skin Gallery sauf mention vérifiée sur fiche produit individuelle.
research-beauty-of-joseon-ginseng-cleansing-oil,Beauty of Joseon,Ginseng Cleansing Oil,Ginseng Cleansing Oil,beauty-of-joseon-ginseng-cleansing-oil,,,210 ml,Huiles & Baumes démaquillants,Démaquillant huile/baume,Grasse;Mixte,Pores & excès de sébum,Huile de graines de ginseng;Huile de soja,Nettoyer,BOTH,"A deep cleansing oil with ginseng and micellar technology that emulsifies to help rinse away dirt, excess oil, and impurities.","Huiles & Baumes démaquillants Beauty of Joseon, référencé à partir de la fiche officielle de la marque.",Pores & excès de sébum,"Pomper 1 à 2 fois et masser délicatement sur peau sèche. Ajouter de l’eau pour émulsionner, continuer à masser puis rincer à l’eau tiède. Poursuivre avec un nettoyant à base d’eau. La marque indique une utilisation matin et soir.","GLYCINE SOJA (SOYBEAN) OIL, CETYL ETHYLHEXANOATE, SORBETH-30 TETRAOLEATE, ISODODECANE, OLEA EUROPAEA (OLIVE) FRUIT OIL, CAMELLIA JAPONICA SEED OIL, HYDROGENATED COCONUT OIL, OCTYLDODECANOL, POLYBUTENE, CAPRYLIC/CAPRIC TRIGLYCERIDE, AQUA, TOCOPHEROL, PANAX GINSENG SEED OIL, SALVIA OFFICINALIS (SAGE) OIL, ARTEMISIA VULGARIS OIL, OCIMUM BASILICUM (BASIL) OIL, CAMPHOR, CORYLUS AVELLANA (HAZELNUT) SEED OIL, NIGELLA SATIVA SEED OIL, BUTYLENE GLYCOL, PANAX GINSENG BERRY EXTRACT, GLYCERIN, 1,2-HEXANEDIOL, METHYLPROPANEDIOL, PANAX GINSENG ROOT EXTRACT, ETHYL HEXANEDIOL, PANAX GINSENG EXTRACT, PANAX GINSENG LEAF/STEM EXTRACT, ETHYLHEXYLGLYCERIN",,Beauty of Joseon official website,https://beautyofjoseon.com/collections/cleanser/products/ginseng-cleansing-oil,INDIVIDUAL_PRODUCT,EN,2026-10-02,VERIFIED,USD,20,Prix de référence observé sur la boutique officielle; ne pas utiliser comme prix de vente MAD.,,,,,0,3,DRAFT,PUBLISHED_OUT_OF_STOCK_WHEN_PRICED,False,False,,Ginseng Cleansing Oil | Beauty of Joseon Maroc | The K-Skin Gallery,"Découvrez Ginseng Cleansing Oil de Beauty of Joseon chez The K-Skin Gallery. Korean skincare au Maroc, paiement à la livraison et livraison partout au Maroc.",,NEEDS_ASSET_INGESTION,"Sélection faciale issue du catalogue officiel actuel; produits cœur de gamme, jusqu’à ~30+ par marque selon pertinence.",KSG_CURATION_FROM_OFFICIAL_NAMES_AND_CLAIMS,False,READY,Les classifications Type de peau/Besoins/Étape/AM-PM sont une curation The K-Skin Gallery sauf mention vérifiée sur fiche produit individuelle.
research-beauty-of-joseon-radiance-cleansing-balm,Beauty of Joseon,Radiance Cleansing Balm,Radiance Cleansing Balm,beauty-of-joseon-radiance-cleansing-balm,,,,Huiles & Baumes démaquillants,Démaquillant huile/baume,Sèche;Normale,Éclat;Hydratation,,Nettoyer,BOTH,Gentle & Hydrating Cleansing Balm,"Huiles & Baumes démaquillants Beauty of Joseon sélectionné par The K-Skin Gallery pour une routine axée sur éclat, hydratation.",Éclat;Hydratation,,,,Beauty of Joseon official website,https://beautyofjoseon.com/collections/cleanser,COLLECTION,EN,2026-10-02,PARTIAL,USD,19,Prix de référence observé sur la boutique officielle; ne pas utiliser comme prix de vente MAD.,,,,,0,3,DRAFT,PUBLISHED_OUT_OF_STOCK_WHEN_PRICED,False,False,,Radiance Cleansing Balm | Beauty of Joseon Maroc | The K-Skin Gallery,"Découvrez Radiance Cleansing Balm de Beauty of Joseon chez The K-Skin Gallery. Korean skincare au Maroc, paiement à la livraison et livraison partout au Maroc.",,NEEDS_ASSET_INGESTION,"Sélection faciale issue du catalogue officiel actuel; produits cœur de gamme, jusqu’à ~30+ par marque selon pertinence.",KSG_CURATION_FROM_OFFICIAL_NAMES_AND_CLAIMS,False,NEEDS_OFFICIAL_PDP_ENRICHMENT,Les classifications Type de peau/Besoins/Étape/AM-PM sont une curation The K-Skin Gallery sauf mention vérifiée sur fiche produit individuelle.
research-beauty-of-joseon-apricot-blossom-peeling-gel,Beauty of Joseon,Apricot Blossom Peeling Gel,Apricot Blossom Peeling Gel,beauty-of-joseon-apricot-blossom-peeling-gel,,,,Exfoliants,Exfoliant,,,,Exfolier,PM,Smoothing + Exfoliating Cleanser,"Exfoliants Beauty of Joseon, référencé à partir de la fiche officielle de la marque.",,,,,Beauty of Joseon official website,https://beautyofjoseon.com/collections/cleanser,COLLECTION,EN,2026-10-02,PARTIAL,USD,13,Prix de référence observé sur la boutique officielle; ne pas utiliser comme prix de vente MAD.,,,,,0,3,DRAFT,PUBLISHED_OUT_OF_STOCK_WHEN_PRICED,False,False,,Apricot Blossom Peeling Gel | Beauty of Joseon Maroc | The K-Skin Gallery,"Découvrez Apricot Blossom Peeling Gel de Beauty of Joseon chez The K-Skin Gallery. Korean skincare au Maroc, paiement à la livraison et livraison partout au Maroc.",,NEEDS_ASSET_INGESTION,"Sélection faciale issue du catalogue officiel actuel; produits cœur de gamme, jusqu’à ~30+ par marque selon pertinence.",KSG_CURATION_FROM_OFFICIAL_NAMES_AND_CLAIMS,False,NEEDS_OFFICIAL_PDP_ENRICHMENT,Les classifications Type de peau/Besoins/Étape/AM-PM sont une curation The K-Skin Gallery sauf mention vérifiée sur fiche produit individuelle.
research-beauty-of-joseon-ginseng-essence-water,Beauty of Joseon,Ginseng Essence Water,Ginseng Essence Water,beauty-of-joseon-ginseng-essence-water,,,,Toners & Essences,Toner / Essence,Sèche;Normale,Hydratation;Barrière cutanée,Ginseng,Préparer,BOTH,Barrier-Boosting Hydrating Essence,"Toners & Essences Beauty of Joseon sélectionné par The K-Skin Gallery pour une routine axée sur hydratation, barrière cutanée.",Hydratation;Barrière cutanée,,,,Beauty of Joseon official website,https://beautyofjoseon.com/collections/toner-essence,COLLECTION,EN,2026-10-02,PARTIAL,USD,18,Prix de référence observé sur la boutique officielle; ne pas utiliser comme prix de vente MAD.,,,,,0,3,DRAFT,PUBLISHED_OUT_OF_STOCK_WHEN_PRICED,False,False,,Ginseng Essence Water | Beauty of Joseon Maroc | The K-Skin Gallery,"Découvrez Ginseng Essence Water de Beauty of Joseon chez The K-Skin Gallery. Korean skincare au Maroc, paiement à la livraison et livraison partout au Maroc.",,NEEDS_ASSET_INGESTION,"Sélection faciale issue du catalogue officiel actuel; produits cœur de gamme, jusqu’à ~30+ par marque selon pertinence.",KSG_CURATION_FROM_OFFICIAL_NAMES_AND_CLAIMS,False,NEEDS_OFFICIAL_PDP_ENRICHMENT,Les classifications Type de peau/Besoins/Étape/AM-PM sont une curation The K-Skin Gallery sauf mention vérifiée sur fiche produit individuelle.
research-beauty-of-joseon-green-plum-refreshing-toner-aha-bha,Beauty of Joseon,Green Plum Refreshing Toner : AHA + BHA,Green Plum Refreshing Toner : AHA + BHA,beauty-of-joseon-green-plum-refreshing-toner-aha-bha,,,,Toners & Essences,Toner / Essence,,,BHA;AHA,Préparer,BOTH,Gentle Exfoliating Toner,"Toners & Essences Beauty of Joseon, référencé à partir de la fiche officielle de la marque.",,,,,Beauty of Joseon official website,https://beautyofjoseon.com/collections/toner-essence,COLLECTION,EN,2026-10-02,PARTIAL,USD,18,Prix de référence observé sur la boutique officielle; ne pas utiliser comme prix de vente MAD.,,,,,0,3,DRAFT,PUBLISHED_OUT_OF_STOCK_WHEN_PRICED,False,False,,Green Plum Refreshing Toner : AHA + BHA | Beauty of Joseon Maroc | The K-Skin Gallery,"Découvrez Green Plum Refreshing Toner : AHA + BHA de Beauty of Joseon chez The K-Skin Gallery. Korean skincare au Maroc, paiement à la livraison et livraison partout au Maroc.",,NEEDS_ASSET_INGESTION,"Sélection faciale issue du catalogue officiel actuel; produits cœur de gamme, jusqu’à ~30+ par marque selon pertinence.",KSG_CURATION_FROM_OFFICIAL_NAMES_AND_CLAIMS,False,NEEDS_OFFICIAL_PDP_ENRICHMENT,Les classifications Type de peau/Besoins/Étape/AM-PM sont une curation The K-Skin Gallery sauf mention vérifiée sur fiche produit individuelle.
research-beauty-of-joseon-glow-replenishing-rice-milk,Beauty of Joseon,Glow Replenishing Rice Milk,Glow Replenishing Rice Milk,beauty-of-joseon-glow-replenishing-rice-milk,,,,Toners & Essences,Toner / Essence,Sèche;Normale,Éclat;Hydratation,Riz,Préparer,BOTH,Hydrating + Balancing Toner,"Toners & Essences Beauty of Joseon sélectionné par The K-Skin Gallery pour une routine axée sur éclat, hydratation.",Éclat;Hydratation,,,,Beauty of Joseon official website,https://beautyofjoseon.com/collections/toner-essence,COLLECTION,EN,2026-10-02,PARTIAL,USD,18,Prix de référence observé sur la boutique officielle; ne pas utiliser comme prix de vente MAD.,,,,,0,3,DRAFT,PUBLISHED_OUT_OF_STOCK_WHEN_PRICED,False,False,,Glow Replenishing Rice Milk | Beauty of Joseon Maroc | The K-Skin Gallery,"Découvrez Glow Replenishing Rice Milk de Beauty of Joseon chez The K-Skin Gallery. Korean skincare au Maroc, paiement à la livraison et livraison partout au Maroc.",,NEEDS_ASSET_INGESTION,"Sélection faciale issue du catalogue officiel actuel; produits cœur de gamme, jusqu’à ~30+ par marque selon pertinence.",KSG_CURATION_FROM_OFFICIAL_NAMES_AND_CLAIMS,False,NEEDS_OFFICIAL_PDP_ENRICHMENT,Les classifications Type de peau/Besoins/Étape/AM-PM sont une curation The K-Skin Gallery sauf mention vérifiée sur fiche produit individuelle.
research-beauty-of-joseon-pore-firming-serum-red-bean-pdrn-peptide,Beauty of Joseon,Pore Firming Serum : Red Bean PDRN + Peptide,Pore Firming Serum : Red Bean PDRN + Peptide,beauty-of-joseon-pore-firming-serum-red-bean-pdrn-peptide,,,,Sérums & Ampoules,Sérum / Ampoule,Grasse;Mixte;Normale;Sèche,Pores & excès de sébum;Premiers signes de l'âge,PDRN;Peptides,Traiter,BOTH,Pore-smoothing PDRN serum,"Sérums & Ampoules Beauty of Joseon sélectionné par The K-Skin Gallery pour une routine axée sur pores & excès de sébum, premiers signes de l'âge.",Pores & excès de sébum;Premiers signes de l'âge,,,,Beauty of Joseon official website,https://beautyofjoseon.com/collections/serum,COLLECTION,EN,2026-10-02,PARTIAL,USD,17,Prix de référence observé sur la boutique officielle; ne pas utiliser comme prix de vente MAD.,,,,,0,3,DRAFT,PUBLISHED_OUT_OF_STOCK_WHEN_PRICED,False,False,,Pore Firming Serum : Red Bean PDRN + Peptide | Beauty of Joseon Maroc | The K-Skin Gallery,"Découvrez Pore Firming Serum : Red Bean PDRN + Peptide de Beauty of Joseon chez The K-Skin Gallery. Korean skincare au Maroc, paiement à la livraison et livraison partout au Maroc.",,NEEDS_ASSET_INGESTION,"Sélection faciale issue du catalogue officiel actuel; produits cœur de gamme, jusqu’à ~30+ par marque selon pertinence.",KSG_CURATION_FROM_OFFICIAL_NAMES_AND_CLAIMS,False,NEEDS_OFFICIAL_PDP_ENRICHMENT,Les classifications Type de peau/Besoins/Étape/AM-PM sont une curation The K-Skin Gallery sauf mention vérifiée sur fiche produit individuelle.
research-beauty-of-joseon-calming-barrier-serum-green-tea-ha-panthenol,Beauty of Joseon,Calming Barrier Serum : Green Tea-HA + Panthenol,Calming Barrier Serum : Green Tea-HA + Panthenol,beauty-of-joseon-calming-barrier-serum-green-tea-ha-panthenol,,,,Sérums & Ampoules,Sérum / Ampoule,Sèche;Normale;Sensible,Hydratation;Barrière cutanée;Rougeurs,Thé vert;Panthénol,Traiter,BOTH,Deeply Hydrating Soothing Serum,"Sérums & Ampoules Beauty of Joseon sélectionné par The K-Skin Gallery pour une routine axée sur hydratation, barrière cutanée.",Hydratation;Barrière cutanée;Rougeurs,,,,Beauty of Joseon official website,https://beautyofjoseon.com/collections/serum,COLLECTION,EN,2026-10-02,PARTIAL,USD,17,Prix de référence observé sur la boutique officielle; ne pas utiliser comme prix de vente MAD.,,,,,0,3,DRAFT,PUBLISHED_OUT_OF_STOCK_WHEN_PRICED,False,False,,Calming Barrier Serum : Green Tea-HA + Panthenol | Beauty of Joseon Maroc | The K-Skin Gallery,"Découvrez Calming Barrier Serum : Green Tea-HA + Panthenol de Beauty of Joseon chez The K-Skin Gallery. Korean skincare au Maroc, paiement à la livraison et livraison partout au Maroc.",,NEEDS_ASSET_INGESTION,"Sélection faciale issue du catalogue officiel actuel; produits cœur de gamme, jusqu’à ~30+ par marque selon pertinence.",KSG_CURATION_FROM_OFFICIAL_NAMES_AND_CLAIMS,False,NEEDS_OFFICIAL_PDP_ENRICHMENT,Les classifications Type de peau/Besoins/Étape/AM-PM sont une curation The K-Skin Gallery sauf mention vérifiée sur fiche produit individuelle.
research-beauty-of-joseon-revive-eye-serum-ginseng-retinal,Beauty of Joseon,Revive Eye Serum : Ginseng + Retinal,Revive Eye Serum : Ginseng + Retinal,beauty-of-joseon-revive-eye-serum-ginseng-retinal,,,,Contour des yeux,Contour des yeux,Normale;Sèche;Mixte,Premiers signes de l'âge,Rétinal;Ginseng,Traiter,PM,Awakening Eye Cream,Contour des yeux Beauty of Joseon sélectionné par The K-Skin Gallery pour une routine axée sur premiers signes de l'âge.,Premiers signes de l'âge,,,,Beauty of Joseon official website,https://beautyofjoseon.com/collections/serum,COLLECTION,EN,2026-10-02,PARTIAL,USD,17,Prix de référence observé sur la boutique officielle; ne pas utiliser comme prix de vente MAD.,,,,,0,3,DRAFT,PUBLISHED_OUT_OF_STOCK_WHEN_PRICED,False,False,,Revive Eye Serum : Ginseng + Retinal | Beauty of Joseon Maroc | The K-Skin Gallery,"Découvrez Revive Eye Serum : Ginseng + Retinal de Beauty of Joseon chez The K-Skin Gallery. Korean skincare au Maroc, paiement à la livraison et livraison partout au Maroc.",,NEEDS_ASSET_INGESTION,"Sélection faciale issue du catalogue officiel actuel; produits cœur de gamme, jusqu’à ~30+ par marque selon pertinence.",KSG_CURATION_FROM_OFFICIAL_NAMES_AND_CLAIMS,False,NEEDS_OFFICIAL_PDP_ENRICHMENT,Les classifications Type de peau/Besoins/Étape/AM-PM sont une curation The K-Skin Gallery sauf mention vérifiée sur fiche produit individuelle.
research-beauty-of-joseon-glow-serum-propolis-niacinamide,Beauty of Joseon,Glow Serum : Propolis + Niacinamide,Glow Serum : Propolis + Niacinamide,beauty-of-joseon-glow-serum-propolis-niacinamide,,,,Sérums & Ampoules,Sérum / Ampoule,Sèche;Normale,Éclat;Hydratation,Niacinamide;Propolis,Traiter,BOTH,Hydrating + Balancing Serum,"Sérums & Ampoules Beauty of Joseon sélectionné par The K-Skin Gallery pour une routine axée sur éclat, hydratation.",Éclat;Hydratation,,,,Beauty of Joseon official website,https://beautyofjoseon.com/collections/serum,COLLECTION,EN,2026-10-02,PARTIAL,USD,17,Prix de référence observé sur la boutique officielle; ne pas utiliser comme prix de vente MAD.,,,,,0,3,DRAFT,PUBLISHED_OUT_OF_STOCK_WHEN_PRICED,False,False,,Glow Serum : Propolis + Niacinamide | Beauty of Joseon Maroc | The K-Skin Gallery,"Découvrez Glow Serum : Propolis + Niacinamide de Beauty of Joseon chez The K-Skin Gallery. Korean skincare au Maroc, paiement à la livraison et livraison partout au Maroc.",,NEEDS_ASSET_INGESTION,"Sélection faciale issue du catalogue officiel actuel; produits cœur de gamme, jusqu’à ~30+ par marque selon pertinence.",KSG_CURATION_FROM_OFFICIAL_NAMES_AND_CLAIMS,False,NEEDS_OFFICIAL_PDP_ENRICHMENT,Les classifications Type de peau/Besoins/Étape/AM-PM sont une curation The K-Skin Gallery sauf mention vérifiée sur fiche produit individuelle.
research-beauty-of-joseon-glow-deep-serum-rice-alpha-arbutin,Beauty of Joseon,Glow Deep Serum : Rice + Alpha-Arbutin,Glow Deep Serum : Rice + Alpha-Arbutin,beauty-of-joseon-glow-deep-serum-rice-alpha-arbutin,,,,Sérums & Ampoules,Sérum / Ampoule,,Taches & teint irrégulier;Éclat,Riz;PHA;Alpha-arbutine,Traiter,PM,Brightening Serum,"Sérums & Ampoules Beauty of Joseon sélectionné par The K-Skin Gallery pour une routine axée sur taches & teint irrégulier, éclat.",Taches & teint irrégulier;Éclat,,,,Beauty of Joseon official website,https://beautyofjoseon.com/collections/serum,COLLECTION,EN,2026-10-02,PARTIAL,USD,17,Prix de référence observé sur la boutique officielle; ne pas utiliser comme prix de vente MAD.,,,,,0,3,DRAFT,PUBLISHED_OUT_OF_STOCK_WHEN_PRICED,False,False,,Glow Deep Serum : Rice + Alpha-Arbutin | Beauty of Joseon Maroc | The K-Skin Gallery,"Découvrez Glow Deep Serum : Rice + Alpha-Arbutin de Beauty of Joseon chez The K-Skin Gallery. Korean skincare au Maroc, paiement à la livraison et livraison partout au Maroc.",,NEEDS_ASSET_INGESTION,"Sélection faciale issue du catalogue officiel actuel; produits cœur de gamme, jusqu’à ~30+ par marque selon pertinence.",KSG_CURATION_FROM_OFFICIAL_NAMES_AND_CLAIMS,False,NEEDS_OFFICIAL_PDP_ENRICHMENT,Les classifications Type de peau/Besoins/Étape/AM-PM sont une curation The K-Skin Gallery sauf mention vérifiée sur fiche produit individuelle.
research-beauty-of-joseon-revive-serum-ginseng-snail-mucin,Beauty of Joseon,Revive Serum : Ginseng + Snail Mucin,Revive Serum : Ginseng + Snail Mucin,beauty-of-joseon-revive-serum-ginseng-snail-mucin,,,,Sérums & Ampoules,Sérum / Ampoule,Normale;Sèche;Mixte,Premiers signes de l'âge,Mucine d'escargot;Ginseng,Traiter,BOTH,Firming Snail Mucin Serum,Sérums & Ampoules Beauty of Joseon sélectionné par The K-Skin Gallery pour une routine axée sur premiers signes de l'âge.,Premiers signes de l'âge,,,,Beauty of Joseon official website,https://beautyofjoseon.com/collections/serum,COLLECTION,EN,2026-10-02,PARTIAL,USD,17,Prix de référence observé sur la boutique officielle; ne pas utiliser comme prix de vente MAD.,,,,,0,3,DRAFT,PUBLISHED_OUT_OF_STOCK_WHEN_PRICED,False,False,,Revive Serum : Ginseng + Snail Mucin | Beauty of Joseon Maroc | The K-Skin Gallery,"Découvrez Revive Serum : Ginseng + Snail Mucin de Beauty of Joseon chez The K-Skin Gallery. Korean skincare au Maroc, paiement à la livraison et livraison partout au Maroc.",,NEEDS_ASSET_INGESTION,"Sélection faciale issue du catalogue officiel actuel; produits cœur de gamme, jusqu’à ~30+ par marque selon pertinence.",KSG_CURATION_FROM_OFFICIAL_NAMES_AND_CLAIMS,False,NEEDS_OFFICIAL_PDP_ENRICHMENT,Les classifications Type de peau/Besoins/Étape/AM-PM sont une curation The K-Skin Gallery sauf mention vérifiée sur fiche produit individuelle.
research-beauty-of-joseon-light-on-serum-centella-vita-c,Beauty of Joseon,Light On Serum : Centella + Vita C,Light On Serum : Centella + Vita C,beauty-of-joseon-light-on-serum-centella-vita-c,,,,Sérums & Ampoules,Sérum / Ampoule,Sensible,Taches & teint irrégulier;Éclat;Rougeurs;Barrière cutanée,Centella asiatica;Vitamine C,Traiter,BOTH,Refreshing Brightening Serum,"Sérums & Ampoules Beauty of Joseon sélectionné par The K-Skin Gallery pour une routine axée sur taches & teint irrégulier, éclat.",Taches & teint irrégulier;Éclat;Rougeurs;Barrière cutanée,,,,Beauty of Joseon official website,https://beautyofjoseon.com/collections/serum,COLLECTION,EN,2026-10-02,PARTIAL,USD,17,Prix de référence observé sur la boutique officielle; ne pas utiliser comme prix de vente MAD.,,,,,0,3,DRAFT,PUBLISHED_OUT_OF_STOCK_WHEN_PRICED,False,False,,Light On Serum : Centella + Vita C | Beauty of Joseon Maroc | The K-Skin Gallery,"Découvrez Light On Serum : Centella + Vita C de Beauty of Joseon chez The K-Skin Gallery. Korean skincare au Maroc, paiement à la livraison et livraison partout au Maroc.",,NEEDS_ASSET_INGESTION,"Sélection faciale issue du catalogue officiel actuel; produits cœur de gamme, jusqu’à ~30+ par marque selon pertinence.",KSG_CURATION_FROM_OFFICIAL_NAMES_AND_CLAIMS,False,NEEDS_OFFICIAL_PDP_ENRICHMENT,Les classifications Type de peau/Besoins/Étape/AM-PM sont une curation The K-Skin Gallery sauf mention vérifiée sur fiche produit individuelle.
research-beauty-of-joseon-revive-firming-moisturizer-ginseng-retinol,Beauty of Joseon,Revive Firming Moisturizer : Ginseng + Retinol,Revive Firming Moisturizer : Ginseng + Retinol,beauty-of-joseon-revive-firming-moisturizer-ginseng-retinol,,,,Crèmes hydratantes,Crème / Hydratant,Normale;Sèche;Mixte,Premiers signes de l'âge,Rétinol;Ginseng,Hydrater,PM,Gentle Daily Retinol Moisturizer,Crèmes hydratantes Beauty of Joseon sélectionné par The K-Skin Gallery pour une routine axée sur premiers signes de l'âge.,Premiers signes de l'âge,,,,Beauty of Joseon official website,https://beautyofjoseon.com/collections/moisturizer,COLLECTION,EN,2026-10-02,PARTIAL,USD,24,Prix de référence observé sur la boutique officielle; ne pas utiliser comme prix de vente MAD.,,,,,0,3,DRAFT,PUBLISHED_OUT_OF_STOCK_WHEN_PRICED,False,False,,Revive Firming Moisturizer : Ginseng + Retinol | Beauty of Joseon Maroc | The K-Skin Gallery,"Découvrez Revive Firming Moisturizer : Ginseng + Retinol de Beauty of Joseon chez The K-Skin Gallery. Korean skincare au Maroc, paiement à la livraison et livraison partout au Maroc.",,NEEDS_ASSET_INGESTION,"Sélection faciale issue du catalogue officiel actuel; produits cœur de gamme, jusqu’à ~30+ par marque selon pertinence.",KSG_CURATION_FROM_OFFICIAL_NAMES_AND_CLAIMS,False,NEEDS_OFFICIAL_PDP_ENRICHMENT,Les classifications Type de peau/Besoins/Étape/AM-PM sont une curation The K-Skin Gallery sauf mention vérifiée sur fiche produit individuelle.
research-beauty-of-joseon-red-bean-water-gel,Beauty of Joseon,Red Bean Water Gel,Red Bean Water Gel,beauty-of-joseon-red-bean-water-gel,,,,Crèmes hydratantes,Crème / Hydratant,,,,Hydrater,BOTH,Lightweight Gel Moisturizer,"Crèmes hydratantes Beauty of Joseon, référencé à partir de la fiche officielle de la marque.",,,,,Beauty of Joseon official website,https://beautyofjoseon.com/collections/moisturizer,COLLECTION,EN,2026-10-02,PARTIAL,USD,18,Prix de référence observé sur la boutique officielle; ne pas utiliser comme prix de vente MAD.,,,,,0,3,DRAFT,PUBLISHED_OUT_OF_STOCK_WHEN_PRICED,False,False,,Red Bean Water Gel | Beauty of Joseon Maroc | The K-Skin Gallery,"Découvrez Red Bean Water Gel de Beauty of Joseon chez The K-Skin Gallery. Korean skincare au Maroc, paiement à la livraison et livraison partout au Maroc.",,NEEDS_ASSET_INGESTION,"Sélection faciale issue du catalogue officiel actuel; produits cœur de gamme, jusqu’à ~30+ par marque selon pertinence.",KSG_CURATION_FROM_OFFICIAL_NAMES_AND_CLAIMS,False,NEEDS_OFFICIAL_PDP_ENRICHMENT,Les classifications Type de peau/Besoins/Étape/AM-PM sont une curation The K-Skin Gallery sauf mention vérifiée sur fiche produit individuelle.
research-beauty-of-joseon-dynasty-cream,Beauty of Joseon,Dynasty Cream,Dynasty Cream,beauty-of-joseon-dynasty-cream,,,,Crèmes hydratantes,Crème / Hydratant,,,,Hydrater,BOTH,Nourishing Cream Moisturizer,"Crèmes hydratantes Beauty of Joseon, référencé à partir de la fiche officielle de la marque.",,,,,Beauty of Joseon official website,https://beautyofjoseon.com/collections/moisturizer,COLLECTION,EN,2026-10-02,PARTIAL,USD,15,Prix de référence observé sur la boutique officielle; ne pas utiliser comme prix de vente MAD.,,,,,0,3,DRAFT,PUBLISHED_OUT_OF_STOCK_WHEN_PRICED,False,False,,Dynasty Cream | Beauty of Joseon Maroc | The K-Skin Gallery,"Découvrez Dynasty Cream de Beauty of Joseon chez The K-Skin Gallery. Korean skincare au Maroc, paiement à la livraison et livraison partout au Maroc.",,NEEDS_ASSET_INGESTION,"Sélection faciale issue du catalogue officiel actuel; produits cœur de gamme, jusqu’à ~30+ par marque selon pertinence.",KSG_CURATION_FROM_OFFICIAL_NAMES_AND_CLAIMS,False,NEEDS_OFFICIAL_PDP_ENRICHMENT,Les classifications Type de peau/Besoins/Étape/AM-PM sont une curation The K-Skin Gallery sauf mention vérifiée sur fiche produit individuelle.
research-beauty-of-joseon-calming-barrier-mask,Beauty of Joseon,Calming Barrier Mask,Calming Barrier Mask,beauty-of-joseon-calming-barrier-mask,,,,Masques,Masque,Sèche;Normale;Sensible,Barrière cutanée;Rougeurs,,Traiter,BOTH,Barrier care sheet mask,"Masques Beauty of Joseon sélectionné par The K-Skin Gallery pour une routine axée sur barrière cutanée, rougeurs.",Barrière cutanée;Rougeurs,,,,Beauty of Joseon official website,https://beautyofjoseon.com/collections/mask,COLLECTION,EN,2026-10-02,PARTIAL,USD,25,Prix de référence observé sur la boutique officielle; ne pas utiliser comme prix de vente MAD.,,,,,0,3,DRAFT,PUBLISHED_OUT_OF_STOCK_WHEN_PRICED,False,False,,Calming Barrier Mask | Beauty of Joseon Maroc | The K-Skin Gallery,"Découvrez Calming Barrier Mask de Beauty of Joseon chez The K-Skin Gallery. Korean skincare au Maroc, paiement à la livraison et livraison partout au Maroc.",,NEEDS_ASSET_INGESTION,"Sélection faciale issue du catalogue officiel actuel; produits cœur de gamme, jusqu’à ~30+ par marque selon pertinence.",KSG_CURATION_FROM_OFFICIAL_NAMES_AND_CLAIMS,False,NEEDS_OFFICIAL_PDP_ENRICHMENT,Les classifications Type de peau/Besoins/Étape/AM-PM sont une curation The K-Skin Gallery sauf mention vérifiée sur fiche produit individuelle.
research-beauty-of-joseon-revive-under-eye-patch-ginseng-retinal,Beauty of Joseon,Revive Under Eye Patch: Ginseng + Retinal,Revive Under Eye Patch: Ginseng + Retinal,beauty-of-joseon-revive-under-eye-patch-ginseng-retinal,,,,Contour des yeux,Contour des yeux,Normale;Sèche;Mixte,Premiers signes de l'âge,Rétinal;Ginseng,Traiter,PM,Angel wing eye patches,Contour des yeux Beauty of Joseon sélectionné par The K-Skin Gallery pour une routine axée sur premiers signes de l'âge.,Premiers signes de l'âge,,,,Beauty of Joseon official website,https://beautyofjoseon.com/collections/mask,COLLECTION,EN,2026-10-02,PARTIAL,USD,20,Prix de référence observé sur la boutique officielle; ne pas utiliser comme prix de vente MAD.,,,,,0,3,DRAFT,PUBLISHED_OUT_OF_STOCK_WHEN_PRICED,False,False,,Revive Under Eye Patch: Ginseng + Retinal | Beauty of Joseon Maroc | The K-Skin Gallery,"Découvrez Revive Under Eye Patch: Ginseng + Retinal de Beauty of Joseon chez The K-Skin Gallery. Korean skincare au Maroc, paiement à la livraison et livraison partout au Maroc.",,NEEDS_ASSET_INGESTION,"Sélection faciale issue du catalogue officiel actuel; produits cœur de gamme, jusqu’à ~30+ par marque selon pertinence.",KSG_CURATION_FROM_OFFICIAL_NAMES_AND_CLAIMS,False,NEEDS_OFFICIAL_PDP_ENRICHMENT,Les classifications Type de peau/Besoins/Étape/AM-PM sont une curation The K-Skin Gallery sauf mention vérifiée sur fiche produit individuelle.
research-beauty-of-joseon-ground-rice-and-honey-glow-mask,Beauty of Joseon,Ground Rice and Honey Glow Mask,Ground Rice and Honey Glow Mask,beauty-of-joseon-ground-rice-and-honey-glow-mask,,,,Masques,Masque,Sensible,Taches & teint irrégulier;Éclat;Rougeurs;Barrière cutanée,Riz,Traiter,BOTH,Soothing + Brightening Mask,"Masques Beauty of Joseon sélectionné par The K-Skin Gallery pour une routine axée sur taches & teint irrégulier, éclat.",Taches & teint irrégulier;Éclat;Rougeurs;Barrière cutanée,,,,Beauty of Joseon official website,https://beautyofjoseon.com/collections/mask,COLLECTION,EN,2026-10-02,PARTIAL,USD,18,Prix de référence observé sur la boutique officielle; ne pas utiliser comme prix de vente MAD.,,,,,0,3,DRAFT,PUBLISHED_OUT_OF_STOCK_WHEN_PRICED,False,False,,Ground Rice and Honey Glow Mask | Beauty of Joseon Maroc | The K-Skin Gallery,"Découvrez Ground Rice and Honey Glow Mask de Beauty of Joseon chez The K-Skin Gallery. Korean skincare au Maroc, paiement à la livraison et livraison partout au Maroc.",,NEEDS_ASSET_INGESTION,"Sélection faciale issue du catalogue officiel actuel; produits cœur de gamme, jusqu’à ~30+ par marque selon pertinence.",KSG_CURATION_FROM_OFFICIAL_NAMES_AND_CLAIMS,False,NEEDS_OFFICIAL_PDP_ENRICHMENT,Les classifications Type de peau/Besoins/Étape/AM-PM sont une curation The K-Skin Gallery sauf mention vérifiée sur fiche produit individuelle.
research-beauty-of-joseon-red-bean-refreshing-pore-mask,Beauty of Joseon,Red Bean Refreshing Pore Mask,Red Bean Refreshing Pore Mask,beauty-of-joseon-red-bean-refreshing-pore-mask,,,,Masques,Masque,Grasse;Mixte;Sèche;Normale,Pores & excès de sébum,,Traiter,BOTH,Non-Drying Clarifying Mask,Masques Beauty of Joseon sélectionné par The K-Skin Gallery pour une routine axée sur pores & excès de sébum.,Pores & excès de sébum,,,,Beauty of Joseon official website,https://beautyofjoseon.com/collections/mask,COLLECTION,EN,2026-10-02,PARTIAL,USD,20,Prix de référence observé sur la boutique officielle; ne pas utiliser comme prix de vente MAD.,,,,,0,3,DRAFT,PUBLISHED_OUT_OF_STOCK_WHEN_PRICED,False,False,,Red Bean Refreshing Pore Mask | Beauty of Joseon Maroc | The K-Skin Gallery,"Découvrez Red Bean Refreshing Pore Mask de Beauty of Joseon chez The K-Skin Gallery. Korean skincare au Maroc, paiement à la livraison et livraison partout au Maroc.",,NEEDS_ASSET_INGESTION,"Sélection faciale issue du catalogue officiel actuel; produits cœur de gamme, jusqu’à ~30+ par marque selon pertinence.",KSG_CURATION_FROM_OFFICIAL_NAMES_AND_CLAIMS,False,NEEDS_OFFICIAL_PDP_ENRICHMENT,Les classifications Type de peau/Besoins/Étape/AM-PM sont une curation The K-Skin Gallery sauf mention vérifiée sur fiche produit individuelle.
research-beauty-of-joseon-tinted-mineral-dayscreen-spf-30,Beauty of Joseon,Tinted Mineral Dayscreen SPF 30,Tinted Mineral Dayscreen SPF 30,beauty-of-joseon-tinted-mineral-dayscreen-spf-30,,,,Protection solaire,Protection solaire,Normale;Sèche;Grasse;Mixte;Sensible,,,Protéger,AM,High-performance tinted sunscreen,"Protection solaire Beauty of Joseon, référencé à partir de la fiche officielle de la marque.",,,,,Beauty of Joseon official website,https://beautyofjoseon.com/collections/sunscreens,COLLECTION,EN,2026-10-02,PARTIAL,USD,20,Prix de référence observé sur la boutique officielle; ne pas utiliser comme prix de vente MAD.,,,,,0,3,DRAFT,PUBLISHED_OUT_OF_STOCK_WHEN_PRICED,False,False,,Tinted Mineral Dayscreen SPF 30 | Beauty of Joseon Maroc | The K-Skin Gallery,"Découvrez Tinted Mineral Dayscreen SPF 30 de Beauty of Joseon chez The K-Skin Gallery. Korean skincare au Maroc, paiement à la livraison et livraison partout au Maroc.",,NEEDS_ASSET_INGESTION,"Sélection faciale issue du catalogue officiel actuel; produits cœur de gamme, jusqu’à ~30+ par marque selon pertinence.",KSG_CURATION_FROM_OFFICIAL_NAMES_AND_CLAIMS,False,NEEDS_OFFICIAL_PDP_ENRICHMENT,Les classifications Type de peau/Besoins/Étape/AM-PM sont une curation The K-Skin Gallery sauf mention vérifiée sur fiche produit individuelle.
research-beauty-of-joseon-dayscreen-moisturizer-spf-30,Beauty of Joseon,Dayscreen Moisturizer SPF 30,Dayscreen Moisturizer SPF 30,beauty-of-joseon-dayscreen-moisturizer-spf-30,,,,Protection solaire,Protection solaire,Sèche;Normale;Grasse;Mixte;Sensible,Hydratation,,Protéger,AM,Weightless Hydrating Moisturizer + SPF,Protection solaire Beauty of Joseon sélectionné par The K-Skin Gallery pour une routine axée sur hydratation.,Hydratation,,,,Beauty of Joseon official website,https://beautyofjoseon.com/collections/sunscreens,COLLECTION,EN,2026-10-02,PARTIAL,USD,20,Prix de référence observé sur la boutique officielle; ne pas utiliser comme prix de vente MAD.,,,,,0,3,DRAFT,PUBLISHED_OUT_OF_STOCK_WHEN_PRICED,False,False,,Dayscreen Moisturizer SPF 30 | Beauty of Joseon Maroc | The K-Skin Gallery,"Découvrez Dayscreen Moisturizer SPF 30 de Beauty of Joseon chez The K-Skin Gallery. Korean skincare au Maroc, paiement à la livraison et livraison partout au Maroc.",,NEEDS_ASSET_INGESTION,"Sélection faciale issue du catalogue officiel actuel; produits cœur de gamme, jusqu’à ~30+ par marque selon pertinence.",KSG_CURATION_FROM_OFFICIAL_NAMES_AND_CLAIMS,False,NEEDS_OFFICIAL_PDP_ENRICHMENT,Les classifications Type de peau/Besoins/Étape/AM-PM sont une curation The K-Skin Gallery sauf mention vérifiée sur fiche produit individuelle.
research-beauty-of-joseon-day-dew-sunscreen-spf-50,Beauty of Joseon,Day Dew Sunscreen SPF 50,Day Dew Sunscreen SPF 50,beauty-of-joseon-day-dew-sunscreen-spf-50,,,,Protection solaire,Protection solaire,Normale;Sèche;Grasse;Mixte;Sensible,,,Protéger,AM,Lightweight SPF 50,"Protection solaire Beauty of Joseon, référencé à partir de la fiche officielle de la marque.",,,,,Beauty of Joseon official website,https://beautyofjoseon.com/collections/sunscreens,COLLECTION,EN,2026-10-02,PARTIAL,USD,18,Prix de référence observé sur la boutique officielle; ne pas utiliser comme prix de vente MAD.,,,,,0,3,DRAFT,PUBLISHED_OUT_OF_STOCK_WHEN_PRICED,False,False,,Day Dew Sunscreen SPF 50 | Beauty of Joseon Maroc | The K-Skin Gallery,"Découvrez Day Dew Sunscreen SPF 50 de Beauty of Joseon chez The K-Skin Gallery. Korean skincare au Maroc, paiement à la livraison et livraison partout au Maroc.",,NEEDS_ASSET_INGESTION,"Sélection faciale issue du catalogue officiel actuel; produits cœur de gamme, jusqu’à ~30+ par marque selon pertinence.",KSG_CURATION_FROM_OFFICIAL_NAMES_AND_CLAIMS,False,NEEDS_OFFICIAL_PDP_ENRICHMENT,Les classifications Type de peau/Besoins/Étape/AM-PM sont une curation The K-Skin Gallery sauf mention vérifiée sur fiche produit individuelle.
research-medicube-no-cast-just-glow-collagen-sunscreen,Medicube,No Cast Just Glow Collagen Sunscreen,No Cast Just Glow Collagen Sunscreen,medicube-no-cast-just-glow-collagen-sunscreen,,,,Protection solaire,Protection solaire,Normale;Sèche;Grasse;Mixte;Sensible,Éclat;Premiers signes de l'âge,Collagène,Protéger,AM,,"Protection solaire Medicube classé par The K-Skin Gallery dans la sélection éclat, premiers signes de l'âge.",Éclat;Premiers signes de l'âge,,,,Medicube official website,https://medicube.us/collections/all,COLLECTION,EN,2026-10-02,PARTIAL,USD,22,Prix de référence observé sur la boutique officielle; ne pas utiliser comme prix de vente MAD.,,,,,0,3,DRAFT,PUBLISHED_OUT_OF_STOCK_WHEN_PRICED,False,False,,No Cast Just Glow Collagen Sunscreen | Medicube Maroc | The K-Skin Gallery,"Découvrez No Cast Just Glow Collagen Sunscreen de Medicube chez The K-Skin Gallery. Korean skincare au Maroc, paiement à la livraison et livraison partout au Maroc.",,NEEDS_ASSET_INGESTION,"Sélection faciale issue du catalogue officiel actuel; produits cœur de gamme, jusqu’à ~30+ par marque selon pertinence.",KSG_CURATION_FROM_OFFICIAL_NAMES_AND_CLAIMS,False,NEEDS_OFFICIAL_PDP_ENRICHMENT,Les classifications Type de peau/Besoins/Étape/AM-PM sont une curation The K-Skin Gallery sauf mention vérifiée sur fiche produit individuelle.
research-medicube-hypochlorous-acid-power-soothing-spray,Medicube,Hypochlorous Acid Power Soothing Spray,Hypochlorous Acid Power Soothing Spray,medicube-hypochlorous-acid-power-soothing-spray,,,,Soins ciblés,Autre soin visage,Sensible,Rougeurs;Barrière cutanée,Acide hypochloreux,Traiter,BOTH,,"Soins ciblés Medicube classé par The K-Skin Gallery dans la sélection rougeurs, barrière cutanée.",Rougeurs;Barrière cutanée,,,,Medicube official website,https://medicube.us/collections/all,COLLECTION,EN,2026-10-02,PARTIAL,USD,22,Prix de référence observé sur la boutique officielle; ne pas utiliser comme prix de vente MAD.,,,,,0,3,DRAFT,PUBLISHED_OUT_OF_STOCK_WHEN_PRICED,False,False,,Hypochlorous Acid Power Soothing Spray | Medicube Maroc | The K-Skin Gallery,"Découvrez Hypochlorous Acid Power Soothing Spray de Medicube chez The K-Skin Gallery. Korean skincare au Maroc, paiement à la livraison et livraison partout au Maroc.",,NEEDS_ASSET_INGESTION,"Sélection faciale issue du catalogue officiel actuel; produits cœur de gamme, jusqu’à ~30+ par marque selon pertinence.",KSG_CURATION_FROM_OFFICIAL_NAMES_AND_CLAIMS,False,NEEDS_OFFICIAL_PDP_ENRICHMENT,Les classifications Type de peau/Besoins/Étape/AM-PM sont une curation The K-Skin Gallery sauf mention vérifiée sur fiche produit individuelle.
research-medicube-pdrn-pink-collagen-capsule-cream,Medicube,PDRN Pink Collagen Capsule Cream,PDRN Pink Collagen Capsule Cream,medicube-pdrn-pink-collagen-capsule-cream,,,,Crèmes hydratantes,Crème / Hydratant,Normale;Sèche;Mixte,Premiers signes de l'âge,PDRN;Collagène,Hydrater,BOTH,,Crèmes hydratantes Medicube classé par The K-Skin Gallery dans la sélection premiers signes de l'âge.,Premiers signes de l'âge,,,,Medicube official website,https://medicube.us/collections/all,COLLECTION,EN,2026-10-02,PARTIAL,USD,26,Prix de référence observé sur la boutique officielle; ne pas utiliser comme prix de vente MAD.,,,,,0,3,DRAFT,PUBLISHED_OUT_OF_STOCK_WHEN_PRICED,False,False,,PDRN Pink Collagen Capsule Cream | Medicube Maroc | The K-Skin Gallery,"Découvrez PDRN Pink Collagen Capsule Cream de Medicube chez The K-Skin Gallery. Korean skincare au Maroc, paiement à la livraison et livraison partout au Maroc.",,NEEDS_ASSET_INGESTION,"Sélection faciale issue du catalogue officiel actuel; produits cœur de gamme, jusqu’à ~30+ par marque selon pertinence.",KSG_CURATION_FROM_OFFICIAL_NAMES_AND_CLAIMS,False,NEEDS_OFFICIAL_PDP_ENRICHMENT,Les classifications Type de peau/Besoins/Étape/AM-PM sont une curation The K-Skin Gallery sauf mention vérifiée sur fiche produit individuelle.
research-medicube-pdrn-pink-collagen-exosome-shot,Medicube,PDRN Pink Collagen Exosome Shot,PDRN Pink Collagen Exosome Shot,medicube-pdrn-pink-collagen-exosome-shot,,,,Sérums & Ampoules,Sérum / Ampoule,Normale;Sèche;Mixte,Premiers signes de l'âge,PDRN;Collagène,Traiter,BOTH,,Sérums & Ampoules Medicube classé par The K-Skin Gallery dans la sélection premiers signes de l'âge.,Premiers signes de l'âge,,,,Medicube official website,https://medicube.us/collections/all,COLLECTION,EN,2026-10-02,PARTIAL,USD,22,Prix de référence observé sur la boutique officielle; ne pas utiliser comme prix de vente MAD.,,,,,0,3,DRAFT,PUBLISHED_OUT_OF_STOCK_WHEN_PRICED,False,False,,PDRN Pink Collagen Exosome Shot | Medicube Maroc | The K-Skin Gallery,"Découvrez PDRN Pink Collagen Exosome Shot de Medicube chez The K-Skin Gallery. Korean skincare au Maroc, paiement à la livraison et livraison partout au Maroc.",,NEEDS_ASSET_INGESTION,"Sélection faciale issue du catalogue officiel actuel; produits cœur de gamme, jusqu’à ~30+ par marque selon pertinence.",KSG_CURATION_FROM_OFFICIAL_NAMES_AND_CLAIMS,False,NEEDS_OFFICIAL_PDP_ENRICHMENT,Les classifications Type de peau/Besoins/Étape/AM-PM sont une curation The K-Skin Gallery sauf mention vérifiée sur fiche produit individuelle.
research-medicube-pdrn-pink-peptide-toner,Medicube,PDRN Pink Peptide Toner,PDRN Pink Peptide Toner,medicube-pdrn-pink-peptide-toner,,,,Toners & Essences,Toner / Essence,Normale;Sèche;Mixte,Premiers signes de l'âge,PDRN;Peptides,Préparer,BOTH,,Toners & Essences Medicube classé par The K-Skin Gallery dans la sélection premiers signes de l'âge.,Premiers signes de l'âge,,,,Medicube official website,https://medicube.us/collections/all,COLLECTION,EN,2026-10-02,PARTIAL,USD,21,Prix de référence observé sur la boutique officielle; ne pas utiliser comme prix de vente MAD.,,,,,0,3,DRAFT,PUBLISHED_OUT_OF_STOCK_WHEN_PRICED,False,False,,PDRN Pink Peptide Toner | Medicube Maroc | The K-Skin Gallery,"Découvrez PDRN Pink Peptide Toner de Medicube chez The K-Skin Gallery. Korean skincare au Maroc, paiement à la livraison et livraison partout au Maroc.",,NEEDS_ASSET_INGESTION,"Sélection faciale issue du catalogue officiel actuel; produits cœur de gamme, jusqu’à ~30+ par marque selon pertinence.",KSG_CURATION_FROM_OFFICIAL_NAMES_AND_CLAIMS,False,NEEDS_OFFICIAL_PDP_ENRICHMENT,Les classifications Type de peau/Besoins/Étape/AM-PM sont une curation The K-Skin Gallery sauf mention vérifiée sur fiche produit individuelle.
research-medicube-pdrn-pink-one-day-serum,Medicube,PDRN Pink One Day Serum,PDRN Pink One Day Serum,medicube-pdrn-pink-one-day-serum,,,,Sérums & Ampoules,Sérum / Ampoule,,,PDRN,Traiter,BOTH,,Sérums & Ampoules Medicube référencé dans le catalogue The K-Skin Gallery.,,,,,Medicube official website,https://medicube.us/collections/all,COLLECTION,EN,2026-10-02,PARTIAL,USD,19,Prix de référence observé sur la boutique officielle; ne pas utiliser comme prix de vente MAD.,,,,,0,3,DRAFT,PUBLISHED_OUT_OF_STOCK_WHEN_PRICED,False,False,,PDRN Pink One Day Serum | Medicube Maroc | The K-Skin Gallery,"Découvrez PDRN Pink One Day Serum de Medicube chez The K-Skin Gallery. Korean skincare au Maroc, paiement à la livraison et livraison partout au Maroc.",,NEEDS_ASSET_INGESTION,"Sélection faciale issue du catalogue officiel actuel; produits cœur de gamme, jusqu’à ~30+ par marque selon pertinence.",KSG_CURATION_FROM_OFFICIAL_NAMES_AND_CLAIMS,False,NEEDS_OFFICIAL_PDP_ENRICHMENT,Les classifications Type de peau/Besoins/Étape/AM-PM sont une curation The K-Skin Gallery sauf mention vérifiée sur fiche produit individuelle.
research-medicube-pdrn-pink-peptide-cream,Medicube,PDRN Pink Peptide Cream,PDRN Pink Peptide Cream,medicube-pdrn-pink-peptide-cream,,,50 ml,Crèmes hydratantes,Crème / Hydratant,Grasse;Sèche;Mixte,Hydratation;Taches & teint irrégulier;Premiers signes de l'âge,Acide hyaluronique;PDRN;Niacinamide;Peptides,Hydrater,BOTH,PDRN Pink Hyaluronic Moisturizing Cream for the Look of Uneven Skin Tone & Pores,"Crèmes hydratantes Medicube sélectionné par The K-Skin Gallery pour une routine axée sur pores & excès de sébum, taches & teint irrégulier.",Hydratation;Taches & teint irrégulier;Premiers signes de l'âge,,"WATER, GLYCERETH-26, BUTYLENE GLYCOL, CAPRYLIC/CAPRIC TRIGLYCERIDE, CYCLOPENTASILOXANE, 1,2-HEXANEDIOL, NIACINAMIDE, HYDROGENATED POLYDECENE, ISONONYL ISONONANOATE, CETEARYL OLIVATE, ETHYLHEXYL OLIVATE, GLYCERIN, SORBITAN OLIVATE, SODIUM ACRYLATES COPOLYMER, HYDROXYETHYL ACRYLATE/SODIUM ACRYLOYLDIMETHYL TAURATE COPOLYMER, POLYGLYCERYL-4 OLEATE, DISODIUM EDTA, BETAINE, PANTHENOL, ETHYLHEXYLGLYCERIN, CITRIC ACID, FRAGRANCE, ADENOSINE, LIMNANTHES ALBA (MEADOWFOAM) SEED OIL, SORBITAN ISOSTEARATE, GLYCERYL ACRYLATE/ACRYLIC ACID COPOLYMER, ROSA DAMASCENA EXTRACT, CYANOCOBALAMIN, SODIUM DNA, HYDROGENATED LECITHIN, CETEARYL ALCOHOL, STEARIC ACID, SODIUM HYALURONATE, HYDROXYPROPYLTRIMONIUM HYALURONATE, CERAMIDE NP, PRUNELLA VULGARIS EXTRACT, FUCUS VESICULOSUS EXTRACT, MORINDA CITRIFOLIA FRUIT EXTRACT, MOMORDICA CHARANTIA FRUIT EXTRACT, HIBISCUS ESCULENTUS FRUIT EXTRACT, CERAMIDE NS, SODIUM ACETYLATED HYALURONATE, HYDROLYZED HYALURONIC ACID, CENTELLA ASIATICA LEAF EXTRACT, CHOLESTEROL, PHYTOSPHINGOSINE, CERAMIDE AS, CERAMIDE AP, HYALURONIC ACID, COPPER TRIPEPTIDE-1, SODIUM HYALURONATE CROSSPOLYMER, ACETYL HEXAPEPTIDE-8, PALMITOYL PENTAPEPTIDE-4, HYDROLYZED SODIUM HYALURONATE, PALMITOYL TETRAPEPTIDE-7, PALMITOYL TRIPEPTIDE-1, POTASSIUM HYALURONATE, CERAMIDE EOP",,Medicube official website,https://medicube.us/products/pdrn-pink-peptide-cream,INDIVIDUAL_PRODUCT,EN,2026-10-02,VERIFIED,USD,26,Prix de référence observé sur la boutique officielle; ne pas utiliser comme prix de vente MAD.,,,,,0,3,DRAFT,PUBLISHED_OUT_OF_STOCK_WHEN_PRICED,False,False,,PDRN Pink Peptide Cream | Medicube Maroc | The K-Skin Gallery,"Découvrez PDRN Pink Peptide Cream de Medicube chez The K-Skin Gallery. Korean skincare au Maroc, paiement à la livraison et livraison partout au Maroc.",,NEEDS_ASSET_INGESTION,"Sélection faciale issue du catalogue officiel actuel; produits cœur de gamme, jusqu’à ~30+ par marque selon pertinence.",KSG_CURATION_FROM_OFFICIAL_NAMES_AND_CLAIMS,False,READY,Les classifications Type de peau/Besoins/Étape/AM-PM sont une curation The K-Skin Gallery sauf mention vérifiée sur fiche produit individuelle.
research-medicube-pdrn-pink-collagen-glow-jelly-mist-serum,Medicube,PDRN Pink Collagen Glow Jelly Mist Serum,PDRN Pink Collagen Glow Jelly Mist Serum,medicube-pdrn-pink-collagen-glow-jelly-mist-serum,,,,Toners & Essences,Toner / Essence,Normale;Sèche;Mixte,Éclat;Premiers signes de l'âge,PDRN;Collagène,Préparer,BOTH,,"Toners & Essences Medicube classé par The K-Skin Gallery dans la sélection éclat, premiers signes de l'âge.",Éclat;Premiers signes de l'âge,,,,Medicube official website,https://medicube.us/collections/all,COLLECTION,EN,2026-10-02,PARTIAL,USD,22,Prix de référence observé sur la boutique officielle; ne pas utiliser comme prix de vente MAD.,,,,,0,3,DRAFT,PUBLISHED_OUT_OF_STOCK_WHEN_PRICED,False,False,,PDRN Pink Collagen Glow Jelly Mist Serum | Medicube Maroc | The K-Skin Gallery,"Découvrez PDRN Pink Collagen Glow Jelly Mist Serum de Medicube chez The K-Skin Gallery. Korean skincare au Maroc, paiement à la livraison et livraison partout au Maroc.",,NEEDS_ASSET_INGESTION,"Sélection faciale issue du catalogue officiel actuel; produits cœur de gamme, jusqu’à ~30+ par marque selon pertinence.",KSG_CURATION_FROM_OFFICIAL_NAMES_AND_CLAIMS,False,NEEDS_OFFICIAL_PDP_ENRICHMENT,Les classifications Type de peau/Besoins/Étape/AM-PM sont une curation The K-Skin Gallery sauf mention vérifiée sur fiche produit individuelle.
research-medicube-kojic-acid-turmeric-vitamin-gold-jelly-mist-serum,Medicube,Kojic Acid Turmeric Vitamin Gold Jelly Mist Serum,Kojic Acid Turmeric Vitamin Gold Jelly Mist Serum,medicube-kojic-acid-turmeric-vitamin-gold-jelly-mist-serum,,,,Toners & Essences,Toner / Essence,,Taches & teint irrégulier,Acide kojique;Curcuma,Préparer,BOTH,,Toners & Essences Medicube classé par The K-Skin Gallery dans la sélection taches & teint irrégulier.,Taches & teint irrégulier,,,,Medicube official website,https://medicube.us/collections/all,COLLECTION,EN,2026-10-02,PARTIAL,USD,22,Prix de référence observé sur la boutique officielle; ne pas utiliser comme prix de vente MAD.,,,,,0,3,DRAFT,PUBLISHED_OUT_OF_STOCK_WHEN_PRICED,False,False,,Kojic Acid Turmeric Vitamin Gold Jelly Mist Serum | Medicube Maroc | The K-Skin Gallery,"Découvrez Kojic Acid Turmeric Vitamin Gold Jelly Mist Serum de Medicube chez The K-Skin Gallery. Korean skincare au Maroc, paiement à la livraison et livraison partout au Maroc.",,NEEDS_ASSET_INGESTION,"Sélection faciale issue du catalogue officiel actuel; produits cœur de gamme, jusqu’à ~30+ par marque selon pertinence.",KSG_CURATION_FROM_OFFICIAL_NAMES_AND_CLAIMS,False,NEEDS_OFFICIAL_PDP_ENRICHMENT,Les classifications Type de peau/Besoins/Étape/AM-PM sont une curation The K-Skin Gallery sauf mention vérifiée sur fiche produit individuelle.
research-medicube-zero-pore-pads,Medicube,Zero Pore Pads,Zero Pore Pads,medicube-zero-pore-pads,,,,Toners & Essences,Pads,Grasse;Mixte,Pores & excès de sébum,BHA;AHA,Préparer,BOTH,AHA+BHA,Toners & Essences Medicube sélectionné par The K-Skin Gallery pour une routine axée sur pores & excès de sébum.,Pores & excès de sébum,,,,Medicube official website,https://medicube.us/collections/all,COLLECTION,EN,2026-10-02,PARTIAL,USD,24,Prix de référence observé sur la boutique officielle; ne pas utiliser comme prix de vente MAD.,,,,,0,3,DRAFT,PUBLISHED_OUT_OF_STOCK_WHEN_PRICED,False,False,,Zero Pore Pads | Medicube Maroc | The K-Skin Gallery,"Découvrez Zero Pore Pads de Medicube chez The K-Skin Gallery. Korean skincare au Maroc, paiement à la livraison et livraison partout au Maroc.",,NEEDS_ASSET_INGESTION,"Sélection faciale issue du catalogue officiel actuel; produits cœur de gamme, jusqu’à ~30+ par marque selon pertinence.",KSG_CURATION_FROM_OFFICIAL_NAMES_AND_CLAIMS,False,NEEDS_OFFICIAL_PDP_ENRICHMENT,Les classifications Type de peau/Besoins/Étape/AM-PM sont une curation The K-Skin Gallery sauf mention vérifiée sur fiche produit individuelle.
research-medicube-zero-pore-blackhead-deep-cleansing-oil,Medicube,Zero Pore Blackhead Deep Cleansing Oil,Zero Pore Blackhead Deep Cleansing Oil,medicube-zero-pore-blackhead-deep-cleansing-oil,,,,Huiles & Baumes démaquillants,Démaquillant huile/baume,Grasse;Mixte,Pores & excès de sébum,,Nettoyer,BOTH,,Huiles & Baumes démaquillants Medicube classé par The K-Skin Gallery dans la sélection pores & excès de sébum.,Pores & excès de sébum,,,,Medicube official website,https://medicube.us/collections/all,COLLECTION,EN,2026-10-02,PARTIAL,USD,21,Prix de référence observé sur la boutique officielle; ne pas utiliser comme prix de vente MAD.,,,,,0,3,DRAFT,PUBLISHED_OUT_OF_STOCK_WHEN_PRICED,False,False,,Zero Pore Blackhead Deep Cleansing Oil | Medicube Maroc | The K-Skin Gallery,"Découvrez Zero Pore Blackhead Deep Cleansing Oil de Medicube chez The K-Skin Gallery. Korean skincare au Maroc, paiement à la livraison et livraison partout au Maroc.",,NEEDS_ASSET_INGESTION,"Sélection faciale issue du catalogue officiel actuel; produits cœur de gamme, jusqu’à ~30+ par marque selon pertinence.",KSG_CURATION_FROM_OFFICIAL_NAMES_AND_CLAIMS,False,NEEDS_OFFICIAL_PDP_ENRICHMENT,Les classifications Type de peau/Besoins/Étape/AM-PM sont une curation The K-Skin Gallery sauf mention vérifiée sur fiche produit individuelle.
research-medicube-zero-exosome-shot,Medicube,Zero Exosome Shot,Zero Exosome Shot,medicube-zero-exosome-shot,,,,Sérums & Ampoules,Sérum / Ampoule,,,,Traiter,BOTH,,Sérums & Ampoules Medicube référencé dans le catalogue The K-Skin Gallery.,,,,,Medicube official website,https://medicube.us/collections/all,COLLECTION,EN,2026-10-02,PARTIAL,USD,42,Prix de référence observé sur la boutique officielle; ne pas utiliser comme prix de vente MAD.,,,,,0,3,DRAFT,PUBLISHED_OUT_OF_STOCK_WHEN_PRICED,False,False,,Zero Exosome Shot | Medicube Maroc | The K-Skin Gallery,"Découvrez Zero Exosome Shot de Medicube chez The K-Skin Gallery. Korean skincare au Maroc, paiement à la livraison et livraison partout au Maroc.",,NEEDS_ASSET_INGESTION,"Sélection faciale issue du catalogue officiel actuel; produits cœur de gamme, jusqu’à ~30+ par marque selon pertinence.",KSG_CURATION_FROM_OFFICIAL_NAMES_AND_CLAIMS,False,NEEDS_OFFICIAL_PDP_ENRICHMENT,Les classifications Type de peau/Besoins/Étape/AM-PM sont une curation The K-Skin Gallery sauf mention vérifiée sur fiche produit individuelle.
research-medicube-collagen-niacinamide-jelly-cream,Medicube,Collagen Niacinamide Jelly Cream,Collagen Niacinamide Jelly Cream,medicube-collagen-niacinamide-jelly-cream,,,,Crèmes hydratantes,Crème / Hydratant,Normale;Sèche;Mixte,Premiers signes de l'âge,Niacinamide;Collagène,Hydrater,BOTH,,Crèmes hydratantes Medicube classé par The K-Skin Gallery dans la sélection premiers signes de l'âge.,Premiers signes de l'âge,,,,Medicube official website,https://medicube.us/collections/all,COLLECTION,EN,2026-10-02,PARTIAL,USD,26,Prix de référence observé sur la boutique officielle; ne pas utiliser comme prix de vente MAD.,,,,,0,3,DRAFT,PUBLISHED_OUT_OF_STOCK_WHEN_PRICED,False,False,,Collagen Niacinamide Jelly Cream | Medicube Maroc | The K-Skin Gallery,"Découvrez Collagen Niacinamide Jelly Cream de Medicube chez The K-Skin Gallery. Korean skincare au Maroc, paiement à la livraison et livraison partout au Maroc.",,NEEDS_ASSET_INGESTION,"Sélection faciale issue du catalogue officiel actuel; produits cœur de gamme, jusqu’à ~30+ par marque selon pertinence.",KSG_CURATION_FROM_OFFICIAL_NAMES_AND_CLAIMS,False,NEEDS_OFFICIAL_PDP_ENRICHMENT,Les classifications Type de peau/Besoins/Étape/AM-PM sont une curation The K-Skin Gallery sauf mention vérifiée sur fiche produit individuelle.
research-medicube-salmon-pdrn-pink-collagen-jelly-gel-mask,Medicube,Salmon PDRN Pink Collagen Jelly Gel Mask,Salmon PDRN Pink Collagen Jelly Gel Mask,medicube-salmon-pdrn-pink-collagen-jelly-gel-mask,,,,Masques,Masque,Normale;Sèche;Mixte,Premiers signes de l'âge,PDRN;Collagène,Traiter,BOTH,,Masques Medicube classé par The K-Skin Gallery dans la sélection premiers signes de l'âge.,Premiers signes de l'âge,,,,Medicube official website,https://medicube.us/collections/all,COLLECTION,EN,2026-10-02,PARTIAL,USD,5.99,Prix de référence observé sur la boutique officielle; ne pas utiliser comme prix de vente MAD.,,,,,0,3,DRAFT,PUBLISHED_OUT_OF_STOCK_WHEN_PRICED,False,False,,Salmon PDRN Pink Collagen Jelly Gel Mask | Medicube Maroc | The K-Skin Gallery,"Découvrez Salmon PDRN Pink Collagen Jelly Gel Mask de Medicube chez The K-Skin Gallery. Korean skincare au Maroc, paiement à la livraison et livraison partout au Maroc.",,NEEDS_ASSET_INGESTION,"Sélection faciale issue du catalogue officiel actuel; produits cœur de gamme, jusqu’à ~30+ par marque selon pertinence.",KSG_CURATION_FROM_OFFICIAL_NAMES_AND_CLAIMS,False,NEEDS_OFFICIAL_PDP_ENRICHMENT,Les classifications Type de peau/Besoins/Étape/AM-PM sont une curation The K-Skin Gallery sauf mention vérifiée sur fiche produit individuelle.
research-medicube-pdrn-pink-gel-cleanser,Medicube,PDRN Pink Gel Cleanser,PDRN Pink Gel Cleanser,medicube-pdrn-pink-gel-cleanser,,,,Nettoyants,Nettoyant,,,PDRN,Nettoyer,BOTH,,Nettoyants Medicube référencé dans le catalogue The K-Skin Gallery.,,,,,Medicube official website,https://medicube.us/collections/all,COLLECTION,EN,2026-10-02,PARTIAL,USD,26,Prix de référence observé sur la boutique officielle; ne pas utiliser comme prix de vente MAD.,,,,,0,3,DRAFT,PUBLISHED_OUT_OF_STOCK_WHEN_PRICED,False,False,,PDRN Pink Gel Cleanser | Medicube Maroc | The K-Skin Gallery,"Découvrez PDRN Pink Gel Cleanser de Medicube chez The K-Skin Gallery. Korean skincare au Maroc, paiement à la livraison et livraison partout au Maroc.",,NEEDS_ASSET_INGESTION,"Sélection faciale issue du catalogue officiel actuel; produits cœur de gamme, jusqu’à ~30+ par marque selon pertinence.",KSG_CURATION_FROM_OFFICIAL_NAMES_AND_CLAIMS,False,NEEDS_OFFICIAL_PDP_ENRICHMENT,Les classifications Type de peau/Besoins/Étape/AM-PM sont une curation The K-Skin Gallery sauf mention vérifiée sur fiche produit individuelle.
research-medicube-pdrn-pink-peptide-eye-cream,Medicube,PDRN Pink Peptide Eye Cream,PDRN Pink Peptide Eye Cream,medicube-pdrn-pink-peptide-eye-cream,,,,Contour des yeux,Contour des yeux,Normale;Sèche;Mixte,Premiers signes de l'âge,PDRN;Peptides,Traiter,BOTH,,Contour des yeux Medicube classé par The K-Skin Gallery dans la sélection premiers signes de l'âge.,Premiers signes de l'âge,,,,Medicube official website,https://medicube.us/collections/all,COLLECTION,EN,2026-10-02,PARTIAL,USD,26,Prix de référence observé sur la boutique officielle; ne pas utiliser comme prix de vente MAD.,,,,,0,3,DRAFT,PUBLISHED_OUT_OF_STOCK_WHEN_PRICED,False,False,,PDRN Pink Peptide Eye Cream | Medicube Maroc | The K-Skin Gallery,"Découvrez PDRN Pink Peptide Eye Cream de Medicube chez The K-Skin Gallery. Korean skincare au Maroc, paiement à la livraison et livraison partout au Maroc.",,NEEDS_ASSET_INGESTION,"Sélection faciale issue du catalogue officiel actuel; produits cœur de gamme, jusqu’à ~30+ par marque selon pertinence.",KSG_CURATION_FROM_OFFICIAL_NAMES_AND_CLAIMS,False,NEEDS_OFFICIAL_PDP_ENRICHMENT,Les classifications Type de peau/Besoins/Étape/AM-PM sont une curation The K-Skin Gallery sauf mention vérifiée sur fiche produit individuelle.
research-medicube-pdrn-pink-vita-coating-sheet-mask,Medicube,PDRN Pink Vita Coating Sheet Mask,PDRN Pink Vita Coating Sheet Mask,medicube-pdrn-pink-vita-coating-sheet-mask,,,,Masques,Masque,Normale;Sèche;Grasse;Mixte;Sensible,Hydratation;Taches & teint irrégulier;Éclat;Premiers signes de l'âge,PDRN;Collagène;Vitamine B12;Niacinamide,Traiter,BOTH,"Salmon PDRN & Vitamin B12 Sheet Mask for Hydration, Firming, and Balanced Skin","Masques Medicube sélectionné par The K-Skin Gallery pour une routine axée sur hydratation, premiers signes de l'âge.",Hydratation;Taches & teint irrégulier;Éclat;Premiers signes de l'âge,Appliquer le masque sur le visage pendant 10 à 20 minutes. Retirer puis tapoter délicatement l’essence restante jusqu’à absorption. Ne pas rincer.,"Water, Methylpropanediol, Glycerin, Niacinamide, Propanediol, Polyglycerin-3, Hydroxyacetophenone, Polyglyceryl-10 Laurate, Allantoin, Butylene Glycol, Carbomer, Ethylhexylglycerin, Tromethamine, Adenosine, 1,2-Hexanediol, Xanthan Gum, Sodium Phytate, Fragrance, Gardenia Florida Fruit Extract, Sodium DNA (100 ppm), Glyceryl Acrylate/Acrylic Acid Copolymer, PVM/MA Copolymer, Glyceryl Glucoside, Sodium Hyaluronate, Cyanocobalamin (100 ppb), Ascorbic Acid (100 ppb), Soluble Collagen",,Medicube official website,https://medicube.us/products/pdrn-pink-vita-coating-sheet-mask,INDIVIDUAL_PRODUCT,EN,2026-10-02,VERIFIED,USD,24,Prix de référence observé sur la boutique officielle; ne pas utiliser comme prix de vente MAD.,,,,,0,3,DRAFT,PUBLISHED_OUT_OF_STOCK_WHEN_PRICED,False,False,,PDRN Pink Vita Coating Sheet Mask | Medicube Maroc | The K-Skin Gallery,"Découvrez PDRN Pink Vita Coating Sheet Mask de Medicube chez The K-Skin Gallery. Korean skincare au Maroc, paiement à la livraison et livraison partout au Maroc.",,NEEDS_ASSET_INGESTION,"Sélection faciale issue du catalogue officiel actuel; produits cœur de gamme, jusqu’à ~30+ par marque selon pertinence.",KSG_CURATION_FROM_OFFICIAL_NAMES_AND_CLAIMS,False,READY,Les classifications Type de peau/Besoins/Étape/AM-PM sont une curation The K-Skin Gallery sauf mention vérifiée sur fiche produit individuelle.
research-medicube-hyaluronic-acid-capsule-cream,Medicube,Hyaluronic Acid Capsule Cream,Hyaluronic Acid Capsule Cream,medicube-hyaluronic-acid-capsule-cream,,,,Crèmes hydratantes,Crème / Hydratant,Sèche;Normale,Hydratation,Acide hyaluronique,Hydrater,BOTH,,Crèmes hydratantes Medicube classé par The K-Skin Gallery dans la sélection hydratation.,Hydratation,,,,Medicube official website,https://medicube.us/collections/all,COLLECTION,EN,2026-10-02,PARTIAL,USD,26,Prix de référence observé sur la boutique officielle; ne pas utiliser comme prix de vente MAD.,,,,,0,3,DRAFT,PUBLISHED_OUT_OF_STOCK_WHEN_PRICED,False,False,,Hyaluronic Acid Capsule Cream | Medicube Maroc | The K-Skin Gallery,"Découvrez Hyaluronic Acid Capsule Cream de Medicube chez The K-Skin Gallery. Korean skincare au Maroc, paiement à la livraison et livraison partout au Maroc.",,NEEDS_ASSET_INGESTION,"Sélection faciale issue du catalogue officiel actuel; produits cœur de gamme, jusqu’à ~30+ par marque selon pertinence.",KSG_CURATION_FROM_OFFICIAL_NAMES_AND_CLAIMS,False,NEEDS_OFFICIAL_PDP_ENRICHMENT,Les classifications Type de peau/Besoins/Étape/AM-PM sont une curation The K-Skin Gallery sauf mention vérifiée sur fiche produit individuelle.
research-medicube-kojic-acid-turmeric-overnight-wrapping-mask,Medicube,Kojic Acid Turmeric Overnight Wrapping Mask,Kojic Acid Turmeric Overnight Wrapping Mask,medicube-kojic-acid-turmeric-overnight-wrapping-mask,,,,Masques,Masque,,Taches & teint irrégulier,Acide kojique;Curcuma,Traiter,PM,,Masques Medicube classé par The K-Skin Gallery dans la sélection taches & teint irrégulier.,Taches & teint irrégulier,,,,Medicube official website,https://medicube.us/collections/all,COLLECTION,EN,2026-10-02,PARTIAL,USD,24,Prix de référence observé sur la boutique officielle; ne pas utiliser comme prix de vente MAD.,,,,,0,3,DRAFT,PUBLISHED_OUT_OF_STOCK_WHEN_PRICED,False,False,,Kojic Acid Turmeric Overnight Wrapping Mask | Medicube Maroc | The K-Skin Gallery,"Découvrez Kojic Acid Turmeric Overnight Wrapping Mask de Medicube chez The K-Skin Gallery. Korean skincare au Maroc, paiement à la livraison et livraison partout au Maroc.",,NEEDS_ASSET_INGESTION,"Sélection faciale issue du catalogue officiel actuel; produits cœur de gamme, jusqu’à ~30+ par marque selon pertinence.",KSG_CURATION_FROM_OFFICIAL_NAMES_AND_CLAIMS,False,NEEDS_OFFICIAL_PDP_ENRICHMENT,Les classifications Type de peau/Besoins/Étape/AM-PM sont une curation The K-Skin Gallery sauf mention vérifiée sur fiche produit individuelle.
research-medicube-txa-niacinamide-serum,Medicube,TXA Niacinamide Serum,TXA Niacinamide Serum,medicube-txa-niacinamide-serum,,,,Sérums & Ampoules,Sérum / Ampoule,,Taches & teint irrégulier,Niacinamide;Acide tranexamique (TXA),Traiter,BOTH,,Sérums & Ampoules Medicube classé par The K-Skin Gallery dans la sélection taches & teint irrégulier.,Taches & teint irrégulier,,,,Medicube official website,https://medicube.us/collections/all,COLLECTION,EN,2026-10-02,PARTIAL,USD,24,Prix de référence observé sur la boutique officielle; ne pas utiliser comme prix de vente MAD.,,,,,0,3,DRAFT,PUBLISHED_OUT_OF_STOCK_WHEN_PRICED,False,False,,TXA Niacinamide Serum | Medicube Maroc | The K-Skin Gallery,"Découvrez TXA Niacinamide Serum de Medicube chez The K-Skin Gallery. Korean skincare au Maroc, paiement à la livraison et livraison partout au Maroc.",,NEEDS_ASSET_INGESTION,"Sélection faciale issue du catalogue officiel actuel; produits cœur de gamme, jusqu’à ~30+ par marque selon pertinence.",KSG_CURATION_FROM_OFFICIAL_NAMES_AND_CLAIMS,False,NEEDS_OFFICIAL_PDP_ENRICHMENT,Les classifications Type de peau/Besoins/Étape/AM-PM sont une curation The K-Skin Gallery sauf mention vérifiée sur fiche produit individuelle.
research-medicube-txa-niacinamide-capsule-cream,Medicube,TXA Niacinamide Capsule Cream,TXA Niacinamide Capsule Cream,medicube-txa-niacinamide-capsule-cream,,,,Crèmes hydratantes,Crème / Hydratant,,Taches & teint irrégulier,Niacinamide;Acide tranexamique (TXA),Hydrater,BOTH,,Crèmes hydratantes Medicube classé par The K-Skin Gallery dans la sélection taches & teint irrégulier.,Taches & teint irrégulier,,,,Medicube official website,https://medicube.us/collections/all,COLLECTION,EN,2026-10-02,PARTIAL,USD,26,Prix de référence observé sur la boutique officielle; ne pas utiliser comme prix de vente MAD.,,,,,0,3,DRAFT,PUBLISHED_OUT_OF_STOCK_WHEN_PRICED,False,False,,TXA Niacinamide Capsule Cream | Medicube Maroc | The K-Skin Gallery,"Découvrez TXA Niacinamide Capsule Cream de Medicube chez The K-Skin Gallery. Korean skincare au Maroc, paiement à la livraison et livraison partout au Maroc.",,NEEDS_ASSET_INGESTION,"Sélection faciale issue du catalogue officiel actuel; produits cœur de gamme, jusqu’à ~30+ par marque selon pertinence.",KSG_CURATION_FROM_OFFICIAL_NAMES_AND_CLAIMS,False,NEEDS_OFFICIAL_PDP_ENRICHMENT,Les classifications Type de peau/Besoins/Étape/AM-PM sont une curation The K-Skin Gallery sauf mention vérifiée sur fiche produit individuelle.
research-medicube-azelaic-acid-16-calming-serum,Medicube,Azelaic Acid 16 Calming Serum,Azelaic Acid 16 Calming Serum,medicube-azelaic-acid-16-calming-serum,,,,Sérums & Ampoules,Sérum / Ampoule,Sensible,Rougeurs;Barrière cutanée,Acide azélaïque,Traiter,BOTH,,"Sérums & Ampoules Medicube classé par The K-Skin Gallery dans la sélection rougeurs, barrière cutanée.",Rougeurs;Barrière cutanée,,,,Medicube official website,https://medicube.us/collections/all,COLLECTION,EN,2026-10-02,PARTIAL,USD,24,Prix de référence observé sur la boutique officielle; ne pas utiliser comme prix de vente MAD.,,,,,0,3,DRAFT,PUBLISHED_OUT_OF_STOCK_WHEN_PRICED,False,False,,Azelaic Acid 16 Calming Serum | Medicube Maroc | The K-Skin Gallery,"Découvrez Azelaic Acid 16 Calming Serum de Medicube chez The K-Skin Gallery. Korean skincare au Maroc, paiement à la livraison et livraison partout au Maroc.",,NEEDS_ASSET_INGESTION,"Sélection faciale issue du catalogue officiel actuel; produits cœur de gamme, jusqu’à ~30+ par marque selon pertinence.",KSG_CURATION_FROM_OFFICIAL_NAMES_AND_CLAIMS,False,NEEDS_OFFICIAL_PDP_ENRICHMENT,Les classifications Type de peau/Besoins/Étape/AM-PM sont une curation The K-Skin Gallery sauf mention vérifiée sur fiche produit individuelle.
research-medicube-zero-pore-capsule-cleansing-foam,Medicube,Zero Pore Capsule Cleansing Foam,Zero Pore Capsule Cleansing Foam,medicube-zero-pore-capsule-cleansing-foam,,,,Nettoyants,Nettoyant,Grasse;Mixte,Pores & excès de sébum,,Nettoyer,BOTH,,Nettoyants Medicube classé par The K-Skin Gallery dans la sélection pores & excès de sébum.,Pores & excès de sébum,,,,Medicube official website,https://medicube.us/collections/all,COLLECTION,EN,2026-10-02,PARTIAL,USD,20,Prix de référence observé sur la boutique officielle; ne pas utiliser comme prix de vente MAD.,,,,,0,3,DRAFT,PUBLISHED_OUT_OF_STOCK_WHEN_PRICED,False,False,,Zero Pore Capsule Cleansing Foam | Medicube Maroc | The K-Skin Gallery,"Découvrez Zero Pore Capsule Cleansing Foam de Medicube chez The K-Skin Gallery. Korean skincare au Maroc, paiement à la livraison et livraison partout au Maroc.",,NEEDS_ASSET_INGESTION,"Sélection faciale issue du catalogue officiel actuel; produits cœur de gamme, jusqu’à ~30+ par marque selon pertinence.",KSG_CURATION_FROM_OFFICIAL_NAMES_AND_CLAIMS,False,NEEDS_OFFICIAL_PDP_ENRICHMENT,Les classifications Type de peau/Besoins/Étape/AM-PM sont une curation The K-Skin Gallery sauf mention vérifiée sur fiche produit individuelle.
research-medicube-zero-pore-cooling-mask,Medicube,Zero Pore Cooling Mask,Zero Pore Cooling Mask,medicube-zero-pore-cooling-mask,,,,Masques,Masque,Grasse;Mixte,Pores & excès de sébum,,Traiter,BOTH,"Zero Line, Pores & Blackheads",Masques Medicube sélectionné par The K-Skin Gallery pour une routine axée sur pores & excès de sébum.,Pores & excès de sébum,,,,Medicube official website,https://medicube.us/collections/all,COLLECTION,EN,2026-10-02,PARTIAL,USD,6,Prix de référence observé sur la boutique officielle; ne pas utiliser comme prix de vente MAD.,,,,,0,3,DRAFT,PUBLISHED_OUT_OF_STOCK_WHEN_PRICED,False,False,,Zero Pore Cooling Mask | Medicube Maroc | The K-Skin Gallery,"Découvrez Zero Pore Cooling Mask de Medicube chez The K-Skin Gallery. Korean skincare au Maroc, paiement à la livraison et livraison partout au Maroc.",,NEEDS_ASSET_INGESTION,"Sélection faciale issue du catalogue officiel actuel; produits cœur de gamme, jusqu’à ~30+ par marque selon pertinence.",KSG_CURATION_FROM_OFFICIAL_NAMES_AND_CLAIMS,False,NEEDS_OFFICIAL_PDP_ENRICHMENT,Les classifications Type de peau/Besoins/Étape/AM-PM sont une curation The K-Skin Gallery sauf mention vérifiée sur fiche produit individuelle.
research-medicube-zero-pore-one-day-peptide-serum,Medicube,Zero Pore One-day Peptide Serum,Zero Pore One-day Peptide Serum,medicube-zero-pore-one-day-peptide-serum,,,,Sérums & Ampoules,Sérum / Ampoule,Grasse;Mixte;Normale;Sèche,Pores & excès de sébum;Premiers signes de l'âge,Peptides,Traiter,BOTH,,"Sérums & Ampoules Medicube classé par The K-Skin Gallery dans la sélection pores & excès de sébum, premiers signes de l'âge.",Pores & excès de sébum;Premiers signes de l'âge,,,,Medicube official website,https://medicube.us/collections/all,COLLECTION,EN,2026-10-02,PARTIAL,USD,24,Prix de référence observé sur la boutique officielle; ne pas utiliser comme prix de vente MAD.,,,,,0,3,DRAFT,PUBLISHED_OUT_OF_STOCK_WHEN_PRICED,False,False,,Zero Pore One-day Peptide Serum | Medicube Maroc | The K-Skin Gallery,"Découvrez Zero Pore One-day Peptide Serum de Medicube chez The K-Skin Gallery. Korean skincare au Maroc, paiement à la livraison et livraison partout au Maroc.",,NEEDS_ASSET_INGESTION,"Sélection faciale issue du catalogue officiel actuel; produits cœur de gamme, jusqu’à ~30+ par marque selon pertinence.",KSG_CURATION_FROM_OFFICIAL_NAMES_AND_CLAIMS,False,NEEDS_OFFICIAL_PDP_ENRICHMENT,Les classifications Type de peau/Besoins/Étape/AM-PM sont une curation The K-Skin Gallery sauf mention vérifiée sur fiche produit individuelle.
research-medicube-zero-pore-one-day-cream,Medicube,Zero Pore One-day Cream,Zero Pore One-day Cream,medicube-zero-pore-one-day-cream,,,,Crèmes hydratantes,Crème / Hydratant,Grasse;Mixte,Pores & excès de sébum;Barrière cutanée,Panthénol;BHA,Hydrater,BOTH,BHA+Panthenol,"Crèmes hydratantes Medicube sélectionné par The K-Skin Gallery pour une routine axée sur pores & excès de sébum, barrière cutanée.",Pores & excès de sébum;Barrière cutanée,,,,Medicube official website,https://medicube.us/collections/all,COLLECTION,EN,2026-10-02,PARTIAL,USD,26,Prix de référence observé sur la boutique officielle; ne pas utiliser comme prix de vente MAD.,,,,,0,3,DRAFT,PUBLISHED_OUT_OF_STOCK_WHEN_PRICED,False,False,,Zero Pore One-day Cream | Medicube Maroc | The K-Skin Gallery,"Découvrez Zero Pore One-day Cream de Medicube chez The K-Skin Gallery. Korean skincare au Maroc, paiement à la livraison et livraison partout au Maroc.",,NEEDS_ASSET_INGESTION,"Sélection faciale issue du catalogue officiel actuel; produits cœur de gamme, jusqu’à ~30+ par marque selon pertinence.",KSG_CURATION_FROM_OFFICIAL_NAMES_AND_CLAIMS,False,NEEDS_OFFICIAL_PDP_ENRICHMENT,Les classifications Type de peau/Besoins/Étape/AM-PM sont une curation The K-Skin Gallery sauf mention vérifiée sur fiche produit individuelle.
research-medicube-zero-foam-cleanser,Medicube,Zero Foam Cleanser,Zero Foam Cleanser,medicube-zero-foam-cleanser,,,,Nettoyants,Nettoyant,Grasse;Mixte,Pores & excès de sébum,,Nettoyer,BOTH,"Zero Line, Pores & Blackheads",Nettoyants Medicube sélectionné par The K-Skin Gallery pour une routine axée sur pores & excès de sébum.,Pores & excès de sébum,,,,Medicube official website,https://medicube.us/collections/all,COLLECTION,EN,2026-10-02,PARTIAL,USD,20,Prix de référence observé sur la boutique officielle; ne pas utiliser comme prix de vente MAD.,,,,,0,3,DRAFT,PUBLISHED_OUT_OF_STOCK_WHEN_PRICED,False,False,,Zero Foam Cleanser | Medicube Maroc | The K-Skin Gallery,"Découvrez Zero Foam Cleanser de Medicube chez The K-Skin Gallery. Korean skincare au Maroc, paiement à la livraison et livraison partout au Maroc.",,NEEDS_ASSET_INGESTION,"Sélection faciale issue du catalogue officiel actuel; produits cœur de gamme, jusqu’à ~30+ par marque selon pertinence.",KSG_CURATION_FROM_OFFICIAL_NAMES_AND_CLAIMS,False,NEEDS_OFFICIAL_PDP_ENRICHMENT,Les classifications Type de peau/Besoins/Étape/AM-PM sont une curation The K-Skin Gallery sauf mention vérifiée sur fiche produit individuelle.
research-medicube-deep-vita-c-capsule-cream,Medicube,Deep Vita C Capsule Cream,Deep Vita C Capsule Cream,medicube-deep-vita-c-capsule-cream,,,,Crèmes hydratantes,Crème / Hydratant,,,Vitamine C,Hydrater,BOTH,Vitamin Golden Boba Capsule Cream,"Crèmes hydratantes Medicube, référencé à partir de la fiche officielle de la marque.",,,,,Medicube official website,https://medicube.us/collections/all,COLLECTION,EN,2026-10-02,PARTIAL,USD,26,Prix de référence observé sur la boutique officielle; ne pas utiliser comme prix de vente MAD.,,,,,0,3,DRAFT,PUBLISHED_OUT_OF_STOCK_WHEN_PRICED,False,False,,Deep Vita C Capsule Cream | Medicube Maroc | The K-Skin Gallery,"Découvrez Deep Vita C Capsule Cream de Medicube chez The K-Skin Gallery. Korean skincare au Maroc, paiement à la livraison et livraison partout au Maroc.",,NEEDS_ASSET_INGESTION,"Sélection faciale issue du catalogue officiel actuel; produits cœur de gamme, jusqu’à ~30+ par marque selon pertinence.",KSG_CURATION_FROM_OFFICIAL_NAMES_AND_CLAIMS,False,NEEDS_OFFICIAL_PDP_ENRICHMENT,Les classifications Type de peau/Besoins/Étape/AM-PM sont une curation The K-Skin Gallery sauf mention vérifiée sur fiche produit individuelle.
research-medicube-deep-vita-c-pads,Medicube,Deep Vita C Pads,Deep Vita C Pads,medicube-deep-vita-c-pads,,,,Toners & Essences,Pads,,Taches & teint irrégulier;Éclat,Vitamine C,Préparer,BOTH,Brightening pad,"Toners & Essences Medicube sélectionné par The K-Skin Gallery pour une routine axée sur taches & teint irrégulier, éclat.",Taches & teint irrégulier;Éclat,,,,Medicube official website,https://medicube.us/collections/all,COLLECTION,EN,2026-10-02,PARTIAL,USD,24,Prix de référence observé sur la boutique officielle; ne pas utiliser comme prix de vente MAD.,,,,,0,3,DRAFT,PUBLISHED_OUT_OF_STOCK_WHEN_PRICED,False,False,,Deep Vita C Pads | Medicube Maroc | The K-Skin Gallery,"Découvrez Deep Vita C Pads de Medicube chez The K-Skin Gallery. Korean skincare au Maroc, paiement à la livraison et livraison partout au Maroc.",,NEEDS_ASSET_INGESTION,"Sélection faciale issue du catalogue officiel actuel; produits cœur de gamme, jusqu’à ~30+ par marque selon pertinence.",KSG_CURATION_FROM_OFFICIAL_NAMES_AND_CLAIMS,False,NEEDS_OFFICIAL_PDP_ENRICHMENT,Les classifications Type de peau/Besoins/Étape/AM-PM sont une curation The K-Skin Gallery sauf mention vérifiée sur fiche produit individuelle.
research-medicube-deep-reviving-bakuchiol-retinol-serum,Medicube,Deep Reviving Bakuchiol Retinol Serum,Deep Reviving Bakuchiol Retinol Serum,medicube-deep-reviving-bakuchiol-retinol-serum,,,,Sérums & Ampoules,Sérum / Ampoule,Normale;Sèche;Mixte,Premiers signes de l'âge,Rétinol;Bakuchiol,Traiter,PM,Retinol care with bakuchiol,Sérums & Ampoules Medicube sélectionné par The K-Skin Gallery pour une routine axée sur premiers signes de l'âge.,Premiers signes de l'âge,,,,Medicube official website,https://medicube.us/collections/all,COLLECTION,EN,2026-10-02,PARTIAL,USD,24,Prix de référence observé sur la boutique officielle; ne pas utiliser comme prix de vente MAD.,,,,,0,3,DRAFT,PUBLISHED_OUT_OF_STOCK_WHEN_PRICED,False,False,,Deep Reviving Bakuchiol Retinol Serum | Medicube Maroc | The K-Skin Gallery,"Découvrez Deep Reviving Bakuchiol Retinol Serum de Medicube chez The K-Skin Gallery. Korean skincare au Maroc, paiement à la livraison et livraison partout au Maroc.",,NEEDS_ASSET_INGESTION,"Sélection faciale issue du catalogue officiel actuel; produits cœur de gamme, jusqu’à ~30+ par marque selon pertinence.",KSG_CURATION_FROM_OFFICIAL_NAMES_AND_CLAIMS,False,NEEDS_OFFICIAL_PDP_ENRICHMENT,Les classifications Type de peau/Besoins/Étape/AM-PM sont une curation The K-Skin Gallery sauf mention vérifiée sur fiche produit individuelle.
research-dr-althea-345-relief-cream,Dr. Althea,345 Relief Cream,345 Relief Cream,dr-althea-345-relief-cream,,,,Crèmes hydratantes,Crème / Hydratant,Sensible,Rougeurs;Barrière cutanée,,Hydrater,BOTH,,"Crèmes hydratantes Dr. Althea classé par The K-Skin Gallery dans la sélection rougeurs, barrière cutanée.",Rougeurs;Barrière cutanée,,,,Dr. Althea official website,https://doctoraltheaglobal.com/collections/all-products,COLLECTION,EN,2026-10-02,PARTIAL,USD,27,Prix de référence observé sur la boutique officielle; ne pas utiliser comme prix de vente MAD.,,,,,0,3,DRAFT,PUBLISHED_OUT_OF_STOCK_WHEN_PRICED,False,False,,345 Relief Cream | Dr. Althea Maroc | The K-Skin Gallery,"Découvrez 345 Relief Cream de Dr. Althea chez The K-Skin Gallery. Korean skincare au Maroc, paiement à la livraison et livraison partout au Maroc.",,NEEDS_ASSET_INGESTION,"Sélection faciale issue du catalogue officiel actuel; produits cœur de gamme, jusqu’à ~30+ par marque selon pertinence.",KSG_CURATION_FROM_OFFICIAL_NAMES_AND_CLAIMS,False,NEEDS_OFFICIAL_PDP_ENRICHMENT,Les classifications Type de peau/Besoins/Étape/AM-PM sont une curation The K-Skin Gallery sauf mention vérifiée sur fiche produit individuelle.
research-dr-althea-147-barrier-cream,Dr. Althea,147 Barrier Cream,147 Barrier Cream,dr-althea-147-barrier-cream,,,,Crèmes hydratantes,Crème / Hydratant,Sèche;Normale,Barrière cutanée,,Hydrater,BOTH,,Crèmes hydratantes Dr. Althea classé par The K-Skin Gallery dans la sélection barrière cutanée.,Barrière cutanée,,,,Dr. Althea official website,https://doctoraltheaglobal.com/collections/all-products,COLLECTION,EN,2026-10-02,PARTIAL,USD,27,Prix de référence observé sur la boutique officielle; ne pas utiliser comme prix de vente MAD.,,,,,0,3,DRAFT,PUBLISHED_OUT_OF_STOCK_WHEN_PRICED,False,False,,147 Barrier Cream | Dr. Althea Maroc | The K-Skin Gallery,"Découvrez 147 Barrier Cream de Dr. Althea chez The K-Skin Gallery. Korean skincare au Maroc, paiement à la livraison et livraison partout au Maroc.",,NEEDS_ASSET_INGESTION,"Sélection faciale issue du catalogue officiel actuel; produits cœur de gamme, jusqu’à ~30+ par marque selon pertinence.",KSG_CURATION_FROM_OFFICIAL_NAMES_AND_CLAIMS,False,NEEDS_OFFICIAL_PDP_ENRICHMENT,Les classifications Type de peau/Besoins/Étape/AM-PM sont une curation The K-Skin Gallery sauf mention vérifiée sur fiche produit individuelle.
research-dr-althea-aqua-marine-watery-cream,Dr. Althea,Aqua Marine Watery Cream,Aqua Marine Watery Cream,dr-althea-aqua-marine-watery-cream,,,,Crèmes hydratantes,Crème / Hydratant,,Hydratation,,Hydrater,BOTH,,Crèmes hydratantes Dr. Althea classé par The K-Skin Gallery dans la sélection hydratation.,Hydratation,,,,Dr. Althea official website,https://doctoraltheaglobal.com/collections/all-products,COLLECTION,EN,2026-10-02,PARTIAL,USD,19.7,Prix de référence observé sur la boutique officielle; ne pas utiliser comme prix de vente MAD.,,,,,0,3,DRAFT,PUBLISHED_OUT_OF_STOCK_WHEN_PRICED,False,False,,Aqua Marine Watery Cream | Dr. Althea Maroc | The K-Skin Gallery,"Découvrez Aqua Marine Watery Cream de Dr. Althea chez The K-Skin Gallery. Korean skincare au Maroc, paiement à la livraison et livraison partout au Maroc.",,NEEDS_ASSET_INGESTION,"Sélection faciale issue du catalogue officiel actuel; produits cœur de gamme, jusqu’à ~30+ par marque selon pertinence.",KSG_CURATION_FROM_OFFICIAL_NAMES_AND_CLAIMS,False,NEEDS_OFFICIAL_PDP_ENRICHMENT,Les classifications Type de peau/Besoins/Étape/AM-PM sont une curation The K-Skin Gallery sauf mention vérifiée sur fiche produit individuelle.
research-dr-althea-345-relief-cream-mist,Dr. Althea,345 Relief Cream Mist,345 Relief Cream Mist,dr-althea-345-relief-cream-mist,,,,Toners & Essences,Toner / Essence,Sensible,Rougeurs;Barrière cutanée,,Préparer,BOTH,,"Toners & Essences Dr. Althea classé par The K-Skin Gallery dans la sélection rougeurs, barrière cutanée.",Rougeurs;Barrière cutanée,,,,Dr. Althea official website,https://doctoraltheaglobal.com/collections/all-products,COLLECTION,EN,2026-10-02,PARTIAL,USD,15.9,Prix de référence observé sur la boutique officielle; ne pas utiliser comme prix de vente MAD.,,,,,0,3,DRAFT,PUBLISHED_OUT_OF_STOCK_WHEN_PRICED,False,False,,345 Relief Cream Mist | Dr. Althea Maroc | The K-Skin Gallery,"Découvrez 345 Relief Cream Mist de Dr. Althea chez The K-Skin Gallery. Korean skincare au Maroc, paiement à la livraison et livraison partout au Maroc.",,NEEDS_ASSET_INGESTION,"Sélection faciale issue du catalogue officiel actuel; produits cœur de gamme, jusqu’à ~30+ par marque selon pertinence.",KSG_CURATION_FROM_OFFICIAL_NAMES_AND_CLAIMS,False,NEEDS_OFFICIAL_PDP_ENRICHMENT,Les classifications Type de peau/Besoins/Étape/AM-PM sont une curation The K-Skin Gallery sauf mention vérifiée sur fiche produit individuelle.
research-dr-althea-rapid-hypochlorous-acid-rescue-mist,Dr. Althea,Rapid Hypochlorous Acid Rescue Mist,Rapid Hypochlorous Acid Rescue Mist,dr-althea-rapid-hypochlorous-acid-rescue-mist,,,,Toners & Essences,Toner / Essence,Sensible,Rougeurs;Barrière cutanée,Acide hypochloreux,Préparer,BOTH,,"Toners & Essences Dr. Althea classé par The K-Skin Gallery dans la sélection rougeurs, barrière cutanée.",Rougeurs;Barrière cutanée,,,,Dr. Althea official website,https://doctoraltheaglobal.com/collections/all-products,COLLECTION,EN,2026-10-02,PARTIAL,USD,15.9,Prix de référence observé sur la boutique officielle; ne pas utiliser comme prix de vente MAD.,,,,,0,3,DRAFT,PUBLISHED_OUT_OF_STOCK_WHEN_PRICED,False,False,,Rapid Hypochlorous Acid Rescue Mist | Dr. Althea Maroc | The K-Skin Gallery,"Découvrez Rapid Hypochlorous Acid Rescue Mist de Dr. Althea chez The K-Skin Gallery. Korean skincare au Maroc, paiement à la livraison et livraison partout au Maroc.",,NEEDS_ASSET_INGESTION,"Sélection faciale issue du catalogue officiel actuel; produits cœur de gamme, jusqu’à ~30+ par marque selon pertinence.",KSG_CURATION_FROM_OFFICIAL_NAMES_AND_CLAIMS,False,NEEDS_OFFICIAL_PDP_ENRICHMENT,Les classifications Type de peau/Besoins/Étape/AM-PM sont une curation The K-Skin Gallery sauf mention vérifiée sur fiche produit individuelle.
research-dr-althea-aqua-marine-jelly-mist,Dr. Althea,Aqua Marine Jelly Mist,Aqua Marine Jelly Mist,dr-althea-aqua-marine-jelly-mist,,,,Toners & Essences,Toner / Essence,,Hydratation,,Préparer,BOTH,,Toners & Essences Dr. Althea classé par The K-Skin Gallery dans la sélection hydratation.,Hydratation,,,,Dr. Althea official website,https://doctoraltheaglobal.com/collections/all-products,COLLECTION,EN,2026-10-02,PARTIAL,USD,19.9,Prix de référence observé sur la boutique officielle; ne pas utiliser comme prix de vente MAD.,,,,,0,3,DRAFT,PUBLISHED_OUT_OF_STOCK_WHEN_PRICED,False,False,,Aqua Marine Jelly Mist | Dr. Althea Maroc | The K-Skin Gallery,"Découvrez Aqua Marine Jelly Mist de Dr. Althea chez The K-Skin Gallery. Korean skincare au Maroc, paiement à la livraison et livraison partout au Maroc.",,NEEDS_ASSET_INGESTION,"Sélection faciale issue du catalogue officiel actuel; produits cœur de gamme, jusqu’à ~30+ par marque selon pertinence.",KSG_CURATION_FROM_OFFICIAL_NAMES_AND_CLAIMS,False,NEEDS_OFFICIAL_PDP_ENRICHMENT,Les classifications Type de peau/Besoins/Étape/AM-PM sont une curation The K-Skin Gallery sauf mention vérifiée sur fiche produit individuelle.
research-dr-althea-vitamin-c-boosting-serum,Dr. Althea,Vitamin C Boosting Serum,Vitamin C Boosting Serum,dr-althea-vitamin-c-boosting-serum,,,,Sérums & Ampoules,Sérum / Ampoule,,Taches & teint irrégulier;Éclat,Vitamine C,Traiter,BOTH,,"Sérums & Ampoules Dr. Althea classé par The K-Skin Gallery dans la sélection taches & teint irrégulier, éclat.",Taches & teint irrégulier;Éclat,,,,Dr. Althea official website,https://doctoraltheaglobal.com/collections/serum,COLLECTION,EN,2026-10-02,PARTIAL,USD,23.9,Prix de référence observé sur la boutique officielle; ne pas utiliser comme prix de vente MAD.,,,,,0,3,DRAFT,PUBLISHED_OUT_OF_STOCK_WHEN_PRICED,False,False,,Vitamin C Boosting Serum | Dr. Althea Maroc | The K-Skin Gallery,"Découvrez Vitamin C Boosting Serum de Dr. Althea chez The K-Skin Gallery. Korean skincare au Maroc, paiement à la livraison et livraison partout au Maroc.",,NEEDS_ASSET_INGESTION,"Sélection faciale issue du catalogue officiel actuel; produits cœur de gamme, jusqu’à ~30+ par marque selon pertinence.",KSG_CURATION_FROM_OFFICIAL_NAMES_AND_CLAIMS,False,NEEDS_OFFICIAL_PDP_ENRICHMENT,Les classifications Type de peau/Besoins/Étape/AM-PM sont une curation The K-Skin Gallery sauf mention vérifiée sur fiche produit individuelle.
research-dr-althea-gentle-vitamin-c-serum,Dr. Althea,Gentle Vitamin C Serum,Gentle Vitamin C Serum,dr-althea-gentle-vitamin-c-serum,,,,Sérums & Ampoules,Sérum / Ampoule,,Taches & teint irrégulier;Éclat,Vitamine C,Traiter,BOTH,,"Sérums & Ampoules Dr. Althea classé par The K-Skin Gallery dans la sélection taches & teint irrégulier, éclat.",Taches & teint irrégulier;Éclat,,,,Dr. Althea official website,https://doctoraltheaglobal.com/collections/serum,COLLECTION,EN,2026-10-02,PARTIAL,USD,23.9,Prix de référence observé sur la boutique officielle; ne pas utiliser comme prix de vente MAD.,,,,,0,3,DRAFT,PUBLISHED_OUT_OF_STOCK_WHEN_PRICED,False,False,,Gentle Vitamin C Serum | Dr. Althea Maroc | The K-Skin Gallery,"Découvrez Gentle Vitamin C Serum de Dr. Althea chez The K-Skin Gallery. Korean skincare au Maroc, paiement à la livraison et livraison partout au Maroc.",,NEEDS_ASSET_INGESTION,"Sélection faciale issue du catalogue officiel actuel; produits cœur de gamme, jusqu’à ~30+ par marque selon pertinence.",KSG_CURATION_FROM_OFFICIAL_NAMES_AND_CLAIMS,False,NEEDS_OFFICIAL_PDP_ENRICHMENT,Les classifications Type de peau/Besoins/Étape/AM-PM sont une curation The K-Skin Gallery sauf mention vérifiée sur fiche produit individuelle.
research-dr-althea-345-relief-serum,Dr. Althea,345 Relief Serum,345 Relief Serum,dr-althea-345-relief-serum,,,,Sérums & Ampoules,Sérum / Ampoule,Sensible;Sèche;Mixte,Rougeurs;Hydratation;Barrière cutanée;Imperfections,Niacinamide;Panthénol;PDRN;Céramides;Centella asiatica;Acide hyaluronique,Traiter,BOTH,"For visible post-blemish redness and dehydrated, easily stressed skin; lightweight soothing hydration and barrier support.","Sérums & Ampoules Dr. Althea sélectionné par The K-Skin Gallery pour une routine axée sur imperfections, hydratation.",Rougeurs;Hydratation;Barrière cutanée;Imperfections,"Après le nettoyage et la lotion tonique, appliquer une quantité appropriée uniformément sur le visage et presser doucement jusqu’à absorption. Poursuivre avec une crème hydratante et, en journée, une protection solaire.","Aqua (Water), Betula Platyphylla Japonica Juice, Propanediol, Melaleuca Alternifolia (Tea Tree) Leaf Water, Dipropylene Glycol, Butylene Glycol, Glycerin, Niacinamide, Panthenol, 1,2-Hexanediol, Caprylic/Capric Triglyceride, Hydrogenated Polydecene, C14-22 Alcohols, Hydroxyacetophenone, Acrylates/C10-30 Alkyl Acrylate Crosspolymer, C12-20 Alkyl Glucoside, Tromethamine, Glyceryl Caprylate, Ethylhexylglycerin, Xanthan Gum, Pentylene Glycol, Disodium EDTA, Caprylyl Glycol, Camellia Sinensis Leaf Water, Hydrolyzed Hyaluronic Acid, Hyaluronic Acid, Sodium Hyaluronate, Poloxamer 407, Sodium Hyaluronate Crosspolymer, Hydrogenated Lecithin, Madecassoside, Pantothenic Acid, Polyglutamic Acid, Decyl Glucoside, Asiaticoside, Beta-Glucan, Asiatic Acid, Madecassic Acid, Sodium Phytate, Sodium DNA, Ceramide NP, Aluminum/Magnesium Hydroxide Stearate, Centella Asiatica Extract, Cholesterol, Lysolecithin, Phosphatidylcholine, Xylose, Hydroxypropyl Cyclodextrin, Tannic Acid, Resveratrol",,Dr. Althea official website,https://doctoraltheaglobal.com/products/345-relief-serum,INDIVIDUAL_PRODUCT,EN,2026-10-02,VERIFIED,USD,22,Prix de référence observé sur la boutique officielle; ne pas utiliser comme prix de vente MAD.,,,,,0,3,DRAFT,PUBLISHED_OUT_OF_STOCK_WHEN_PRICED,False,False,,345 Relief Serum | Dr. Althea Maroc | The K-Skin Gallery,"Découvrez 345 Relief Serum de Dr. Althea chez The K-Skin Gallery. Korean skincare au Maroc, paiement à la livraison et livraison partout au Maroc.",,NEEDS_ASSET_INGESTION,"Sélection faciale issue du catalogue officiel actuel; produits cœur de gamme, jusqu’à ~30+ par marque selon pertinence.",KSG_CURATION_FROM_OFFICIAL_NAMES_AND_CLAIMS,False,READY,Les classifications Type de peau/Besoins/Étape/AM-PM sont une curation The K-Skin Gallery sauf mention vérifiée sur fiche produit individuelle.
research-dr-althea-aqua-marine-deep-serum,Dr. Althea,Aqua Marine Deep Serum,Aqua Marine Deep Serum,dr-althea-aqua-marine-deep-serum,,,,Sérums & Ampoules,Sérum / Ampoule,,Hydratation,,Traiter,BOTH,,Sérums & Ampoules Dr. Althea classé par The K-Skin Gallery dans la sélection hydratation.,Hydratation,,,,Dr. Althea official website,https://doctoraltheaglobal.com/collections/serum,COLLECTION,EN,2026-10-02,PARTIAL,USD,18.6,Prix de référence observé sur la boutique officielle; ne pas utiliser comme prix de vente MAD.,,,,,0,3,DRAFT,PUBLISHED_OUT_OF_STOCK_WHEN_PRICED,False,False,,Aqua Marine Deep Serum | Dr. Althea Maroc | The K-Skin Gallery,"Découvrez Aqua Marine Deep Serum de Dr. Althea chez The K-Skin Gallery. Korean skincare au Maroc, paiement à la livraison et livraison partout au Maroc.",,NEEDS_ASSET_INGESTION,"Sélection faciale issue du catalogue officiel actuel; produits cœur de gamme, jusqu’à ~30+ par marque selon pertinence.",KSG_CURATION_FROM_OFFICIAL_NAMES_AND_CLAIMS,False,NEEDS_OFFICIAL_PDP_ENRICHMENT,Les classifications Type de peau/Besoins/Étape/AM-PM sont une curation The K-Skin Gallery sauf mention vérifiée sur fiche produit individuelle.
research-dr-althea-0-1-gentle-retinol-serum,Dr. Althea,0.1 Gentle Retinol Serum,0.1 Gentle Retinol Serum,dr-althea-0-1-gentle-retinol-serum,,,,Sérums & Ampoules,Sérum / Ampoule,Normale;Sèche;Mixte,Premiers signes de l'âge,Rétinol,Traiter,PM,,Sérums & Ampoules Dr. Althea classé par The K-Skin Gallery dans la sélection premiers signes de l'âge.,Premiers signes de l'âge,,,,Dr. Althea official website,https://doctoraltheaglobal.com/collections/serum,COLLECTION,EN,2026-10-02,PARTIAL,USD,23.9,Prix de référence observé sur la boutique officielle; ne pas utiliser comme prix de vente MAD.,,,,,0,3,DRAFT,PUBLISHED_OUT_OF_STOCK_WHEN_PRICED,False,False,,0.1 Gentle Retinol Serum | Dr. Althea Maroc | The K-Skin Gallery,"Découvrez 0.1 Gentle Retinol Serum de Dr. Althea chez The K-Skin Gallery. Korean skincare au Maroc, paiement à la livraison et livraison partout au Maroc.",,NEEDS_ASSET_INGESTION,"Sélection faciale issue du catalogue officiel actuel; produits cœur de gamme, jusqu’à ~30+ par marque selon pertinence.",KSG_CURATION_FROM_OFFICIAL_NAMES_AND_CLAIMS,False,NEEDS_OFFICIAL_PDP_ENRICHMENT,Les classifications Type de peau/Besoins/Étape/AM-PM sont une curation The K-Skin Gallery sauf mention vérifiée sur fiche produit individuelle.
research-dr-althea-15-niacinamide-purity-serum,Dr. Althea,15% Niacinamide Purity Serum,15% Niacinamide Purity Serum,dr-althea-15-niacinamide-purity-serum,,,,Sérums & Ampoules,Sérum / Ampoule,,,Niacinamide,Traiter,BOTH,,Sérums & Ampoules Dr. Althea référencé dans le catalogue The K-Skin Gallery.,,,,,Dr. Althea official website,https://doctoraltheaglobal.com/collections/serum,COLLECTION,EN,2026-10-02,PARTIAL,USD,23.9,Prix de référence observé sur la boutique officielle; ne pas utiliser comme prix de vente MAD.,,,,,0,3,DRAFT,PUBLISHED_OUT_OF_STOCK_WHEN_PRICED,False,False,,15% Niacinamide Purity Serum | Dr. Althea Maroc | The K-Skin Gallery,"Découvrez 15% Niacinamide Purity Serum de Dr. Althea chez The K-Skin Gallery. Korean skincare au Maroc, paiement à la livraison et livraison partout au Maroc.",,NEEDS_ASSET_INGESTION,"Sélection faciale issue du catalogue officiel actuel; produits cœur de gamme, jusqu’à ~30+ par marque selon pertinence.",KSG_CURATION_FROM_OFFICIAL_NAMES_AND_CLAIMS,False,NEEDS_OFFICIAL_PDP_ENRICHMENT,Les classifications Type de peau/Besoins/Étape/AM-PM sont une curation The K-Skin Gallery sauf mention vérifiée sur fiche produit individuelle.
research-dr-althea-abc-glow-whipped-serum,Dr. Althea,ABC Glow Whipped Serum,ABC Glow Whipped Serum,dr-althea-abc-glow-whipped-serum,,,,Sérums & Ampoules,Sérum / Ampoule,,Éclat,,Traiter,BOTH,,Sérums & Ampoules Dr. Althea classé par The K-Skin Gallery dans la sélection éclat.,Éclat,,,,Dr. Althea official website,https://doctoraltheaglobal.com/collections/serum,COLLECTION,EN,2026-10-02,PARTIAL,USD,21.9,Prix de référence observé sur la boutique officielle; ne pas utiliser comme prix de vente MAD.,,,,,0,3,DRAFT,PUBLISHED_OUT_OF_STOCK_WHEN_PRICED,False,False,,ABC Glow Whipped Serum | Dr. Althea Maroc | The K-Skin Gallery,"Découvrez ABC Glow Whipped Serum de Dr. Althea chez The K-Skin Gallery. Korean skincare au Maroc, paiement à la livraison et livraison partout au Maroc.",,NEEDS_ASSET_INGESTION,"Sélection faciale issue du catalogue officiel actuel; produits cœur de gamme, jusqu’à ~30+ par marque selon pertinence.",KSG_CURATION_FROM_OFFICIAL_NAMES_AND_CLAIMS,False,NEEDS_OFFICIAL_PDP_ENRICHMENT,Les classifications Type de peau/Besoins/Étape/AM-PM sont une curation The K-Skin Gallery sauf mention vérifiée sur fiche produit individuelle.
research-dr-althea-pure-grinding-cleansing-balm,Dr. Althea,Pure Grinding Cleansing Balm,Pure Grinding Cleansing Balm,dr-althea-pure-grinding-cleansing-balm,,,,Huiles & Baumes démaquillants,Démaquillant huile/baume,,,,Nettoyer,BOTH,,Huiles & Baumes démaquillants Dr. Althea référencé dans le catalogue The K-Skin Gallery.,,,,,Dr. Althea official website,https://doctoraltheaglobal.com/collections/all-products,COLLECTION,EN,2026-10-02,PARTIAL,USD,22.9,Prix de référence observé sur la boutique officielle; ne pas utiliser comme prix de vente MAD.,,,,,0,3,DRAFT,PUBLISHED_OUT_OF_STOCK_WHEN_PRICED,False,False,,Pure Grinding Cleansing Balm | Dr. Althea Maroc | The K-Skin Gallery,"Découvrez Pure Grinding Cleansing Balm de Dr. Althea chez The K-Skin Gallery. Korean skincare au Maroc, paiement à la livraison et livraison partout au Maroc.",,NEEDS_ASSET_INGESTION,"Sélection faciale issue du catalogue officiel actuel; produits cœur de gamme, jusqu’à ~30+ par marque selon pertinence.",KSG_CURATION_FROM_OFFICIAL_NAMES_AND_CLAIMS,False,NEEDS_OFFICIAL_PDP_ENRICHMENT,Les classifications Type de peau/Besoins/Étape/AM-PM sont une curation The K-Skin Gallery sauf mention vérifiée sur fiche produit individuelle.
research-dr-althea-pore-refresh-grinding-cleansing-balm,Dr. Althea,Pore Refresh Grinding Cleansing Balm,Pore Refresh Grinding Cleansing Balm,dr-althea-pore-refresh-grinding-cleansing-balm,,,,Huiles & Baumes démaquillants,Démaquillant huile/baume,Grasse;Mixte,Pores & excès de sébum,,Nettoyer,BOTH,,Huiles & Baumes démaquillants Dr. Althea classé par The K-Skin Gallery dans la sélection pores & excès de sébum.,Pores & excès de sébum,,,,Dr. Althea official website,https://doctoraltheaglobal.com/collections/all-products,COLLECTION,EN,2026-10-02,PARTIAL,USD,22.9,Prix de référence observé sur la boutique officielle; ne pas utiliser comme prix de vente MAD.,,,,,0,3,DRAFT,PUBLISHED_OUT_OF_STOCK_WHEN_PRICED,False,False,,Pore Refresh Grinding Cleansing Balm | Dr. Althea Maroc | The K-Skin Gallery,"Découvrez Pore Refresh Grinding Cleansing Balm de Dr. Althea chez The K-Skin Gallery. Korean skincare au Maroc, paiement à la livraison et livraison partout au Maroc.",,NEEDS_ASSET_INGESTION,"Sélection faciale issue du catalogue officiel actuel; produits cœur de gamme, jusqu’à ~30+ par marque selon pertinence.",KSG_CURATION_FROM_OFFICIAL_NAMES_AND_CLAIMS,False,NEEDS_OFFICIAL_PDP_ENRICHMENT,Les classifications Type de peau/Besoins/Étape/AM-PM sont une curation The K-Skin Gallery sauf mention vérifiée sur fiche produit individuelle.
research-dr-althea-pdrn-reju-2000-cream,Dr. Althea,PDRN Reju 2000 Cream,PDRN Reju 2000 Cream,dr-althea-pdrn-reju-2000-cream,,,,Crèmes hydratantes,Crème / Hydratant,,,PDRN,Hydrater,BOTH,,Crèmes hydratantes Dr. Althea référencé dans le catalogue The K-Skin Gallery.,,,,,Dr. Althea official website,https://doctoraltheaglobal.com/collections/all-products,COLLECTION,EN,2026-10-02,PARTIAL,USD,20.9,Prix de référence observé sur la boutique officielle; ne pas utiliser comme prix de vente MAD.,,,,,0,3,DRAFT,PUBLISHED_OUT_OF_STOCK_WHEN_PRICED,False,False,,PDRN Reju 2000 Cream | Dr. Althea Maroc | The K-Skin Gallery,"Découvrez PDRN Reju 2000 Cream de Dr. Althea chez The K-Skin Gallery. Korean skincare au Maroc, paiement à la livraison et livraison partout au Maroc.",,NEEDS_ASSET_INGESTION,"Sélection faciale issue du catalogue officiel actuel; produits cœur de gamme, jusqu’à ~30+ par marque selon pertinence.",KSG_CURATION_FROM_OFFICIAL_NAMES_AND_CLAIMS,False,NEEDS_OFFICIAL_PDP_ENRICHMENT,Les classifications Type de peau/Besoins/Étape/AM-PM sont une curation The K-Skin Gallery sauf mention vérifiée sur fiche produit individuelle.
research-dr-althea-pdrn-reju-5000-cream,Dr. Althea,PDRN Reju 5000 Cream,PDRN Reju 5000 Cream,dr-althea-pdrn-reju-5000-cream,,,,Crèmes hydratantes,Crème / Hydratant,,,PDRN,Hydrater,BOTH,,Crèmes hydratantes Dr. Althea référencé dans le catalogue The K-Skin Gallery.,,,,,Dr. Althea official website,https://doctoraltheaglobal.com/collections/all-products,COLLECTION,EN,2026-10-02,PARTIAL,USD,29,Prix de référence observé sur la boutique officielle; ne pas utiliser comme prix de vente MAD.,,,,,0,3,DRAFT,PUBLISHED_OUT_OF_STOCK_WHEN_PRICED,False,False,,PDRN Reju 5000 Cream | Dr. Althea Maroc | The K-Skin Gallery,"Découvrez PDRN Reju 5000 Cream de Dr. Althea chez The K-Skin Gallery. Korean skincare au Maroc, paiement à la livraison et livraison partout au Maroc.",,NEEDS_ASSET_INGESTION,"Sélection faciale issue du catalogue officiel actuel; produits cœur de gamme, jusqu’à ~30+ par marque selon pertinence.",KSG_CURATION_FROM_OFFICIAL_NAMES_AND_CLAIMS,False,NEEDS_OFFICIAL_PDP_ENRICHMENT,Les classifications Type de peau/Besoins/Étape/AM-PM sont une curation The K-Skin Gallery sauf mention vérifiée sur fiche produit individuelle.
research-dr-althea-pdrn-reju-10000-cream,Dr. Althea,PDRN Reju 10000 Cream,PDRN Reju 10000 Cream,dr-althea-pdrn-reju-10000-cream,,,,Crèmes hydratantes,Crème / Hydratant,,,PDRN,Hydrater,BOTH,,Crèmes hydratantes Dr. Althea référencé dans le catalogue The K-Skin Gallery.,,,,,Dr. Althea official website,https://doctoraltheaglobal.com/collections/all-products,COLLECTION,EN,2026-10-02,PARTIAL,USD,34.9,Prix de référence observé sur la boutique officielle; ne pas utiliser comme prix de vente MAD.,,,,,0,3,DRAFT,PUBLISHED_OUT_OF_STOCK_WHEN_PRICED,False,False,,PDRN Reju 10000 Cream | Dr. Althea Maroc | The K-Skin Gallery,"Découvrez PDRN Reju 10000 Cream de Dr. Althea chez The K-Skin Gallery. Korean skincare au Maroc, paiement à la livraison et livraison partout au Maroc.",,NEEDS_ASSET_INGESTION,"Sélection faciale issue du catalogue officiel actuel; produits cœur de gamme, jusqu’à ~30+ par marque selon pertinence.",KSG_CURATION_FROM_OFFICIAL_NAMES_AND_CLAIMS,False,NEEDS_OFFICIAL_PDP_ENRICHMENT,Les classifications Type de peau/Besoins/Étape/AM-PM sont une curation The K-Skin Gallery sauf mention vérifiée sur fiche produit individuelle.
research-dr-althea-melaclear-cream,Dr. Althea,Melaclear Cream,Melaclear Cream,dr-althea-melaclear-cream,,,,Crèmes hydratantes,Crème / Hydratant,,,,Hydrater,BOTH,,Crèmes hydratantes Dr. Althea référencé dans le catalogue The K-Skin Gallery.,,,,,Dr. Althea official website,https://doctoraltheaglobal.com/collections/all-products,COLLECTION,EN,2026-10-02,PARTIAL,USD,29,Prix de référence observé sur la boutique officielle; ne pas utiliser comme prix de vente MAD.,,,,,0,3,DRAFT,PUBLISHED_OUT_OF_STOCK_WHEN_PRICED,False,False,,Melaclear Cream | Dr. Althea Maroc | The K-Skin Gallery,"Découvrez Melaclear Cream de Dr. Althea chez The K-Skin Gallery. Korean skincare au Maroc, paiement à la livraison et livraison partout au Maroc.",,NEEDS_ASSET_INGESTION,"Sélection faciale issue du catalogue officiel actuel; produits cœur de gamme, jusqu’à ~30+ par marque selon pertinence.",KSG_CURATION_FROM_OFFICIAL_NAMES_AND_CLAIMS,False,NEEDS_OFFICIAL_PDP_ENRICHMENT,Les classifications Type de peau/Besoins/Étape/AM-PM sont une curation The K-Skin Gallery sauf mention vérifiée sur fiche produit individuelle.
research-dr-althea-pure-retinol-0-15-cream,Dr. Althea,Pure Retinol 0.15% Cream,Pure Retinol 0.15% Cream,dr-althea-pure-retinol-0-15-cream,,,,Crèmes hydratantes,Crème / Hydratant,Normale;Sèche;Mixte,Premiers signes de l'âge,Rétinol,Hydrater,PM,,Crèmes hydratantes Dr. Althea classé par The K-Skin Gallery dans la sélection premiers signes de l'âge.,Premiers signes de l'âge,,,,Dr. Althea official website,https://doctoraltheaglobal.com/collections/all-products,COLLECTION,EN,2026-10-02,PARTIAL,USD,23.9,Prix de référence observé sur la boutique officielle; ne pas utiliser comme prix de vente MAD.,,,,,0,3,DRAFT,PUBLISHED_OUT_OF_STOCK_WHEN_PRICED,False,False,,Pure Retinol 0.15% Cream | Dr. Althea Maroc | The K-Skin Gallery,"Découvrez Pure Retinol 0.15% Cream de Dr. Althea chez The K-Skin Gallery. Korean skincare au Maroc, paiement à la livraison et livraison partout au Maroc.",,NEEDS_ASSET_INGESTION,"Sélection faciale issue du catalogue officiel actuel; produits cœur de gamme, jusqu’à ~30+ par marque selon pertinence.",KSG_CURATION_FROM_OFFICIAL_NAMES_AND_CLAIMS,False,NEEDS_OFFICIAL_PDP_ENRICHMENT,Les classifications Type de peau/Besoins/Étape/AM-PM sont une curation The K-Skin Gallery sauf mention vérifiée sur fiche produit individuelle.
research-dr-althea-rapid-firm-sculpting-cream,Dr. Althea,Rapid Firm Sculpting Cream,Rapid Firm Sculpting Cream,dr-althea-rapid-firm-sculpting-cream,,,,Crèmes hydratantes,Crème / Hydratant,Normale;Sèche;Mixte,Premiers signes de l'âge,,Hydrater,BOTH,,Crèmes hydratantes Dr. Althea classé par The K-Skin Gallery dans la sélection premiers signes de l'âge.,Premiers signes de l'âge,,,,Dr. Althea official website,https://doctoraltheaglobal.com/collections/all-products,COLLECTION,EN,2026-10-02,PARTIAL,USD,36,Prix de référence observé sur la boutique officielle; ne pas utiliser comme prix de vente MAD.,,,,,0,3,DRAFT,PUBLISHED_OUT_OF_STOCK_WHEN_PRICED,False,False,,Rapid Firm Sculpting Cream | Dr. Althea Maroc | The K-Skin Gallery,"Découvrez Rapid Firm Sculpting Cream de Dr. Althea chez The K-Skin Gallery. Korean skincare au Maroc, paiement à la livraison et livraison partout au Maroc.",,NEEDS_ASSET_INGESTION,"Sélection faciale issue du catalogue officiel actuel; produits cœur de gamme, jusqu’à ~30+ par marque selon pertinence.",KSG_CURATION_FROM_OFFICIAL_NAMES_AND_CLAIMS,False,NEEDS_OFFICIAL_PDP_ENRICHMENT,Les classifications Type de peau/Besoins/Étape/AM-PM sont une curation The K-Skin Gallery sauf mention vérifiée sur fiche produit individuelle.
research-dr-althea-green-tea-calming-sunscreen,Dr. Althea,Green Tea Calming Sunscreen,Green Tea Calming Sunscreen,dr-althea-green-tea-calming-sunscreen,,,,Protection solaire,Protection solaire,Sensible;Normale;Sèche;Grasse;Mixte,Rougeurs;Barrière cutanée,Thé vert,Protéger,AM,,"Protection solaire Dr. Althea classé par The K-Skin Gallery dans la sélection rougeurs, barrière cutanée.",Rougeurs;Barrière cutanée,,,,Dr. Althea official website,https://doctoraltheaglobal.com/collections/all-products,COLLECTION,EN,2026-10-02,PARTIAL,USD,19.9,Prix de référence observé sur la boutique officielle; ne pas utiliser comme prix de vente MAD.,,,,,0,3,DRAFT,PUBLISHED_OUT_OF_STOCK_WHEN_PRICED,False,False,,Green Tea Calming Sunscreen | Dr. Althea Maroc | The K-Skin Gallery,"Découvrez Green Tea Calming Sunscreen de Dr. Althea chez The K-Skin Gallery. Korean skincare au Maroc, paiement à la livraison et livraison partout au Maroc.",,NEEDS_ASSET_INGESTION,"Sélection faciale issue du catalogue officiel actuel; produits cœur de gamme, jusqu’à ~30+ par marque selon pertinence.",KSG_CURATION_FROM_OFFICIAL_NAMES_AND_CLAIMS,False,NEEDS_OFFICIAL_PDP_ENRICHMENT,Les classifications Type de peau/Besoins/Étape/AM-PM sont une curation The K-Skin Gallery sauf mention vérifiée sur fiche produit individuelle.
research-dr-althea-rapid-mild-acid-rescue-pore-pad,Dr. Althea,Rapid Mild Acid Rescue Pore Pad,Rapid Mild Acid Rescue Pore Pad,dr-althea-rapid-mild-acid-rescue-pore-pad,,,,Toners & Essences,Pads,Grasse;Mixte,Pores & excès de sébum,,Préparer,BOTH,,Toners & Essences Dr. Althea classé par The K-Skin Gallery dans la sélection pores & excès de sébum.,Pores & excès de sébum,,,,Dr. Althea official website,https://doctoraltheaglobal.com/collections/all-products,COLLECTION,EN,2026-10-02,PARTIAL,USD,34.9,Prix de référence observé sur la boutique officielle; ne pas utiliser comme prix de vente MAD.,,,,,0,3,DRAFT,PUBLISHED_OUT_OF_STOCK_WHEN_PRICED,False,False,,Rapid Mild Acid Rescue Pore Pad | Dr. Althea Maroc | The K-Skin Gallery,"Découvrez Rapid Mild Acid Rescue Pore Pad de Dr. Althea chez The K-Skin Gallery. Korean skincare au Maroc, paiement à la livraison et livraison partout au Maroc.",,NEEDS_ASSET_INGESTION,"Sélection faciale issue du catalogue officiel actuel; produits cœur de gamme, jusqu’à ~30+ par marque selon pertinence.",KSG_CURATION_FROM_OFFICIAL_NAMES_AND_CLAIMS,False,NEEDS_OFFICIAL_PDP_ENRICHMENT,Les classifications Type de peau/Besoins/Étape/AM-PM sont une curation The K-Skin Gallery sauf mention vérifiée sur fiche produit individuelle.
research-dr-althea-stretchfit-calming-pad-50pcs,Dr. Althea,StretchFit Calming Pad (50pcs),StretchFit Calming Pad (50pcs),dr-althea-stretchfit-calming-pad-50pcs,,,50 pads,Toners & Essences,Pads,Sensible,Rougeurs;Barrière cutanée,,Préparer,BOTH,,"Toners & Essences Dr. Althea classé par The K-Skin Gallery dans la sélection rougeurs, barrière cutanée.",Rougeurs;Barrière cutanée,,,,Dr. Althea official website,https://doctoraltheaglobal.com/collections/all-products,COLLECTION,EN,2026-10-02,PARTIAL,USD,27,Prix de référence observé sur la boutique officielle; ne pas utiliser comme prix de vente MAD.,,,,,0,3,DRAFT,PUBLISHED_OUT_OF_STOCK_WHEN_PRICED,False,False,,StretchFit Calming Pad (50pcs) | Dr. Althea Maroc | The K-Skin Gallery,"Découvrez StretchFit Calming Pad (50pcs) de Dr. Althea chez The K-Skin Gallery. Korean skincare au Maroc, paiement à la livraison et livraison partout au Maroc.",,NEEDS_ASSET_INGESTION,"Sélection faciale issue du catalogue officiel actuel; produits cœur de gamme, jusqu’à ~30+ par marque selon pertinence.",KSG_CURATION_FROM_OFFICIAL_NAMES_AND_CLAIMS,False,NEEDS_OFFICIAL_PDP_ENRICHMENT,Les classifications Type de peau/Besoins/Étape/AM-PM sont une curation The K-Skin Gallery sauf mention vérifiée sur fiche produit individuelle.
research-dr-althea-retinol-flat-iron-eye-roller,Dr. Althea,Retinol Flat Iron Eye Roller,Retinol Flat Iron Eye Roller,dr-althea-retinol-flat-iron-eye-roller,,,,Contour des yeux,Contour des yeux,Normale;Sèche;Mixte,Premiers signes de l'âge,Rétinol,Traiter,PM,,Contour des yeux Dr. Althea classé par The K-Skin Gallery dans la sélection premiers signes de l'âge.,Premiers signes de l'âge,,,,Dr. Althea official website,https://doctoraltheaglobal.com/collections/all-products,COLLECTION,EN,2026-10-02,PARTIAL,USD,23,Prix de référence observé sur la boutique officielle; ne pas utiliser comme prix de vente MAD.,,,,,0,3,DRAFT,PUBLISHED_OUT_OF_STOCK_WHEN_PRICED,False,False,,Retinol Flat Iron Eye Roller | Dr. Althea Maroc | The K-Skin Gallery,"Découvrez Retinol Flat Iron Eye Roller de Dr. Althea chez The K-Skin Gallery. Korean skincare au Maroc, paiement à la livraison et livraison partout au Maroc.",,NEEDS_ASSET_INGESTION,"Sélection faciale issue du catalogue officiel actuel; produits cœur de gamme, jusqu’à ~30+ par marque selon pertinence.",KSG_CURATION_FROM_OFFICIAL_NAMES_AND_CLAIMS,False,NEEDS_OFFICIAL_PDP_ENRICHMENT,Les classifications Type de peau/Besoins/Étape/AM-PM sont une curation The K-Skin Gallery sauf mention vérifiée sur fiche produit individuelle.
research-axis-y-kojic-yuzu-cleansing-water,AXIS-Y,Kojic Yuzu Cleansing Water,Kojic Yuzu Cleansing Water,axis-y-kojic-yuzu-cleansing-water,,,,Nettoyants,Nettoyant,,Taches & teint irrégulier,Acide kojique;Yuja / Yuzu,Nettoyer,BOTH,,Nettoyants AXIS-Y classé par The K-Skin Gallery dans la sélection taches & teint irrégulier.,Taches & teint irrégulier,,,,AXIS-Y official website,https://www.axis-y.com/collections/allproducts,COLLECTION,EN,2026-10-02,PARTIAL,USD,18.99,Prix de référence observé sur la boutique officielle; ne pas utiliser comme prix de vente MAD.,,,,,0,3,DRAFT,PUBLISHED_OUT_OF_STOCK_WHEN_PRICED,False,False,,Kojic Yuzu Cleansing Water | AXIS-Y Maroc | The K-Skin Gallery,"Découvrez Kojic Yuzu Cleansing Water de AXIS-Y chez The K-Skin Gallery. Korean skincare au Maroc, paiement à la livraison et livraison partout au Maroc.",,NEEDS_ASSET_INGESTION,"Sélection faciale issue du catalogue officiel actuel; produits cœur de gamme, jusqu’à ~30+ par marque selon pertinence.",KSG_CURATION_FROM_OFFICIAL_NAMES_AND_CLAIMS,False,NEEDS_OFFICIAL_PDP_ENRICHMENT,Les classifications Type de peau/Besoins/Étape/AM-PM sont une curation The K-Skin Gallery sauf mention vérifiée sur fiche produit individuelle.
research-axis-y-kojic-yuzu-pack-cleanser,AXIS-Y,Kojic Yuzu Pack Cleanser,Kojic Yuzu Pack Cleanser,axis-y-kojic-yuzu-pack-cleanser,,,,Nettoyants,Nettoyant,,Taches & teint irrégulier,Acide kojique;Yuja / Yuzu,Nettoyer,BOTH,,Nettoyants AXIS-Y classé par The K-Skin Gallery dans la sélection taches & teint irrégulier.,Taches & teint irrégulier,,,,AXIS-Y official website,https://www.axis-y.com/collections/allproducts,COLLECTION,EN,2026-10-02,PARTIAL,USD,19.99,Prix de référence observé sur la boutique officielle; ne pas utiliser comme prix de vente MAD.,,,,,0,3,DRAFT,PUBLISHED_OUT_OF_STOCK_WHEN_PRICED,False,False,,Kojic Yuzu Pack Cleanser | AXIS-Y Maroc | The K-Skin Gallery,"Découvrez Kojic Yuzu Pack Cleanser de AXIS-Y chez The K-Skin Gallery. Korean skincare au Maroc, paiement à la livraison et livraison partout au Maroc.",,NEEDS_ASSET_INGESTION,"Sélection faciale issue du catalogue officiel actuel; produits cœur de gamme, jusqu’à ~30+ par marque selon pertinence.",KSG_CURATION_FROM_OFFICIAL_NAMES_AND_CLAIMS,False,NEEDS_OFFICIAL_PDP_ENRICHMENT,Les classifications Type de peau/Besoins/Étape/AM-PM sont une curation The K-Skin Gallery sauf mention vérifiée sur fiche produit individuelle.
research-axis-y-triple-pdrn-gel-toner,AXIS-Y,Triple PDRN Gel Toner,Triple PDRN Gel Toner,axis-y-triple-pdrn-gel-toner,,,,Toners & Essences,Toner / Essence,,,PDRN,Préparer,BOTH,,Toners & Essences AXIS-Y référencé dans le catalogue The K-Skin Gallery.,,,,,AXIS-Y official website,https://www.axis-y.com/collections/allproducts,COLLECTION,EN,2026-10-02,PARTIAL,USD,17.99,Prix de référence observé sur la boutique officielle; ne pas utiliser comme prix de vente MAD.,,,,,0,3,DRAFT,PUBLISHED_OUT_OF_STOCK_WHEN_PRICED,False,False,,Triple PDRN Gel Toner | AXIS-Y Maroc | The K-Skin Gallery,"Découvrez Triple PDRN Gel Toner de AXIS-Y chez The K-Skin Gallery. Korean skincare au Maroc, paiement à la livraison et livraison partout au Maroc.",,NEEDS_ASSET_INGESTION,"Sélection faciale issue du catalogue officiel actuel; produits cœur de gamme, jusqu’à ~30+ par marque selon pertinence.",KSG_CURATION_FROM_OFFICIAL_NAMES_AND_CLAIMS,False,NEEDS_OFFICIAL_PDP_ENRICHMENT,Les classifications Type de peau/Besoins/Étape/AM-PM sont une curation The K-Skin Gallery sauf mention vérifiée sur fiche produit individuelle.
research-axis-y-spot-the-difference-blemish-treatment,AXIS-Y,Spot The Difference Blemish Treatment,Spot The Difference Blemish Treatment,axis-y-spot-the-difference-blemish-treatment,,,,Soins ciblés,Soin ciblé,Grasse;Mixte,Imperfections,,Traiter,BOTH,,Soins ciblés AXIS-Y classé par The K-Skin Gallery dans la sélection imperfections.,Imperfections,,,,AXIS-Y official website,https://www.axis-y.com/collections/allproducts,COLLECTION,EN,2026-10-02,PARTIAL,USD,13.99,Prix de référence observé sur la boutique officielle; ne pas utiliser comme prix de vente MAD.,,,,,0,3,DRAFT,PUBLISHED_OUT_OF_STOCK_WHEN_PRICED,False,False,,Spot The Difference Blemish Treatment | AXIS-Y Maroc | The K-Skin Gallery,"Découvrez Spot The Difference Blemish Treatment de AXIS-Y chez The K-Skin Gallery. Korean skincare au Maroc, paiement à la livraison et livraison partout au Maroc.",,NEEDS_ASSET_INGESTION,"Sélection faciale issue du catalogue officiel actuel; produits cœur de gamme, jusqu’à ~30+ par marque selon pertinence.",KSG_CURATION_FROM_OFFICIAL_NAMES_AND_CLAIMS,False,NEEDS_OFFICIAL_PDP_ENRICHMENT,Les classifications Type de peau/Besoins/Étape/AM-PM sont une curation The K-Skin Gallery sauf mention vérifiée sur fiche produit individuelle.
research-axis-y-triple-pdrn-barrier-boost-serum,AXIS-Y,Triple PDRN Barrier Boost Serum,Triple PDRN Barrier Boost Serum,axis-y-triple-pdrn-barrier-boost-serum,,,,Sérums & Ampoules,Sérum / Ampoule,Sèche;Normale,Barrière cutanée,PDRN,Traiter,BOTH,,Sérums & Ampoules AXIS-Y classé par The K-Skin Gallery dans la sélection barrière cutanée.,Barrière cutanée,,,,AXIS-Y official website,https://www.axis-y.com/collections/allproducts,COLLECTION,EN,2026-10-02,PARTIAL,USD,20.99,Prix de référence observé sur la boutique officielle; ne pas utiliser comme prix de vente MAD.,,,,,0,3,DRAFT,PUBLISHED_OUT_OF_STOCK_WHEN_PRICED,False,False,,Triple PDRN Barrier Boost Serum | AXIS-Y Maroc | The K-Skin Gallery,"Découvrez Triple PDRN Barrier Boost Serum de AXIS-Y chez The K-Skin Gallery. Korean skincare au Maroc, paiement à la livraison et livraison partout au Maroc.",,NEEDS_ASSET_INGESTION,"Sélection faciale issue du catalogue officiel actuel; produits cœur de gamme, jusqu’à ~30+ par marque selon pertinence.",KSG_CURATION_FROM_OFFICIAL_NAMES_AND_CLAIMS,False,NEEDS_OFFICIAL_PDP_ENRICHMENT,Les classifications Type de peau/Besoins/Étape/AM-PM sont une curation The K-Skin Gallery sauf mention vérifiée sur fiche produit individuelle.
research-axis-y-txa-2-5-intensive-brightening-cream,AXIS-Y,TXA 2.5% Intensive Brightening Cream,TXA 2.5% Intensive Brightening Cream,axis-y-txa-2-5-intensive-brightening-cream,,,,Crèmes hydratantes,Crème / Hydratant,,Taches & teint irrégulier;Éclat,Acide tranexamique (TXA),Hydrater,BOTH,,"Crèmes hydratantes AXIS-Y classé par The K-Skin Gallery dans la sélection taches & teint irrégulier, éclat.",Taches & teint irrégulier;Éclat,,,,AXIS-Y official website,https://www.axis-y.com/collections/allproducts,COLLECTION,EN,2026-10-02,PARTIAL,USD,19.99,Prix de référence observé sur la boutique officielle; ne pas utiliser comme prix de vente MAD.,,,,,0,3,DRAFT,PUBLISHED_OUT_OF_STOCK_WHEN_PRICED,False,False,,TXA 2.5% Intensive Brightening Cream | AXIS-Y Maroc | The K-Skin Gallery,"Découvrez TXA 2.5% Intensive Brightening Cream de AXIS-Y chez The K-Skin Gallery. Korean skincare au Maroc, paiement à la livraison et livraison partout au Maroc.",,NEEDS_ASSET_INGESTION,"Sélection faciale issue du catalogue officiel actuel; produits cœur de gamme, jusqu’à ~30+ par marque selon pertinence.",KSG_CURATION_FROM_OFFICIAL_NAMES_AND_CLAIMS,False,NEEDS_OFFICIAL_PDP_ENRICHMENT,Les classifications Type de peau/Besoins/Étape/AM-PM sont une curation The K-Skin Gallery sauf mention vérifiée sur fiche produit individuelle.
research-axis-y-vegan-collagen-eye-serum,AXIS-Y,Vegan Collagen Eye Serum,Vegan Collagen Eye Serum,axis-y-vegan-collagen-eye-serum,,,,Contour des yeux,Contour des yeux,Sèche;Normale;Mixte,Taches & teint irrégulier;Éclat;Hydratation;Premiers signes de l'âge,Acide hyaluronique;Collagène;Peptides,Traiter,BOTH,"Smooth fine lines, brighten and refresh tired eyes; vegan collagen, peptide complex and hyaluronic acid.","Contour des yeux AXIS-Y sélectionné par The K-Skin Gallery pour une routine axée sur taches & teint irrégulier, éclat.",Taches & teint irrégulier;Éclat;Hydratation;Premiers signes de l'âge,,,,AXIS-Y official website,https://www.axis-y.com/collections/allproducts,COLLECTION,EN,2026-10-02,PARTIAL,USD,17.99,Prix de référence observé sur la boutique officielle; ne pas utiliser comme prix de vente MAD.,,,,,0,3,DRAFT,PUBLISHED_OUT_OF_STOCK_WHEN_PRICED,False,False,,Vegan Collagen Eye Serum | AXIS-Y Maroc | The K-Skin Gallery,"Découvrez Vegan Collagen Eye Serum de AXIS-Y chez The K-Skin Gallery. Korean skincare au Maroc, paiement à la livraison et livraison partout au Maroc.",,NEEDS_ASSET_INGESTION,"Sélection faciale issue du catalogue officiel actuel; produits cœur de gamme, jusqu’à ~30+ par marque selon pertinence.",KSG_CURATION_FROM_OFFICIAL_NAMES_AND_CLAIMS,False,NEEDS_OFFICIAL_PDP_ENRICHMENT,Les classifications Type de peau/Besoins/Étape/AM-PM sont une curation The K-Skin Gallery sauf mention vérifiée sur fiche produit individuelle.
research-axis-y-dark-spot-correcting-glow-serum,AXIS-Y,Dark Spot Correcting Glow Serum,Dark Spot Correcting Glow Serum,axis-y-dark-spot-correcting-glow-serum,,,,Sérums & Ampoules,Sérum / Ampoule,,Taches & teint irrégulier;Éclat;Hydratation,Niacinamide;Squalane,Traiter,BOTH,"5% Niacinamide, Squalane and botanical extracts; targets the appearance of discoloration while supporting hydration.","Sérums & Ampoules AXIS-Y sélectionné par The K-Skin Gallery pour une routine axée sur taches & teint irrégulier, éclat.",Taches & teint irrégulier;Éclat;Hydratation,,,,AXIS-Y official website,https://www.axis-y.com/collections/allproducts,COLLECTION,EN,2026-10-02,PARTIAL,USD,17.99,Prix de référence observé sur la boutique officielle; ne pas utiliser comme prix de vente MAD.,,,,,0,3,DRAFT,PUBLISHED_OUT_OF_STOCK_WHEN_PRICED,False,False,,Dark Spot Correcting Glow Serum | AXIS-Y Maroc | The K-Skin Gallery,"Découvrez Dark Spot Correcting Glow Serum de AXIS-Y chez The K-Skin Gallery. Korean skincare au Maroc, paiement à la livraison et livraison partout au Maroc.",,NEEDS_ASSET_INGESTION,"Sélection faciale issue du catalogue officiel actuel; produits cœur de gamme, jusqu’à ~30+ par marque selon pertinence.",KSG_CURATION_FROM_OFFICIAL_NAMES_AND_CLAIMS,False,NEEDS_OFFICIAL_PDP_ENRICHMENT,Les classifications Type de peau/Besoins/Étape/AM-PM sont une curation The K-Skin Gallery sauf mention vérifiée sur fiche produit individuelle.
research-axis-y-dark-spot-correcting-glow-toner,AXIS-Y,Dark Spot Correcting Glow Toner,Dark Spot Correcting Glow Toner,axis-y-dark-spot-correcting-glow-toner,,,,Toners & Essences,Toner / Essence,,Taches & teint irrégulier;Éclat,Niacinamide;Vitamine C;Glutathion,Préparer,BOTH,"Glutathione, 5% Niacinamide and a water-soluble Vitamin C derivative; daily tone-clarity and radiance toner mist.","Toners & Essences AXIS-Y sélectionné par The K-Skin Gallery pour une routine axée sur taches & teint irrégulier, éclat.",Taches & teint irrégulier;Éclat,,,,AXIS-Y official website,https://www.axis-y.com/collections/allproducts,COLLECTION,EN,2026-10-02,PARTIAL,USD,18.99,Prix de référence observé sur la boutique officielle; ne pas utiliser comme prix de vente MAD.,,,,,0,3,DRAFT,PUBLISHED_OUT_OF_STOCK_WHEN_PRICED,False,False,,Dark Spot Correcting Glow Toner | AXIS-Y Maroc | The K-Skin Gallery,"Découvrez Dark Spot Correcting Glow Toner de AXIS-Y chez The K-Skin Gallery. Korean skincare au Maroc, paiement à la livraison et livraison partout au Maroc.",,NEEDS_ASSET_INGESTION,"Sélection faciale issue du catalogue officiel actuel; produits cœur de gamme, jusqu’à ~30+ par marque selon pertinence.",KSG_CURATION_FROM_OFFICIAL_NAMES_AND_CLAIMS,False,NEEDS_OFFICIAL_PDP_ENRICHMENT,Les classifications Type de peau/Besoins/Étape/AM-PM sont une curation The K-Skin Gallery sauf mention vérifiée sur fiche produit individuelle.
research-axis-y-dark-spot-correcting-glow-cream,AXIS-Y,Dark Spot Correcting Glow Cream,Dark Spot Correcting Glow Cream,axis-y-dark-spot-correcting-glow-cream,,,,Crèmes hydratantes,Crème / Hydratant,Sèche;Normale;Sensible,Taches & teint irrégulier;Éclat;Hydratation;Barrière cutanée;Rougeurs,Niacinamide;Heartleaf (Houttuynia cordata);Centella asiatica;Céramides;PHA;Alpha-arbutine,Hydrater,BOTH,"2% Alpha-Arbutin, 5% Niacinamide and Ceramide NP; brightening hydration with Centella and Heartleaf.","Crèmes hydratantes AXIS-Y sélectionné par The K-Skin Gallery pour une routine axée sur taches & teint irrégulier, éclat.",Taches & teint irrégulier;Éclat;Hydratation;Barrière cutanée;Rougeurs,,,,AXIS-Y official website,https://www.axis-y.com/collections/allproducts,COLLECTION,EN,2026-10-02,PARTIAL,USD,18.99,Prix de référence observé sur la boutique officielle; ne pas utiliser comme prix de vente MAD.,,,,,0,3,DRAFT,PUBLISHED_OUT_OF_STOCK_WHEN_PRICED,False,False,,Dark Spot Correcting Glow Cream | AXIS-Y Maroc | The K-Skin Gallery,"Découvrez Dark Spot Correcting Glow Cream de AXIS-Y chez The K-Skin Gallery. Korean skincare au Maroc, paiement à la livraison et livraison partout au Maroc.",,NEEDS_ASSET_INGESTION,"Sélection faciale issue du catalogue officiel actuel; produits cœur de gamme, jusqu’à ~30+ par marque selon pertinence.",KSG_CURATION_FROM_OFFICIAL_NAMES_AND_CLAIMS,False,NEEDS_OFFICIAL_PDP_ENRICHMENT,Les classifications Type de peau/Besoins/Étape/AM-PM sont une curation The K-Skin Gallery sauf mention vérifiée sur fiche produit individuelle.
research-axis-y-panthenol-10-skin-smoothing-shield-cream,AXIS-Y,Panthenol 10 Skin Smoothing Shield Cream,Panthenol 10 Skin Smoothing Shield Cream,axis-y-panthenol-10-skin-smoothing-shield-cream,,,,Crèmes hydratantes,Crème / Hydratant,Sèche;Normale,Hydratation;Barrière cutanée,Panthénol,Hydrater,BOTH,"10% Panthenol, TECA and barrier-supporting lipids for hydration and barrier support.","Crèmes hydratantes AXIS-Y sélectionné par The K-Skin Gallery pour une routine axée sur hydratation, barrière cutanée.",Hydratation;Barrière cutanée,,,,AXIS-Y official website,https://www.axis-y.com/collections/allproducts,COLLECTION,EN,2026-10-02,PARTIAL,USD,17.99,Prix de référence observé sur la boutique officielle; ne pas utiliser comme prix de vente MAD.,,,,,0,3,DRAFT,PUBLISHED_OUT_OF_STOCK_WHEN_PRICED,False,False,,Panthenol 10 Skin Smoothing Shield Cream | AXIS-Y Maroc | The K-Skin Gallery,"Découvrez Panthenol 10 Skin Smoothing Shield Cream de AXIS-Y chez The K-Skin Gallery. Korean skincare au Maroc, paiement à la livraison et livraison partout au Maroc.",,NEEDS_ASSET_INGESTION,"Sélection faciale issue du catalogue officiel actuel; produits cœur de gamme, jusqu’à ~30+ par marque selon pertinence.",KSG_CURATION_FROM_OFFICIAL_NAMES_AND_CLAIMS,False,NEEDS_OFFICIAL_PDP_ENRICHMENT,Les classifications Type de peau/Besoins/Étape/AM-PM sont une curation The K-Skin Gallery sauf mention vérifiée sur fiche produit individuelle.
research-axis-y-complete-no-stress-physical-sunscreen-v-3,AXIS-Y,Complete No-Stress Physical Sunscreen V.3,Complete No-Stress Physical Sunscreen V.3,axis-y-complete-no-stress-physical-sunscreen-v-3,,,,Protection solaire,Protection solaire,Normale;Sèche;Grasse;Mixte;Sensible,,Niacinamide,Protéger,AM,SPF 50 mineral sunscreen with non-nano Zinc Oxide and 2% Niacinamide.,"Protection solaire AXIS-Y, référencé à partir de la fiche officielle de la marque.",,,,,AXIS-Y official website,https://www.axis-y.com/collections/allproducts,COLLECTION,EN,2026-10-02,PARTIAL,USD,18.99,Prix de référence observé sur la boutique officielle; ne pas utiliser comme prix de vente MAD.,,,,,0,3,DRAFT,PUBLISHED_OUT_OF_STOCK_WHEN_PRICED,False,False,,Complete No-Stress Physical Sunscreen V.3 | AXIS-Y Maroc | The K-Skin Gallery,"Découvrez Complete No-Stress Physical Sunscreen V.3 de AXIS-Y chez The K-Skin Gallery. Korean skincare au Maroc, paiement à la livraison et livraison partout au Maroc.",,NEEDS_ASSET_INGESTION,"Sélection faciale issue du catalogue officiel actuel; produits cœur de gamme, jusqu’à ~30+ par marque selon pertinence.",KSG_CURATION_FROM_OFFICIAL_NAMES_AND_CLAIMS,False,NEEDS_OFFICIAL_PDP_ENRICHMENT,Les classifications Type de peau/Besoins/Étape/AM-PM sont une curation The K-Skin Gallery sauf mention vérifiée sur fiche produit individuelle.
research-axis-y-artichoke-intensive-skin-barrier-ampoule,AXIS-Y,Artichoke Intensive Skin Barrier Ampoule,Artichoke Intensive Skin Barrier Ampoule,axis-y-artichoke-intensive-skin-barrier-ampoule,,,,Sérums & Ampoules,Sérum / Ampoule,Sèche;Normale;Sensible,Hydratation;Barrière cutanée;Rougeurs,Centella asiatica;Artichaut,Traiter,BOTH,"Artichoke Extract, Centella Asiatica and botanicals for barrier support and hydration.","Sérums & Ampoules AXIS-Y sélectionné par The K-Skin Gallery pour une routine axée sur hydratation, barrière cutanée.",Hydratation;Barrière cutanée;Rougeurs,,,,AXIS-Y official website,https://www.axis-y.com/collections/allproducts,COLLECTION,EN,2026-10-02,PARTIAL,USD,19.99,Prix de référence observé sur la boutique officielle; ne pas utiliser comme prix de vente MAD.,,,,,0,3,DRAFT,PUBLISHED_OUT_OF_STOCK_WHEN_PRICED,False,False,,Artichoke Intensive Skin Barrier Ampoule | AXIS-Y Maroc | The K-Skin Gallery,"Découvrez Artichoke Intensive Skin Barrier Ampoule de AXIS-Y chez The K-Skin Gallery. Korean skincare au Maroc, paiement à la livraison et livraison partout au Maroc.",,NEEDS_ASSET_INGESTION,"Sélection faciale issue du catalogue officiel actuel; produits cœur de gamme, jusqu’à ~30+ par marque selon pertinence.",KSG_CURATION_FROM_OFFICIAL_NAMES_AND_CLAIMS,False,NEEDS_OFFICIAL_PDP_ENRICHMENT,Les classifications Type de peau/Besoins/Étape/AM-PM sont une curation The K-Skin Gallery sauf mention vérifiée sur fiche produit individuelle.
research-axis-y-pha-resurfacing-glow-peel,AXIS-Y,PHA Resurfacing Glow Peel,PHA Resurfacing Glow Peel,axis-y-pha-resurfacing-glow-peel,,,,Exfoliants,Exfoliant,,Éclat,PHA,Exfolier,PM,10% PHA gel-water peel for gentle surface exfoliation and texture.,Exfoliants AXIS-Y sélectionné par The K-Skin Gallery pour une routine axée sur éclat.,Éclat,,,,AXIS-Y official website,https://www.axis-y.com/collections/allproducts,COLLECTION,EN,2026-10-02,PARTIAL,USD,14.99,Prix de référence observé sur la boutique officielle; ne pas utiliser comme prix de vente MAD.,,,,,0,3,DRAFT,PUBLISHED_OUT_OF_STOCK_WHEN_PRICED,False,False,,PHA Resurfacing Glow Peel | AXIS-Y Maroc | The K-Skin Gallery,"Découvrez PHA Resurfacing Glow Peel de AXIS-Y chez The K-Skin Gallery. Korean skincare au Maroc, paiement à la livraison et livraison partout au Maroc.",,NEEDS_ASSET_INGESTION,"Sélection faciale issue du catalogue officiel actuel; produits cœur de gamme, jusqu’à ~30+ par marque selon pertinence.",KSG_CURATION_FROM_OFFICIAL_NAMES_AND_CLAIMS,False,NEEDS_OFFICIAL_PDP_ENRICHMENT,Les classifications Type de peau/Besoins/Étape/AM-PM sont une curation The K-Skin Gallery sauf mention vérifiée sur fiche produit individuelle.
research-axis-y-calamine-pore-control-capsule-serum,AXIS-Y,CALAMINE Pore Control Capsule Serum,CALAMINE Pore Control Capsule Serum,axis-y-calamine-pore-control-capsule-serum,,,,Sérums & Ampoules,Sérum / Ampoule,Grasse;Mixte,Pores & excès de sébum,Calamine,Traiter,BOTH,Calamine-based pore and sebum care serum.,Sérums & Ampoules AXIS-Y sélectionné par The K-Skin Gallery pour une routine axée sur pores & excès de sébum.,Pores & excès de sébum,,,,AXIS-Y official website,https://www.axis-y.com/collections/allproducts,COLLECTION,EN,2026-10-02,PARTIAL,USD,16.99,Prix de référence observé sur la boutique officielle; ne pas utiliser comme prix de vente MAD.,,,,,0,3,DRAFT,PUBLISHED_OUT_OF_STOCK_WHEN_PRICED,False,False,,CALAMINE Pore Control Capsule Serum | AXIS-Y Maroc | The K-Skin Gallery,"Découvrez CALAMINE Pore Control Capsule Serum de AXIS-Y chez The K-Skin Gallery. Korean skincare au Maroc, paiement à la livraison et livraison partout au Maroc.",,NEEDS_ASSET_INGESTION,"Sélection faciale issue du catalogue officiel actuel; produits cœur de gamme, jusqu’à ~30+ par marque selon pertinence.",KSG_CURATION_FROM_OFFICIAL_NAMES_AND_CLAIMS,False,NEEDS_OFFICIAL_PDP_ENRICHMENT,Les classifications Type de peau/Besoins/Étape/AM-PM sont une curation The K-Skin Gallery sauf mention vérifiée sur fiche produit individuelle.
research-axis-y-lha-peel-and-fill-pore-balancing-cream,AXIS-Y,LHA Peel & Fill Pore Balancing Cream,LHA Peel & Fill Pore Balancing Cream,axis-y-lha-peel-and-fill-pore-balancing-cream,,,,Exfoliants,Exfoliant,Grasse;Mixte,Pores & excès de sébum,LHA,Exfolier,PM,LHA daily moisturizer for gentle surface exfoliation and pore/texture care.,Exfoliants AXIS-Y sélectionné par The K-Skin Gallery pour une routine axée sur pores & excès de sébum.,Pores & excès de sébum,,,,AXIS-Y official website,https://www.axis-y.com/collections/allproducts,COLLECTION,EN,2026-10-02,PARTIAL,USD,16.99,Prix de référence observé sur la boutique officielle; ne pas utiliser comme prix de vente MAD.,,,,,0,3,DRAFT,PUBLISHED_OUT_OF_STOCK_WHEN_PRICED,False,False,,LHA Peel & Fill Pore Balancing Cream | AXIS-Y Maroc | The K-Skin Gallery,"Découvrez LHA Peel & Fill Pore Balancing Cream de AXIS-Y chez The K-Skin Gallery. Korean skincare au Maroc, paiement à la livraison et livraison partout au Maroc.",,NEEDS_ASSET_INGESTION,"Sélection faciale issue du catalogue officiel actuel; produits cœur de gamme, jusqu’à ~30+ par marque selon pertinence.",KSG_CURATION_FROM_OFFICIAL_NAMES_AND_CLAIMS,False,NEEDS_OFFICIAL_PDP_ENRICHMENT,Les classifications Type de peau/Besoins/Étape/AM-PM sont une curation The K-Skin Gallery sauf mention vérifiée sur fiche produit individuelle.
research-axis-y-biome-ultimate-indulging-cream,AXIS-Y,Biome Ultimate Indulging Cream,Biome Ultimate Indulging Cream,axis-y-biome-ultimate-indulging-cream,,,,Crèmes hydratantes,Crème / Hydratant,Sèche;Normale,Barrière cutanée,Céramides,Hydrater,BOTH,"Ceramides, cholesterol and fatty acids in a barrier-focused cream.",Crèmes hydratantes AXIS-Y sélectionné par The K-Skin Gallery pour une routine axée sur barrière cutanée.,Barrière cutanée,,,,AXIS-Y official website,https://www.axis-y.com/collections/allproducts,COLLECTION,EN,2026-10-02,PARTIAL,USD,27,Prix de référence observé sur la boutique officielle; ne pas utiliser comme prix de vente MAD.,,,,,0,3,DRAFT,PUBLISHED_OUT_OF_STOCK_WHEN_PRICED,False,False,,Biome Ultimate Indulging Cream | AXIS-Y Maroc | The K-Skin Gallery,"Découvrez Biome Ultimate Indulging Cream de AXIS-Y chez The K-Skin Gallery. Korean skincare au Maroc, paiement à la livraison et livraison partout au Maroc.",,NEEDS_ASSET_INGESTION,"Sélection faciale issue du catalogue officiel actuel; produits cœur de gamme, jusqu’à ~30+ par marque selon pertinence.",KSG_CURATION_FROM_OFFICIAL_NAMES_AND_CLAIMS,False,NEEDS_OFFICIAL_PDP_ENRICHMENT,Les classifications Type de peau/Besoins/Étape/AM-PM sont une curation The K-Skin Gallery sauf mention vérifiée sur fiche produit individuelle.
research-axis-y-biome-resetting-moringa-cleansing-oil,AXIS-Y,Biome Resetting Moringa Cleansing Oil,Biome Resetting Moringa Cleansing Oil,axis-y-biome-resetting-moringa-cleansing-oil,,,,Huiles & Baumes démaquillants,Démaquillant huile/baume,Grasse;Mixte,Pores & excès de sébum,,Nettoyer,BOTH,"Moringa cleansing oil for makeup, sunscreen and excess sebum.",Huiles & Baumes démaquillants AXIS-Y sélectionné par The K-Skin Gallery pour une routine axée sur pores & excès de sébum.,Pores & excès de sébum,,,,AXIS-Y official website,https://www.axis-y.com/collections/allproducts,COLLECTION,EN,2026-10-02,PARTIAL,USD,20,Prix de référence observé sur la boutique officielle; ne pas utiliser comme prix de vente MAD.,,,,,0,3,DRAFT,PUBLISHED_OUT_OF_STOCK_WHEN_PRICED,False,False,,Biome Resetting Moringa Cleansing Oil | AXIS-Y Maroc | The K-Skin Gallery,"Découvrez Biome Resetting Moringa Cleansing Oil de AXIS-Y chez The K-Skin Gallery. Korean skincare au Maroc, paiement à la livraison et livraison partout au Maroc.",,NEEDS_ASSET_INGESTION,"Sélection faciale issue du catalogue officiel actuel; produits cœur de gamme, jusqu’à ~30+ par marque selon pertinence.",KSG_CURATION_FROM_OFFICIAL_NAMES_AND_CLAIMS,False,NEEDS_OFFICIAL_PDP_ENRICHMENT,Les classifications Type de peau/Besoins/Étape/AM-PM sont une curation The K-Skin Gallery sauf mention vérifiée sur fiche produit individuelle.
research-axis-y-biome-comforting-infused-toner,AXIS-Y,Biome Comforting Infused Toner,Biome Comforting Infused Toner,axis-y-biome-comforting-infused-toner,,,,Toners & Essences,Toner / Essence,,,,Préparer,BOTH,,Toners & Essences AXIS-Y référencé dans le catalogue The K-Skin Gallery.,,,,,AXIS-Y official website,https://www.axis-y.com/collections/allproducts,COLLECTION,EN,2026-10-02,PARTIAL,USD,25,Prix de référence observé sur la boutique officielle; ne pas utiliser comme prix de vente MAD.,,,,,0,3,DRAFT,PUBLISHED_OUT_OF_STOCK_WHEN_PRICED,False,False,,Biome Comforting Infused Toner | AXIS-Y Maroc | The K-Skin Gallery,"Découvrez Biome Comforting Infused Toner de AXIS-Y chez The K-Skin Gallery. Korean skincare au Maroc, paiement à la livraison et livraison partout au Maroc.",,NEEDS_ASSET_INGESTION,"Sélection faciale issue du catalogue officiel actuel; produits cœur de gamme, jusqu’à ~30+ par marque selon pertinence.",KSG_CURATION_FROM_OFFICIAL_NAMES_AND_CLAIMS,False,NEEDS_OFFICIAL_PDP_ENRICHMENT,Les classifications Type de peau/Besoins/Étape/AM-PM sont une curation The K-Skin Gallery sauf mention vérifiée sur fiche produit individuelle.
research-axis-y-biome-radiating-intensified-essence,AXIS-Y,Biome Radiating Intensified Essence,Biome Radiating Intensified Essence,axis-y-biome-radiating-intensified-essence,,,,Toners & Essences,Essence,,,,Préparer,BOTH,,Toners & Essences AXIS-Y référencé dans le catalogue The K-Skin Gallery.,,,,,AXIS-Y official website,https://www.axis-y.com/collections/allproducts,COLLECTION,EN,2026-10-02,PARTIAL,USD,27,Prix de référence observé sur la boutique officielle; ne pas utiliser comme prix de vente MAD.,,,,,0,3,DRAFT,PUBLISHED_OUT_OF_STOCK_WHEN_PRICED,False,False,,Biome Radiating Intensified Essence | AXIS-Y Maroc | The K-Skin Gallery,"Découvrez Biome Radiating Intensified Essence de AXIS-Y chez The K-Skin Gallery. Korean skincare au Maroc, paiement à la livraison et livraison partout au Maroc.",,NEEDS_ASSET_INGESTION,"Sélection faciale issue du catalogue officiel actuel; produits cœur de gamme, jusqu’à ~30+ par marque selon pertinence.",KSG_CURATION_FROM_OFFICIAL_NAMES_AND_CLAIMS,False,NEEDS_OFFICIAL_PDP_ENRICHMENT,Les classifications Type de peau/Besoins/Étape/AM-PM sont une curation The K-Skin Gallery sauf mention vérifiée sur fiche produit individuelle.
research-axis-y-quinoa-one-step-balanced-gel-cleanser,AXIS-Y,Quinoa One Step Balanced Gel Cleanser,Quinoa One Step Balanced Gel Cleanser,axis-y-quinoa-one-step-balanced-gel-cleanser,,,,Nettoyants,Nettoyant,,,Quinoa,Nettoyer,BOTH,,Nettoyants AXIS-Y référencé dans le catalogue The K-Skin Gallery.,,,,,AXIS-Y official website,https://www.axis-y.com/collections/allproducts,COLLECTION,EN,2026-10-02,PARTIAL,USD,14.99,Prix de référence observé sur la boutique officielle; ne pas utiliser comme prix de vente MAD.,,,,,0,3,DRAFT,PUBLISHED_OUT_OF_STOCK_WHEN_PRICED,False,False,,Quinoa One Step Balanced Gel Cleanser | AXIS-Y Maroc | The K-Skin Gallery,"Découvrez Quinoa One Step Balanced Gel Cleanser de AXIS-Y chez The K-Skin Gallery. Korean skincare au Maroc, paiement à la livraison et livraison partout au Maroc.",,NEEDS_ASSET_INGESTION,"Sélection faciale issue du catalogue officiel actuel; produits cœur de gamme, jusqu’à ~30+ par marque selon pertinence.",KSG_CURATION_FROM_OFFICIAL_NAMES_AND_CLAIMS,False,NEEDS_OFFICIAL_PDP_ENRICHMENT,Les classifications Type de peau/Besoins/Étape/AM-PM sont une curation The K-Skin Gallery sauf mention vérifiée sur fiche produit individuelle.
research-axis-y-daily-purifying-treatment-toner,AXIS-Y,Daily Purifying Treatment Toner,Daily Purifying Treatment Toner,axis-y-daily-purifying-treatment-toner,,,,Toners & Essences,Toner / Essence,,,,Préparer,BOTH,,Toners & Essences AXIS-Y référencé dans le catalogue The K-Skin Gallery.,,,,,AXIS-Y official website,https://www.axis-y.com/collections/allproducts,COLLECTION,EN,2026-10-02,PARTIAL,USD,18.99,Prix de référence observé sur la boutique officielle; ne pas utiliser comme prix de vente MAD.,,,,,0,3,DRAFT,PUBLISHED_OUT_OF_STOCK_WHEN_PRICED,False,False,,Daily Purifying Treatment Toner | AXIS-Y Maroc | The K-Skin Gallery,"Découvrez Daily Purifying Treatment Toner de AXIS-Y chez The K-Skin Gallery. Korean skincare au Maroc, paiement à la livraison et livraison partout au Maroc.",,NEEDS_ASSET_INGESTION,"Sélection faciale issue du catalogue officiel actuel; produits cœur de gamme, jusqu’à ~30+ par marque selon pertinence.",KSG_CURATION_FROM_OFFICIAL_NAMES_AND_CLAIMS,False,NEEDS_OFFICIAL_PDP_ENRICHMENT,Les classifications Type de peau/Besoins/Étape/AM-PM sont une curation The K-Skin Gallery sauf mention vérifiée sur fiche produit individuelle.
research-axis-y-heartleaf-my-type-calming-cream,AXIS-Y,Heartleaf My Type Calming Cream,Heartleaf My Type Calming Cream,axis-y-heartleaf-my-type-calming-cream,,,,Crèmes hydratantes,Crème / Hydratant,Sensible,Rougeurs;Barrière cutanée,Heartleaf (Houttuynia cordata),Hydrater,BOTH,,"Crèmes hydratantes AXIS-Y classé par The K-Skin Gallery dans la sélection rougeurs, barrière cutanée.",Rougeurs;Barrière cutanée,,,,AXIS-Y official website,https://www.axis-y.com/collections/allproducts,COLLECTION,EN,2026-10-02,PARTIAL,USD,16.99,Prix de référence observé sur la boutique officielle; ne pas utiliser comme prix de vente MAD.,,,,,0,3,DRAFT,PUBLISHED_OUT_OF_STOCK_WHEN_PRICED,False,False,,Heartleaf My Type Calming Cream | AXIS-Y Maroc | The K-Skin Gallery,"Découvrez Heartleaf My Type Calming Cream de AXIS-Y chez The K-Skin Gallery. Korean skincare au Maroc, paiement à la livraison et livraison partout au Maroc.",,NEEDS_ASSET_INGESTION,"Sélection faciale issue du catalogue officiel actuel; produits cœur de gamme, jusqu’à ~30+ par marque selon pertinence.",KSG_CURATION_FROM_OFFICIAL_NAMES_AND_CLAIMS,False,NEEDS_OFFICIAL_PDP_ENRICHMENT,Les classifications Type de peau/Besoins/Étape/AM-PM sont une curation The K-Skin Gallery sauf mention vérifiée sur fiche produit individuelle.
research-axis-y-sunday-morning-refreshing-cleansing-foam,AXIS-Y,Sunday Morning Refreshing Cleansing Foam,Sunday Morning Refreshing Cleansing Foam,axis-y-sunday-morning-refreshing-cleansing-foam,,,,Nettoyants,Nettoyant,,,,Nettoyer,BOTH,,Nettoyants AXIS-Y référencé dans le catalogue The K-Skin Gallery.,,,,,AXIS-Y official website,https://www.axis-y.com/collections/allproducts,COLLECTION,EN,2026-10-02,PARTIAL,USD,10.99,Prix de référence observé sur la boutique officielle; ne pas utiliser comme prix de vente MAD.,,,,,0,3,DRAFT,PUBLISHED_OUT_OF_STOCK_WHEN_PRICED,False,False,,Sunday Morning Refreshing Cleansing Foam | AXIS-Y Maroc | The K-Skin Gallery,"Découvrez Sunday Morning Refreshing Cleansing Foam de AXIS-Y chez The K-Skin Gallery. Korean skincare au Maroc, paiement à la livraison et livraison partout au Maroc.",,NEEDS_ASSET_INGESTION,"Sélection faciale issue du catalogue officiel actuel; produits cœur de gamme, jusqu’à ~30+ par marque selon pertinence.",KSG_CURATION_FROM_OFFICIAL_NAMES_AND_CLAIMS,False,NEEDS_OFFICIAL_PDP_ENRICHMENT,Les classifications Type de peau/Besoins/Étape/AM-PM sont une curation The K-Skin Gallery sauf mention vérifiée sur fiche produit individuelle.
research-axis-y-cera-heart-my-type-duo-cream,AXIS-Y,Cera-Heart My Type Duo Cream,Cera-Heart My Type Duo Cream,axis-y-cera-heart-my-type-duo-cream,,,,Crèmes hydratantes,Crème / Hydratant,,,,Hydrater,BOTH,,Crèmes hydratantes AXIS-Y référencé dans le catalogue The K-Skin Gallery.,,,,,AXIS-Y official website,https://www.axis-y.com/collections/allproducts,COLLECTION,EN,2026-10-02,PARTIAL,USD,22.99,Prix de référence observé sur la boutique officielle; ne pas utiliser comme prix de vente MAD.,,,,,0,3,DRAFT,PUBLISHED_OUT_OF_STOCK_WHEN_PRICED,False,False,,Cera-Heart My Type Duo Cream | AXIS-Y Maroc | The K-Skin Gallery,"Découvrez Cera-Heart My Type Duo Cream de AXIS-Y chez The K-Skin Gallery. Korean skincare au Maroc, paiement à la livraison et livraison partout au Maroc.",,NEEDS_ASSET_INGESTION,"Sélection faciale issue du catalogue officiel actuel; produits cœur de gamme, jusqu’à ~30+ par marque selon pertinence.",KSG_CURATION_FROM_OFFICIAL_NAMES_AND_CLAIMS,False,NEEDS_OFFICIAL_PDP_ENRICHMENT,Les classifications Type de peau/Besoins/Étape/AM-PM sont une curation The K-Skin Gallery sauf mention vérifiée sur fiche produit individuelle.
research-axis-y-mugwort-pore-clarifying-wash-off-pack,AXIS-Y,Mugwort Pore Clarifying Wash Off Pack,Mugwort Pore Clarifying Wash Off Pack,axis-y-mugwort-pore-clarifying-wash-off-pack,,,,Masques,Masque,Grasse;Mixte,Pores & excès de sébum,Armoise,Traiter,BOTH,,Masques AXIS-Y classé par The K-Skin Gallery dans la sélection pores & excès de sébum.,Pores & excès de sébum,,,,AXIS-Y official website,https://www.axis-y.com/collections/allproducts,COLLECTION,EN,2026-10-02,PARTIAL,USD,17.99,Prix de référence observé sur la boutique officielle; ne pas utiliser comme prix de vente MAD.,,,,,0,3,DRAFT,PUBLISHED_OUT_OF_STOCK_WHEN_PRICED,False,False,,Mugwort Pore Clarifying Wash Off Pack | AXIS-Y Maroc | The K-Skin Gallery,"Découvrez Mugwort Pore Clarifying Wash Off Pack de AXIS-Y chez The K-Skin Gallery. Korean skincare au Maroc, paiement à la livraison et livraison partout au Maroc.",,NEEDS_ASSET_INGESTION,"Sélection faciale issue du catalogue officiel actuel; produits cœur de gamme, jusqu’à ~30+ par marque selon pertinence.",KSG_CURATION_FROM_OFFICIAL_NAMES_AND_CLAIMS,False,NEEDS_OFFICIAL_PDP_ENRICHMENT,Les classifications Type de peau/Besoins/Étape/AM-PM sont une curation The K-Skin Gallery sauf mention vérifiée sur fiche produit individuelle.
research-axis-y-heartleaf-skin-soothing-gel-mask,AXIS-Y,Heartleaf Skin Soothing Gel Mask,Heartleaf Skin Soothing Gel Mask,axis-y-heartleaf-skin-soothing-gel-mask,,,,Masques,Masque,Sensible,Rougeurs;Barrière cutanée,Heartleaf (Houttuynia cordata),Traiter,BOTH,,"Masques AXIS-Y classé par The K-Skin Gallery dans la sélection rougeurs, barrière cutanée.",Rougeurs;Barrière cutanée,,,,AXIS-Y official website,https://www.axis-y.com/collections/allproducts,COLLECTION,EN,2026-10-02,PARTIAL,USD,17.99,Prix de référence observé sur la boutique officielle; ne pas utiliser comme prix de vente MAD.,,,,,0,3,DRAFT,PUBLISHED_OUT_OF_STOCK_WHEN_PRICED,False,False,,Heartleaf Skin Soothing Gel Mask | AXIS-Y Maroc | The K-Skin Gallery,"Découvrez Heartleaf Skin Soothing Gel Mask de AXIS-Y chez The K-Skin Gallery. Korean skincare au Maroc, paiement à la livraison et livraison partout au Maroc.",,NEEDS_ASSET_INGESTION,"Sélection faciale issue du catalogue officiel actuel; produits cœur de gamme, jusqu’à ~30+ par marque selon pertinence.",KSG_CURATION_FROM_OFFICIAL_NAMES_AND_CLAIMS,False,NEEDS_OFFICIAL_PDP_ENRICHMENT,Les classifications Type de peau/Besoins/Étape/AM-PM sont une curation The K-Skin Gallery sauf mention vérifiée sur fiche produit individuelle.
research-axis-y-txa-3-intensive-radiance-boosting-serum,AXIS-Y,TXA 3% Intensive Radiance Boosting Serum,TXA 3% Intensive Radiance Boosting Serum,axis-y-txa-3-intensive-radiance-boosting-serum,,,,Sérums & Ampoules,Sérum / Ampoule,,Taches & teint irrégulier;Éclat,Acide tranexamique (TXA),Traiter,BOTH,,"Sérums & Ampoules AXIS-Y classé par The K-Skin Gallery dans la sélection taches & teint irrégulier, éclat.",Taches & teint irrégulier;Éclat,,,,AXIS-Y official website,https://www.axis-y.com/collections/allproducts,COLLECTION,EN,2026-10-02,PARTIAL,USD,20.99,Prix de référence observé sur la boutique officielle; ne pas utiliser comme prix de vente MAD.,,,,,0,3,DRAFT,PUBLISHED_OUT_OF_STOCK_WHEN_PRICED,False,False,,TXA 3% Intensive Radiance Boosting Serum | AXIS-Y Maroc | The K-Skin Gallery,"Découvrez TXA 3% Intensive Radiance Boosting Serum de AXIS-Y chez The K-Skin Gallery. Korean skincare au Maroc, paiement à la livraison et livraison partout au Maroc.",,NEEDS_ASSET_INGESTION,"Sélection faciale issue du catalogue officiel actuel; produits cœur de gamme, jusqu’à ~30+ par marque selon pertinence.",KSG_CURATION_FROM_OFFICIAL_NAMES_AND_CLAIMS,False,NEEDS_OFFICIAL_PDP_ENRICHMENT,Les classifications Type de peau/Besoins/Étape/AM-PM sont une curation The K-Skin Gallery sauf mention vérifiée sur fiche produit individuelle.
research-some-by-mi-aha-bha-pha-30-days-miracle-toner,SOME BY MI,AHA-BHA-PHA 30 Days Miracle Toner,AHA-BHA-PHA 30 Days Miracle Toner,some-by-mi-aha-bha-pha-30-days-miracle-toner,,,150ml,Toners & Essences,Toner / Essence,,,BHA;AHA;PHA,Préparer,BOTH,,Toners & Essences SOME BY MI référencé dans le catalogue The K-Skin Gallery.,,,,,SOME BY MI official website,https://en.somebymi.com/category/shop/380/,COLLECTION,EN,2026-10-02,PARTIAL,,,Prix de référence observé sur la boutique officielle; ne pas utiliser comme prix de vente MAD.,,,,,0,3,DRAFT,PUBLISHED_OUT_OF_STOCK_WHEN_PRICED,False,False,,AHA-BHA-PHA 30 Days Miracle Toner | SOME BY MI Maroc | The K-Skin Gallery,"Découvrez AHA-BHA-PHA 30 Days Miracle Toner de SOME BY MI chez The K-Skin Gallery. Korean skincare au Maroc, paiement à la livraison et livraison partout au Maroc.",,NEEDS_ASSET_INGESTION,"Sélection faciale issue du catalogue officiel actuel; produits cœur de gamme, jusqu’à ~30+ par marque selon pertinence.",KSG_CURATION_FROM_OFFICIAL_NAMES_AND_CLAIMS,False,NEEDS_OFFICIAL_PDP_ENRICHMENT,Les classifications Type de peau/Besoins/Étape/AM-PM sont une curation The K-Skin Gallery sauf mention vérifiée sur fiche produit individuelle.
research-some-by-mi-aha-bha-pha-30-days-miracle-serum,SOME BY MI,AHA-BHA-PHA 30 Days Miracle Serum,AHA-BHA-PHA 30 Days Miracle Serum,some-by-mi-aha-bha-pha-30-days-miracle-serum,,,50ml,Sérums & Ampoules,Sérum / Ampoule,,,BHA;AHA;PHA,Traiter,PM,,Sérums & Ampoules SOME BY MI référencé dans le catalogue The K-Skin Gallery.,,,,,SOME BY MI official website,https://en.somebymi.com/category/shop/380/,COLLECTION,EN,2026-10-02,PARTIAL,,,Prix de référence observé sur la boutique officielle; ne pas utiliser comme prix de vente MAD.,,,,,0,3,DRAFT,PUBLISHED_OUT_OF_STOCK_WHEN_PRICED,False,False,,AHA-BHA-PHA 30 Days Miracle Serum | SOME BY MI Maroc | The K-Skin Gallery,"Découvrez AHA-BHA-PHA 30 Days Miracle Serum de SOME BY MI chez The K-Skin Gallery. Korean skincare au Maroc, paiement à la livraison et livraison partout au Maroc.",,NEEDS_ASSET_INGESTION,"Sélection faciale issue du catalogue officiel actuel; produits cœur de gamme, jusqu’à ~30+ par marque selon pertinence.",KSG_CURATION_FROM_OFFICIAL_NAMES_AND_CLAIMS,False,NEEDS_OFFICIAL_PDP_ENRICHMENT,Les classifications Type de peau/Besoins/Étape/AM-PM sont une curation The K-Skin Gallery sauf mention vérifiée sur fiche produit individuelle.
research-some-by-mi-aha-bha-pha-30-days-miracle-cream,SOME BY MI,AHA-BHA-PHA 30 Days Miracle Cream,AHA-BHA-PHA 30 Days Miracle Cream,some-by-mi-aha-bha-pha-30-days-miracle-cream,,,60g,Crèmes hydratantes,Crème / Hydratant,,,BHA;AHA;PHA,Hydrater,PM,,Crèmes hydratantes SOME BY MI référencé dans le catalogue The K-Skin Gallery.,,,,,SOME BY MI official website,https://en.somebymi.com/category/shop/380/,COLLECTION,EN,2026-10-02,PARTIAL,,,Prix de référence observé sur la boutique officielle; ne pas utiliser comme prix de vente MAD.,,,,,0,3,DRAFT,PUBLISHED_OUT_OF_STOCK_WHEN_PRICED,False,False,,AHA-BHA-PHA 30 Days Miracle Cream | SOME BY MI Maroc | The K-Skin Gallery,"Découvrez AHA-BHA-PHA 30 Days Miracle Cream de SOME BY MI chez The K-Skin Gallery. Korean skincare au Maroc, paiement à la livraison et livraison partout au Maroc.",,NEEDS_ASSET_INGESTION,"Sélection faciale issue du catalogue officiel actuel; produits cœur de gamme, jusqu’à ~30+ par marque selon pertinence.",KSG_CURATION_FROM_OFFICIAL_NAMES_AND_CLAIMS,False,NEEDS_OFFICIAL_PDP_ENRICHMENT,Les classifications Type de peau/Besoins/Étape/AM-PM sont une curation The K-Skin Gallery sauf mention vérifiée sur fiche produit individuelle.
research-some-by-mi-aha-bha-pha-30-days-miracle-acne-clear-foam,SOME BY MI,AHA-BHA-PHA 30 Days Miracle Acne Clear Foam,AHA-BHA-PHA 30 Days Miracle Acne Clear Foam,some-by-mi-aha-bha-pha-30-days-miracle-acne-clear-foam,,,100ml,Soins ciblés,Autre soin visage,Grasse;Mixte,Imperfections,BHA;AHA;PHA,Traiter,PM,,Soins ciblés SOME BY MI classé par The K-Skin Gallery dans la sélection imperfections.,Imperfections,,,,SOME BY MI official website,https://en.somebymi.com/category/shop/380/,COLLECTION,EN,2026-10-02,PARTIAL,,,Prix de référence observé sur la boutique officielle; ne pas utiliser comme prix de vente MAD.,,,,,0,3,DRAFT,PUBLISHED_OUT_OF_STOCK_WHEN_PRICED,False,False,,AHA-BHA-PHA 30 Days Miracle Acne Clear Foam | SOME BY MI Maroc | The K-Skin Gallery,"Découvrez AHA-BHA-PHA 30 Days Miracle Acne Clear Foam de SOME BY MI chez The K-Skin Gallery. Korean skincare au Maroc, paiement à la livraison et livraison partout au Maroc.",,NEEDS_ASSET_INGESTION,"Sélection faciale issue du catalogue officiel actuel; produits cœur de gamme, jusqu’à ~30+ par marque selon pertinence.",KSG_CURATION_FROM_OFFICIAL_NAMES_AND_CLAIMS,False,NEEDS_OFFICIAL_PDP_ENRICHMENT,Les classifications Type de peau/Besoins/Étape/AM-PM sont une curation The K-Skin Gallery sauf mention vérifiée sur fiche produit individuelle.
research-some-by-mi-aha-bha-pha-30-days-miracle-truecica-clear-pad,SOME BY MI,AHA-BHA-PHA 30 Days Miracle Truecica Clear Pad,AHA-BHA-PHA 30 Days Miracle Truecica Clear Pad,some-by-mi-aha-bha-pha-30-days-miracle-truecica-clear-pad,,,70 pads,Toners & Essences,Toner / Essence,Sensible,Rougeurs;Barrière cutanée,Centella asiatica;BHA;AHA;PHA,Préparer,BOTH,,"Toners & Essences SOME BY MI classé par The K-Skin Gallery dans la sélection rougeurs, barrière cutanée.",Rougeurs;Barrière cutanée,,,,SOME BY MI official website,https://en.somebymi.com/category/shop/380/,COLLECTION,EN,2026-10-02,PARTIAL,,,Prix de référence observé sur la boutique officielle; ne pas utiliser comme prix de vente MAD.,,,,,0,3,DRAFT,PUBLISHED_OUT_OF_STOCK_WHEN_PRICED,False,False,,AHA-BHA-PHA 30 Days Miracle Truecica Clear Pad | SOME BY MI Maroc | The K-Skin Gallery,"Découvrez AHA-BHA-PHA 30 Days Miracle Truecica Clear Pad de SOME BY MI chez The K-Skin Gallery. Korean skincare au Maroc, paiement à la livraison et livraison partout au Maroc.",,NEEDS_ASSET_INGESTION,"Sélection faciale issue du catalogue officiel actuel; produits cœur de gamme, jusqu’à ~30+ par marque selon pertinence.",KSG_CURATION_FROM_OFFICIAL_NAMES_AND_CLAIMS,False,NEEDS_OFFICIAL_PDP_ENRICHMENT,Les classifications Type de peau/Besoins/Étape/AM-PM sont une curation The K-Skin Gallery sauf mention vérifiée sur fiche produit individuelle.
research-some-by-mi-aha-bha-pha-miracle-daily-mask,SOME BY MI,AHA.BHA.PHA Miracle Daily Mask,AHA.BHA.PHA Miracle Daily Mask,some-by-mi-aha-bha-pha-miracle-daily-mask,,,30 sheets,Masques,Masque,,,BHA;AHA;PHA,Traiter,PM,,Masques SOME BY MI référencé dans le catalogue The K-Skin Gallery.,,,,,SOME BY MI official website,https://en.somebymi.com/category/shop/380/,COLLECTION,EN,2026-10-02,PARTIAL,,,Prix de référence observé sur la boutique officielle; ne pas utiliser comme prix de vente MAD.,,,,,0,3,DRAFT,PUBLISHED_OUT_OF_STOCK_WHEN_PRICED,False,False,,AHA.BHA.PHA Miracle Daily Mask | SOME BY MI Maroc | The K-Skin Gallery,"Découvrez AHA.BHA.PHA Miracle Daily Mask de SOME BY MI chez The K-Skin Gallery. Korean skincare au Maroc, paiement à la livraison et livraison partout au Maroc.",,NEEDS_ASSET_INGESTION,"Sélection faciale issue du catalogue officiel actuel; produits cœur de gamme, jusqu’à ~30+ par marque selon pertinence.",KSG_CURATION_FROM_OFFICIAL_NAMES_AND_CLAIMS,False,NEEDS_OFFICIAL_PDP_ENRICHMENT,Les classifications Type de peau/Besoins/Étape/AM-PM sont une curation The K-Skin Gallery sauf mention vérifiée sur fiche produit individuelle.
research-some-by-mi-snail-truecica-miracle-repair-toner,SOME BY MI,Snail Truecica Miracle Repair Toner,Snail Truecica Miracle Repair Toner,some-by-mi-snail-truecica-miracle-repair-toner,,,150ml,Toners & Essences,Toner / Essence,Sensible,Rougeurs;Barrière cutanée,Centella asiatica;Mucine d'escargot,Préparer,BOTH,,"Toners & Essences SOME BY MI classé par The K-Skin Gallery dans la sélection rougeurs, barrière cutanée.",Rougeurs;Barrière cutanée,,,,SOME BY MI official website,https://en.somebymi.com/category/shop/380/,COLLECTION,EN,2026-10-02,PARTIAL,,,Prix de référence observé sur la boutique officielle; ne pas utiliser comme prix de vente MAD.,,,,,0,3,DRAFT,PUBLISHED_OUT_OF_STOCK_WHEN_PRICED,False,False,,Snail Truecica Miracle Repair Toner | SOME BY MI Maroc | The K-Skin Gallery,"Découvrez Snail Truecica Miracle Repair Toner de SOME BY MI chez The K-Skin Gallery. Korean skincare au Maroc, paiement à la livraison et livraison partout au Maroc.",,NEEDS_ASSET_INGESTION,"Sélection faciale issue du catalogue officiel actuel; produits cœur de gamme, jusqu’à ~30+ par marque selon pertinence.",KSG_CURATION_FROM_OFFICIAL_NAMES_AND_CLAIMS,False,NEEDS_OFFICIAL_PDP_ENRICHMENT,Les classifications Type de peau/Besoins/Étape/AM-PM sont une curation The K-Skin Gallery sauf mention vérifiée sur fiche produit individuelle.
research-some-by-mi-snail-truecica-miracle-repair-serum,SOME BY MI,Snail Truecica Miracle Repair Serum,Snail Truecica Miracle Repair Serum,some-by-mi-snail-truecica-miracle-repair-serum,,,50ml,Sérums & Ampoules,Sérum / Ampoule,Sensible,Rougeurs;Barrière cutanée,Centella asiatica;Mucine d'escargot,Traiter,BOTH,,"Sérums & Ampoules SOME BY MI classé par The K-Skin Gallery dans la sélection rougeurs, barrière cutanée.",Rougeurs;Barrière cutanée,,,,SOME BY MI official website,https://en.somebymi.com/category/shop/380/,COLLECTION,EN,2026-10-02,PARTIAL,,,Prix de référence observé sur la boutique officielle; ne pas utiliser comme prix de vente MAD.,,,,,0,3,DRAFT,PUBLISHED_OUT_OF_STOCK_WHEN_PRICED,False,False,,Snail Truecica Miracle Repair Serum | SOME BY MI Maroc | The K-Skin Gallery,"Découvrez Snail Truecica Miracle Repair Serum de SOME BY MI chez The K-Skin Gallery. Korean skincare au Maroc, paiement à la livraison et livraison partout au Maroc.",,NEEDS_ASSET_INGESTION,"Sélection faciale issue du catalogue officiel actuel; produits cœur de gamme, jusqu’à ~30+ par marque selon pertinence.",KSG_CURATION_FROM_OFFICIAL_NAMES_AND_CLAIMS,False,NEEDS_OFFICIAL_PDP_ENRICHMENT,Les classifications Type de peau/Besoins/Étape/AM-PM sont une curation The K-Skin Gallery sauf mention vérifiée sur fiche produit individuelle.
research-some-by-mi-snail-truecica-miracle-repair-cream,SOME BY MI,Snail Truecica Miracle Repair Cream,Snail Truecica Miracle Repair Cream,some-by-mi-snail-truecica-miracle-repair-cream,,,60g,Crèmes hydratantes,Crème / Hydratant,Sensible,Rougeurs;Barrière cutanée,Centella asiatica;Mucine d'escargot,Hydrater,BOTH,,"Crèmes hydratantes SOME BY MI classé par The K-Skin Gallery dans la sélection rougeurs, barrière cutanée.",Rougeurs;Barrière cutanée,,,,SOME BY MI official website,https://en.somebymi.com/category/shop/380/,COLLECTION,EN,2026-10-02,PARTIAL,,,Prix de référence observé sur la boutique officielle; ne pas utiliser comme prix de vente MAD.,,,,,0,3,DRAFT,PUBLISHED_OUT_OF_STOCK_WHEN_PRICED,False,False,,Snail Truecica Miracle Repair Cream | SOME BY MI Maroc | The K-Skin Gallery,"Découvrez Snail Truecica Miracle Repair Cream de SOME BY MI chez The K-Skin Gallery. Korean skincare au Maroc, paiement à la livraison et livraison partout au Maroc.",,NEEDS_ASSET_INGESTION,"Sélection faciale issue du catalogue officiel actuel; produits cœur de gamme, jusqu’à ~30+ par marque selon pertinence.",KSG_CURATION_FROM_OFFICIAL_NAMES_AND_CLAIMS,False,NEEDS_OFFICIAL_PDP_ENRICHMENT,Les classifications Type de peau/Besoins/Étape/AM-PM sont une curation The K-Skin Gallery sauf mention vérifiée sur fiche produit individuelle.
research-some-by-mi-snail-truecica-miracle-repair-low-ph-gel-cleanser,SOME BY MI,Snail Truecica Miracle Repair Low pH Gel Cleanser,Snail Truecica Miracle Repair Low pH Gel Cleanser,some-by-mi-snail-truecica-miracle-repair-low-ph-gel-cleanser,,,100ml,Nettoyants,Nettoyant,Sensible,Rougeurs;Barrière cutanée,Centella asiatica;Mucine d'escargot,Nettoyer,BOTH,,"Nettoyants SOME BY MI classé par The K-Skin Gallery dans la sélection rougeurs, barrière cutanée.",Rougeurs;Barrière cutanée,,,,SOME BY MI official website,https://en.somebymi.com/category/shop/380/,COLLECTION,EN,2026-10-02,PARTIAL,,,Prix de référence observé sur la boutique officielle; ne pas utiliser comme prix de vente MAD.,,,,,0,3,DRAFT,PUBLISHED_OUT_OF_STOCK_WHEN_PRICED,False,False,,Snail Truecica Miracle Repair Low pH Gel Cleanser | SOME BY MI Maroc | The K-Skin Gallery,"Découvrez Snail Truecica Miracle Repair Low pH Gel Cleanser de SOME BY MI chez The K-Skin Gallery. Korean skincare au Maroc, paiement à la livraison et livraison partout au Maroc.",,NEEDS_ASSET_INGESTION,"Sélection faciale issue du catalogue officiel actuel; produits cœur de gamme, jusqu’à ~30+ par marque selon pertinence.",KSG_CURATION_FROM_OFFICIAL_NAMES_AND_CLAIMS,False,NEEDS_OFFICIAL_PDP_ENRICHMENT,Les classifications Type de peau/Besoins/Étape/AM-PM sont une curation The K-Skin Gallery sauf mention vérifiée sur fiche produit individuelle.
research-some-by-mi-yuja-niacin-anti-blemish-serum,SOME BY MI,Yuja Niacin Anti-Blemish Serum,Yuja Niacin Anti-Blemish Serum,some-by-mi-yuja-niacin-anti-blemish-serum,,,50ml,Sérums & Ampoules,Sérum / Ampoule,Grasse;Mixte,Imperfections;Taches & teint irrégulier,Niacinamide;Yuja / Yuzu,Traiter,BOTH,,"Sérums & Ampoules SOME BY MI classé par The K-Skin Gallery dans la sélection imperfections, taches & teint irrégulier.",Imperfections;Taches & teint irrégulier,,,,SOME BY MI official website,https://en.somebymi.com/category/shop/380/,COLLECTION,EN,2026-10-02,PARTIAL,,,Prix de référence observé sur la boutique officielle; ne pas utiliser comme prix de vente MAD.,,,,,0,3,DRAFT,PUBLISHED_OUT_OF_STOCK_WHEN_PRICED,False,False,,Yuja Niacin Anti-Blemish Serum | SOME BY MI Maroc | The K-Skin Gallery,"Découvrez Yuja Niacin Anti-Blemish Serum de SOME BY MI chez The K-Skin Gallery. Korean skincare au Maroc, paiement à la livraison et livraison partout au Maroc.",,NEEDS_ASSET_INGESTION,"Sélection faciale issue du catalogue officiel actuel; produits cœur de gamme, jusqu’à ~30+ par marque selon pertinence.",KSG_CURATION_FROM_OFFICIAL_NAMES_AND_CLAIMS,False,NEEDS_OFFICIAL_PDP_ENRICHMENT,Les classifications Type de peau/Besoins/Étape/AM-PM sont une curation The K-Skin Gallery sauf mention vérifiée sur fiche produit individuelle.
research-some-by-mi-yuja-niacin-anti-blemish-cream,SOME BY MI,Yuja Niacin Anti-Blemish Cream,Yuja Niacin Anti-Blemish Cream,some-by-mi-yuja-niacin-anti-blemish-cream,,,60g,Crèmes hydratantes,Crème / Hydratant,Grasse;Mixte,Imperfections;Taches & teint irrégulier,Niacinamide;Yuja / Yuzu,Hydrater,BOTH,,"Crèmes hydratantes SOME BY MI classé par The K-Skin Gallery dans la sélection imperfections, taches & teint irrégulier.",Imperfections;Taches & teint irrégulier,,,,SOME BY MI official website,https://en.somebymi.com/category/shop/380/,COLLECTION,EN,2026-10-02,PARTIAL,,,Prix de référence observé sur la boutique officielle; ne pas utiliser comme prix de vente MAD.,,,,,0,3,DRAFT,PUBLISHED_OUT_OF_STOCK_WHEN_PRICED,False,False,,Yuja Niacin Anti-Blemish Cream | SOME BY MI Maroc | The K-Skin Gallery,"Découvrez Yuja Niacin Anti-Blemish Cream de SOME BY MI chez The K-Skin Gallery. Korean skincare au Maroc, paiement à la livraison et livraison partout au Maroc.",,NEEDS_ASSET_INGESTION,"Sélection faciale issue du catalogue officiel actuel; produits cœur de gamme, jusqu’à ~30+ par marque selon pertinence.",KSG_CURATION_FROM_OFFICIAL_NAMES_AND_CLAIMS,False,NEEDS_OFFICIAL_PDP_ENRICHMENT,Les classifications Type de peau/Besoins/Étape/AM-PM sont une curation The K-Skin Gallery sauf mention vérifiée sur fiche produit individuelle.
research-some-by-mi-yuja-niacin-30-days-miracle-brightening-toner,SOME BY MI,Yuja Niacin 30 Days Miracle Brightening Toner,Yuja Niacin 30 Days Miracle Brightening Toner,some-by-mi-yuja-niacin-30-days-miracle-brightening-toner,,,150ml,Toners & Essences,Toner / Essence,,Taches & teint irrégulier;Éclat,Niacinamide;Yuja / Yuzu,Préparer,BOTH,,"Toners & Essences SOME BY MI classé par The K-Skin Gallery dans la sélection taches & teint irrégulier, éclat.",Taches & teint irrégulier;Éclat,,,,SOME BY MI official website,https://en.somebymi.com/category/shop/380/,COLLECTION,EN,2026-10-02,PARTIAL,,,Prix de référence observé sur la boutique officielle; ne pas utiliser comme prix de vente MAD.,,,,,0,3,DRAFT,PUBLISHED_OUT_OF_STOCK_WHEN_PRICED,False,False,,Yuja Niacin 30 Days Miracle Brightening Toner | SOME BY MI Maroc | The K-Skin Gallery,"Découvrez Yuja Niacin 30 Days Miracle Brightening Toner de SOME BY MI chez The K-Skin Gallery. Korean skincare au Maroc, paiement à la livraison et livraison partout au Maroc.",,NEEDS_ASSET_INGESTION,"Sélection faciale issue du catalogue officiel actuel; produits cœur de gamme, jusqu’à ~30+ par marque selon pertinence.",KSG_CURATION_FROM_OFFICIAL_NAMES_AND_CLAIMS,False,NEEDS_OFFICIAL_PDP_ENRICHMENT,Les classifications Type de peau/Besoins/Étape/AM-PM sont une curation The K-Skin Gallery sauf mention vérifiée sur fiche produit individuelle.
research-some-by-mi-yuja-niacin-brightening-moisture-gel-cream,SOME BY MI,Yuja Niacin Brightening Moisture Gel Cream,Yuja Niacin Brightening Moisture Gel Cream,some-by-mi-yuja-niacin-brightening-moisture-gel-cream,,,100ml,Crèmes hydratantes,Crème / Hydratant,Sèche;Normale,Taches & teint irrégulier;Éclat;Hydratation,Niacinamide;Yuja / Yuzu,Hydrater,BOTH,,"Crèmes hydratantes SOME BY MI classé par The K-Skin Gallery dans la sélection taches & teint irrégulier, éclat.",Taches & teint irrégulier;Éclat;Hydratation,,,,SOME BY MI official website,https://en.somebymi.com/category/shop/380/,COLLECTION,EN,2026-10-02,PARTIAL,,,Prix de référence observé sur la boutique officielle; ne pas utiliser comme prix de vente MAD.,,,,,0,3,DRAFT,PUBLISHED_OUT_OF_STOCK_WHEN_PRICED,False,False,,Yuja Niacin Brightening Moisture Gel Cream | SOME BY MI Maroc | The K-Skin Gallery,"Découvrez Yuja Niacin Brightening Moisture Gel Cream de SOME BY MI chez The K-Skin Gallery. Korean skincare au Maroc, paiement à la livraison et livraison partout au Maroc.",,NEEDS_ASSET_INGESTION,"Sélection faciale issue du catalogue officiel actuel; produits cœur de gamme, jusqu’à ~30+ par marque selon pertinence.",KSG_CURATION_FROM_OFFICIAL_NAMES_AND_CLAIMS,False,NEEDS_OFFICIAL_PDP_ENRICHMENT,Les classifications Type de peau/Besoins/Étape/AM-PM sont une curation The K-Skin Gallery sauf mention vérifiée sur fiche produit individuelle.
research-some-by-mi-retinol-intense-reactivating-serum,SOME BY MI,Retinol Intense Reactivating Serum,Retinol Intense Reactivating Serum,some-by-mi-retinol-intense-reactivating-serum,,,50ml,Sérums & Ampoules,Sérum / Ampoule,Normale;Sèche;Mixte,Premiers signes de l'âge,Rétinol,Traiter,PM,,Sérums & Ampoules SOME BY MI classé par The K-Skin Gallery dans la sélection premiers signes de l'âge.,Premiers signes de l'âge,,,,SOME BY MI official website,https://en.somebymi.com/category/retinol/392/,COLLECTION,EN,2026-10-02,PARTIAL,,,Prix de référence observé sur la boutique officielle; ne pas utiliser comme prix de vente MAD.,,,,,0,3,DRAFT,PUBLISHED_OUT_OF_STOCK_WHEN_PRICED,False,False,,Retinol Intense Reactivating Serum | SOME BY MI Maroc | The K-Skin Gallery,"Découvrez Retinol Intense Reactivating Serum de SOME BY MI chez The K-Skin Gallery. Korean skincare au Maroc, paiement à la livraison et livraison partout au Maroc.",,NEEDS_ASSET_INGESTION,"Sélection faciale issue du catalogue officiel actuel; produits cœur de gamme, jusqu’à ~30+ par marque selon pertinence.",KSG_CURATION_FROM_OFFICIAL_NAMES_AND_CLAIMS,False,NEEDS_OFFICIAL_PDP_ENRICHMENT,Les classifications Type de peau/Besoins/Étape/AM-PM sont une curation The K-Skin Gallery sauf mention vérifiée sur fiche produit individuelle.
research-some-by-mi-retinol-intense-advanced-triple-action-eye-cream,SOME BY MI,Retinol Intense Advanced Triple Action Eye Cream,Retinol Intense Advanced Triple Action Eye Cream,some-by-mi-retinol-intense-advanced-triple-action-eye-cream,,,30ml,Contour des yeux,Contour des yeux,Normale;Sèche;Mixte,Premiers signes de l'âge,Rétinol,Traiter,PM,,Contour des yeux SOME BY MI classé par The K-Skin Gallery dans la sélection premiers signes de l'âge.,Premiers signes de l'âge,,,,SOME BY MI official website,https://en.somebymi.com/category/retinol/392/,COLLECTION,EN,2026-10-02,PARTIAL,,,Prix de référence observé sur la boutique officielle; ne pas utiliser comme prix de vente MAD.,,,,,0,3,DRAFT,PUBLISHED_OUT_OF_STOCK_WHEN_PRICED,False,False,,Retinol Intense Advanced Triple Action Eye Cream | SOME BY MI Maroc | The K-Skin Gallery,"Découvrez Retinol Intense Advanced Triple Action Eye Cream de SOME BY MI chez The K-Skin Gallery. Korean skincare au Maroc, paiement à la livraison et livraison partout au Maroc.",,NEEDS_ASSET_INGESTION,"Sélection faciale issue du catalogue officiel actuel; produits cœur de gamme, jusqu’à ~30+ par marque selon pertinence.",KSG_CURATION_FROM_OFFICIAL_NAMES_AND_CLAIMS,False,NEEDS_OFFICIAL_PDP_ENRICHMENT,Les classifications Type de peau/Besoins/Étape/AM-PM sont une curation The K-Skin Gallery sauf mention vérifiée sur fiche produit individuelle.
research-some-by-mi-retinol-bakuchiol-bubble-toner,SOME BY MI,Retinol Bakuchiol Bubble Toner,Retinol Bakuchiol Bubble Toner,some-by-mi-retinol-bakuchiol-bubble-toner,,,100ml,Toners & Essences,Toner / Essence,Normale;Sèche;Mixte,Premiers signes de l'âge,Rétinol;Bakuchiol,Préparer,BOTH,,Toners & Essences SOME BY MI classé par The K-Skin Gallery dans la sélection premiers signes de l'âge.,Premiers signes de l'âge,,,,SOME BY MI official website,https://en.somebymi.com/category/retinol/392/,COLLECTION,EN,2026-10-02,PARTIAL,,,Prix de référence observé sur la boutique officielle; ne pas utiliser comme prix de vente MAD.,,,,,0,3,DRAFT,PUBLISHED_OUT_OF_STOCK_WHEN_PRICED,False,False,,Retinol Bakuchiol Bubble Toner | SOME BY MI Maroc | The K-Skin Gallery,"Découvrez Retinol Bakuchiol Bubble Toner de SOME BY MI chez The K-Skin Gallery. Korean skincare au Maroc, paiement à la livraison et livraison partout au Maroc.",,NEEDS_ASSET_INGESTION,"Sélection faciale issue du catalogue officiel actuel; produits cœur de gamme, jusqu’à ~30+ par marque selon pertinence.",KSG_CURATION_FROM_OFFICIAL_NAMES_AND_CLAIMS,False,NEEDS_OFFICIAL_PDP_ENRICHMENT,Les classifications Type de peau/Besoins/Étape/AM-PM sont une curation The K-Skin Gallery sauf mention vérifiée sur fiche produit individuelle.
research-some-by-mi-retinol-bakuchiol-dual-cream,SOME BY MI,Retinol Bakuchiol Dual Cream,Retinol Bakuchiol Dual Cream,some-by-mi-retinol-bakuchiol-dual-cream,,,50ml,Crèmes hydratantes,Crème / Hydratant,Normale;Sèche;Mixte,Premiers signes de l'âge,Rétinol;Bakuchiol,Hydrater,PM,,Crèmes hydratantes SOME BY MI classé par The K-Skin Gallery dans la sélection premiers signes de l'âge.,Premiers signes de l'âge,,,,SOME BY MI official website,https://en.somebymi.com/category/retinol/392/,COLLECTION,EN,2026-10-02,PARTIAL,,,Prix de référence observé sur la boutique officielle; ne pas utiliser comme prix de vente MAD.,,,,,0,3,DRAFT,PUBLISHED_OUT_OF_STOCK_WHEN_PRICED,False,False,,Retinol Bakuchiol Dual Cream | SOME BY MI Maroc | The K-Skin Gallery,"Découvrez Retinol Bakuchiol Dual Cream de SOME BY MI chez The K-Skin Gallery. Korean skincare au Maroc, paiement à la livraison et livraison partout au Maroc.",,NEEDS_ASSET_INGESTION,"Sélection faciale issue du catalogue officiel actuel; produits cœur de gamme, jusqu’à ~30+ par marque selon pertinence.",KSG_CURATION_FROM_OFFICIAL_NAMES_AND_CLAIMS,False,NEEDS_OFFICIAL_PDP_ENRICHMENT,Les classifications Type de peau/Besoins/Étape/AM-PM sont une curation The K-Skin Gallery sauf mention vérifiée sur fiche produit individuelle.
research-some-by-mi-retinol-intense-daily-mask,SOME BY MI,Retinol Intense Daily Mask,Retinol Intense Daily Mask,some-by-mi-retinol-intense-daily-mask,,,30 sheets,Masques,Masque,Normale;Sèche;Mixte,Premiers signes de l'âge,Rétinol,Traiter,PM,,Masques SOME BY MI classé par The K-Skin Gallery dans la sélection premiers signes de l'âge.,Premiers signes de l'âge,,,,SOME BY MI official website,https://en.somebymi.com/category/retinol/392/,COLLECTION,EN,2026-10-02,PARTIAL,,,Prix de référence observé sur la boutique officielle; ne pas utiliser comme prix de vente MAD.,,,,,0,3,DRAFT,PUBLISHED_OUT_OF_STOCK_WHEN_PRICED,False,False,,Retinol Intense Daily Mask | SOME BY MI Maroc | The K-Skin Gallery,"Découvrez Retinol Intense Daily Mask de SOME BY MI chez The K-Skin Gallery. Korean skincare au Maroc, paiement à la livraison et livraison partout au Maroc.",,NEEDS_ASSET_INGESTION,"Sélection faciale issue du catalogue officiel actuel; produits cœur de gamme, jusqu’à ~30+ par marque selon pertinence.",KSG_CURATION_FROM_OFFICIAL_NAMES_AND_CLAIMS,False,NEEDS_OFFICIAL_PDP_ENRICHMENT,Les classifications Type de peau/Besoins/Étape/AM-PM sont une curation The K-Skin Gallery sauf mention vérifiée sur fiche produit individuelle.
research-some-by-mi-beta-panthenol-repair-gel-cleanser,SOME BY MI,Beta Panthenol Repair Gel Cleanser,Beta Panthenol Repair Gel Cleanser,some-by-mi-beta-panthenol-repair-gel-cleanser,,,120ml,Nettoyants,Nettoyant,,Barrière cutanée,Panthénol,Nettoyer,BOTH,,Nettoyants SOME BY MI classé par The K-Skin Gallery dans la sélection barrière cutanée.,Barrière cutanée,,,,SOME BY MI official website,https://en.somebymi.com/category/beta-panthenol/393/,COLLECTION,EN,2026-10-02,PARTIAL,,,Prix de référence observé sur la boutique officielle; ne pas utiliser comme prix de vente MAD.,,,,,0,3,DRAFT,PUBLISHED_OUT_OF_STOCK_WHEN_PRICED,False,False,,Beta Panthenol Repair Gel Cleanser | SOME BY MI Maroc | The K-Skin Gallery,"Découvrez Beta Panthenol Repair Gel Cleanser de SOME BY MI chez The K-Skin Gallery. Korean skincare au Maroc, paiement à la livraison et livraison partout au Maroc.",,NEEDS_ASSET_INGESTION,"Sélection faciale issue du catalogue officiel actuel; produits cœur de gamme, jusqu’à ~30+ par marque selon pertinence.",KSG_CURATION_FROM_OFFICIAL_NAMES_AND_CLAIMS,False,NEEDS_OFFICIAL_PDP_ENRICHMENT,Les classifications Type de peau/Besoins/Étape/AM-PM sont une curation The K-Skin Gallery sauf mention vérifiée sur fiche produit individuelle.
research-some-by-mi-beta-panthenol-repair-toner,SOME BY MI,Beta Panthenol Repair Toner,Beta Panthenol Repair Toner,some-by-mi-beta-panthenol-repair-toner,,,150ml,Toners & Essences,Toner / Essence,,Barrière cutanée,Panthénol,Préparer,BOTH,,Toners & Essences SOME BY MI classé par The K-Skin Gallery dans la sélection barrière cutanée.,Barrière cutanée,,,,SOME BY MI official website,https://en.somebymi.com/category/beta-panthenol/393/,COLLECTION,EN,2026-10-02,PARTIAL,,,Prix de référence observé sur la boutique officielle; ne pas utiliser comme prix de vente MAD.,,,,,0,3,DRAFT,PUBLISHED_OUT_OF_STOCK_WHEN_PRICED,False,False,,Beta Panthenol Repair Toner | SOME BY MI Maroc | The K-Skin Gallery,"Découvrez Beta Panthenol Repair Toner de SOME BY MI chez The K-Skin Gallery. Korean skincare au Maroc, paiement à la livraison et livraison partout au Maroc.",,NEEDS_ASSET_INGESTION,"Sélection faciale issue du catalogue officiel actuel; produits cœur de gamme, jusqu’à ~30+ par marque selon pertinence.",KSG_CURATION_FROM_OFFICIAL_NAMES_AND_CLAIMS,False,NEEDS_OFFICIAL_PDP_ENRICHMENT,Les classifications Type de peau/Besoins/Étape/AM-PM sont une curation The K-Skin Gallery sauf mention vérifiée sur fiche produit individuelle.
research-some-by-mi-beta-panthenol-repair-serum,SOME BY MI,Beta Panthenol Repair Serum,Beta Panthenol Repair Serum,some-by-mi-beta-panthenol-repair-serum,,,30ml,Sérums & Ampoules,Sérum / Ampoule,,Barrière cutanée,Panthénol,Traiter,BOTH,,Sérums & Ampoules SOME BY MI classé par The K-Skin Gallery dans la sélection barrière cutanée.,Barrière cutanée,,,,SOME BY MI official website,https://en.somebymi.com/category/beta-panthenol/393/,COLLECTION,EN,2026-10-02,PARTIAL,,,Prix de référence observé sur la boutique officielle; ne pas utiliser comme prix de vente MAD.,,,,,0,3,DRAFT,PUBLISHED_OUT_OF_STOCK_WHEN_PRICED,False,False,,Beta Panthenol Repair Serum | SOME BY MI Maroc | The K-Skin Gallery,"Découvrez Beta Panthenol Repair Serum de SOME BY MI chez The K-Skin Gallery. Korean skincare au Maroc, paiement à la livraison et livraison partout au Maroc.",,NEEDS_ASSET_INGESTION,"Sélection faciale issue du catalogue officiel actuel; produits cœur de gamme, jusqu’à ~30+ par marque selon pertinence.",KSG_CURATION_FROM_OFFICIAL_NAMES_AND_CLAIMS,False,NEEDS_OFFICIAL_PDP_ENRICHMENT,Les classifications Type de peau/Besoins/Étape/AM-PM sont une curation The K-Skin Gallery sauf mention vérifiée sur fiche produit individuelle.
research-some-by-mi-super-matcha-pore-clean-cleansing-gel,SOME BY MI,Super Matcha Pore Clean Cleansing Gel,Super Matcha Pore Clean Cleansing Gel,some-by-mi-super-matcha-pore-clean-cleansing-gel,,,100ml,Nettoyants,Nettoyant,Grasse;Mixte,Pores & excès de sébum,Matcha,Nettoyer,BOTH,,Nettoyants SOME BY MI classé par The K-Skin Gallery dans la sélection pores & excès de sébum.,Pores & excès de sébum,,,,SOME BY MI official website,https://en.somebymi.com/category/shop/380/,COLLECTION,EN,2026-10-02,PARTIAL,,,Prix de référence observé sur la boutique officielle; ne pas utiliser comme prix de vente MAD.,,,,,0,3,DRAFT,PUBLISHED_OUT_OF_STOCK_WHEN_PRICED,False,False,,Super Matcha Pore Clean Cleansing Gel | SOME BY MI Maroc | The K-Skin Gallery,"Découvrez Super Matcha Pore Clean Cleansing Gel de SOME BY MI chez The K-Skin Gallery. Korean skincare au Maroc, paiement à la livraison et livraison partout au Maroc.",,NEEDS_ASSET_INGESTION,"Sélection faciale issue du catalogue officiel actuel; produits cœur de gamme, jusqu’à ~30+ par marque selon pertinence.",KSG_CURATION_FROM_OFFICIAL_NAMES_AND_CLAIMS,False,NEEDS_OFFICIAL_PDP_ENRICHMENT,Les classifications Type de peau/Besoins/Étape/AM-PM sont une curation The K-Skin Gallery sauf mention vérifiée sur fiche produit individuelle.
research-some-by-mi-super-matcha-pore-tightening-toner,SOME BY MI,Super Matcha Pore Tightening Toner,Super Matcha Pore Tightening Toner,some-by-mi-super-matcha-pore-tightening-toner,,,150ml,Toners & Essences,Toner / Essence,Grasse;Mixte,Pores & excès de sébum,Matcha,Préparer,BOTH,,Toners & Essences SOME BY MI classé par The K-Skin Gallery dans la sélection pores & excès de sébum.,Pores & excès de sébum,,,,SOME BY MI official website,https://en.somebymi.com/category/shop/380/,COLLECTION,EN,2026-10-02,PARTIAL,,,Prix de référence observé sur la boutique officielle; ne pas utiliser comme prix de vente MAD.,,,,,0,3,DRAFT,PUBLISHED_OUT_OF_STOCK_WHEN_PRICED,False,False,,Super Matcha Pore Tightening Toner | SOME BY MI Maroc | The K-Skin Gallery,"Découvrez Super Matcha Pore Tightening Toner de SOME BY MI chez The K-Skin Gallery. Korean skincare au Maroc, paiement à la livraison et livraison partout au Maroc.",,NEEDS_ASSET_INGESTION,"Sélection faciale issue du catalogue officiel actuel; produits cœur de gamme, jusqu’à ~30+ par marque selon pertinence.",KSG_CURATION_FROM_OFFICIAL_NAMES_AND_CLAIMS,False,NEEDS_OFFICIAL_PDP_ENRICHMENT,Les classifications Type de peau/Besoins/Étape/AM-PM sont une curation The K-Skin Gallery sauf mention vérifiée sur fiche produit individuelle.
research-some-by-mi-super-matcha-pore-tightening-serum,SOME BY MI,Super Matcha Pore Tightening Serum,Super Matcha Pore Tightening Serum,some-by-mi-super-matcha-pore-tightening-serum,,,50ml,Sérums & Ampoules,Sérum / Ampoule,Grasse;Mixte,Pores & excès de sébum,Matcha,Traiter,BOTH,,Sérums & Ampoules SOME BY MI classé par The K-Skin Gallery dans la sélection pores & excès de sébum.,Pores & excès de sébum,,,,SOME BY MI official website,https://en.somebymi.com/category/shop/380/,COLLECTION,EN,2026-10-02,PARTIAL,,,Prix de référence observé sur la boutique officielle; ne pas utiliser comme prix de vente MAD.,,,,,0,3,DRAFT,PUBLISHED_OUT_OF_STOCK_WHEN_PRICED,False,False,,Super Matcha Pore Tightening Serum | SOME BY MI Maroc | The K-Skin Gallery,"Découvrez Super Matcha Pore Tightening Serum de SOME BY MI chez The K-Skin Gallery. Korean skincare au Maroc, paiement à la livraison et livraison partout au Maroc.",,NEEDS_ASSET_INGESTION,"Sélection faciale issue du catalogue officiel actuel; produits cœur de gamme, jusqu’à ~30+ par marque selon pertinence.",KSG_CURATION_FROM_OFFICIAL_NAMES_AND_CLAIMS,False,NEEDS_OFFICIAL_PDP_ENRICHMENT,Les classifications Type de peau/Besoins/Étape/AM-PM sont une curation The K-Skin Gallery sauf mention vérifiée sur fiche produit individuelle.
research-some-by-mi-super-matcha-pore-clean-clay-mask,SOME BY MI,Super Matcha Pore Clean Clay Mask,Super Matcha Pore Clean Clay Mask,some-by-mi-super-matcha-pore-clean-clay-mask,,,100g,Masques,Masque,Grasse;Mixte,Pores & excès de sébum,Matcha,Traiter,BOTH,,Masques SOME BY MI classé par The K-Skin Gallery dans la sélection pores & excès de sébum.,Pores & excès de sébum,,,,SOME BY MI official website,https://en.somebymi.com/category/shop/380/,COLLECTION,EN,2026-10-02,PARTIAL,,,Prix de référence observé sur la boutique officielle; ne pas utiliser comme prix de vente MAD.,,,,,0,3,DRAFT,PUBLISHED_OUT_OF_STOCK_WHEN_PRICED,False,False,,Super Matcha Pore Clean Clay Mask | SOME BY MI Maroc | The K-Skin Gallery,"Découvrez Super Matcha Pore Clean Clay Mask de SOME BY MI chez The K-Skin Gallery. Korean skincare au Maroc, paiement à la livraison et livraison partout au Maroc.",,NEEDS_ASSET_INGESTION,"Sélection faciale issue du catalogue officiel actuel; produits cœur de gamme, jusqu’à ~30+ par marque selon pertinence.",KSG_CURATION_FROM_OFFICIAL_NAMES_AND_CLAIMS,False,NEEDS_OFFICIAL_PDP_ENRICHMENT,Les classifications Type de peau/Besoins/Étape/AM-PM sont une curation The K-Skin Gallery sauf mention vérifiée sur fiche produit individuelle.
research-some-by-mi-v10-hyal-antioxidant-sunscreen,SOME BY MI,V10 Hyal Antioxidant Sunscreen,V10 Hyal Antioxidant Sunscreen,some-by-mi-v10-hyal-antioxidant-sunscreen,,,40g,Protection solaire,Protection solaire,Normale;Sèche;Grasse;Mixte;Sensible,,,Protéger,AM,,Protection solaire SOME BY MI référencé dans le catalogue The K-Skin Gallery.,,,,,SOME BY MI official website,https://en.somebymi.com/category/shop/380/,COLLECTION,EN,2026-10-02,PARTIAL,,,Prix de référence observé sur la boutique officielle; ne pas utiliser comme prix de vente MAD.,,,,,0,3,DRAFT,PUBLISHED_OUT_OF_STOCK_WHEN_PRICED,False,False,,V10 Hyal Antioxidant Sunscreen | SOME BY MI Maroc | The K-Skin Gallery,"Découvrez V10 Hyal Antioxidant Sunscreen de SOME BY MI chez The K-Skin Gallery. Korean skincare au Maroc, paiement à la livraison et livraison partout au Maroc.",,NEEDS_ASSET_INGESTION,"Sélection faciale issue du catalogue officiel actuel; produits cœur de gamme, jusqu’à ~30+ par marque selon pertinence.",KSG_CURATION_FROM_OFFICIAL_NAMES_AND_CLAIMS,False,NEEDS_OFFICIAL_PDP_ENRICHMENT,Les classifications Type de peau/Besoins/Étape/AM-PM sont une curation The K-Skin Gallery sauf mention vérifiée sur fiche produit individuelle.
research-some-by-mi-v10-hyal-hydra-capsule-sunscreen,SOME BY MI,V10 Hyal Hydra Capsule Sunscreen,V10 Hyal Hydra Capsule Sunscreen,some-by-mi-v10-hyal-hydra-capsule-sunscreen,,,40ml,Protection solaire,Protection solaire,Normale;Sèche;Grasse;Mixte;Sensible,,,Protéger,AM,,Protection solaire SOME BY MI référencé dans le catalogue The K-Skin Gallery.,,,,,SOME BY MI official website,https://en.somebymi.com/category/shop/380/,COLLECTION,EN,2026-10-02,PARTIAL,,,Prix de référence observé sur la boutique officielle; ne pas utiliser comme prix de vente MAD.,,,,,0,3,DRAFT,PUBLISHED_OUT_OF_STOCK_WHEN_PRICED,False,False,,V10 Hyal Hydra Capsule Sunscreen | SOME BY MI Maroc | The K-Skin Gallery,"Découvrez V10 Hyal Hydra Capsule Sunscreen de SOME BY MI chez The K-Skin Gallery. Korean skincare au Maroc, paiement à la livraison et livraison partout au Maroc.",,NEEDS_ASSET_INGESTION,"Sélection faciale issue du catalogue officiel actuel; produits cœur de gamme, jusqu’à ~30+ par marque selon pertinence.",KSG_CURATION_FROM_OFFICIAL_NAMES_AND_CLAIMS,False,NEEDS_OFFICIAL_PDP_ENRICHMENT,Les classifications Type de peau/Besoins/Étape/AM-PM sont une curation The K-Skin Gallery sauf mention vérifiée sur fiche produit individuelle.
research-some-by-mi-galactomyces-glutathione-glow-milky-toner,SOME BY MI,Galactomyces Glutathione Glow Milky Toner,Galactomyces Glutathione Glow Milky Toner,some-by-mi-galactomyces-glutathione-glow-milky-toner,,,200ml,Toners & Essences,Toner / Essence,,Taches & teint irrégulier;Éclat,Galactomyces;Glutathion,Préparer,BOTH,,"Toners & Essences SOME BY MI classé par The K-Skin Gallery dans la sélection taches & teint irrégulier, éclat.",Taches & teint irrégulier;Éclat,,,,SOME BY MI official website,https://en.somebymi.com/category/shop/380/,COLLECTION,EN,2026-10-02,PARTIAL,,,Prix de référence observé sur la boutique officielle; ne pas utiliser comme prix de vente MAD.,,,,,0,3,DRAFT,PUBLISHED_OUT_OF_STOCK_WHEN_PRICED,False,False,,Galactomyces Glutathione Glow Milky Toner | SOME BY MI Maroc | The K-Skin Gallery,"Découvrez Galactomyces Glutathione Glow Milky Toner de SOME BY MI chez The K-Skin Gallery. Korean skincare au Maroc, paiement à la livraison et livraison partout au Maroc.",,NEEDS_ASSET_INGESTION,"Sélection faciale issue du catalogue officiel actuel; produits cœur de gamme, jusqu’à ~30+ par marque selon pertinence.",KSG_CURATION_FROM_OFFICIAL_NAMES_AND_CLAIMS,False,NEEDS_OFFICIAL_PDP_ENRICHMENT,Les classifications Type de peau/Besoins/Étape/AM-PM sont une curation The K-Skin Gallery sauf mention vérifiée sur fiche produit individuelle.
research-some-by-mi-galactomyces-glutathione-brightening-cream,SOME BY MI,Galactomyces Glutathione Brightening Cream,Galactomyces Glutathione Brightening Cream,some-by-mi-galactomyces-glutathione-brightening-cream,,,40ml,Crèmes hydratantes,Crème / Hydratant,,Taches & teint irrégulier;Éclat,Galactomyces;Glutathion,Hydrater,BOTH,,"Crèmes hydratantes SOME BY MI classé par The K-Skin Gallery dans la sélection taches & teint irrégulier, éclat.",Taches & teint irrégulier;Éclat,,,,SOME BY MI official website,https://en.somebymi.com/category/shop/380/,COLLECTION,EN,2026-10-02,PARTIAL,,,Prix de référence observé sur la boutique officielle; ne pas utiliser comme prix de vente MAD.,,,,,0,3,DRAFT,PUBLISHED_OUT_OF_STOCK_WHEN_PRICED,False,False,,Galactomyces Glutathione Brightening Cream | SOME BY MI Maroc | The K-Skin Gallery,"Découvrez Galactomyces Glutathione Brightening Cream de SOME BY MI chez The K-Skin Gallery. Korean skincare au Maroc, paiement à la livraison et livraison partout au Maroc.",,NEEDS_ASSET_INGESTION,"Sélection faciale issue du catalogue officiel actuel; produits cœur de gamme, jusqu’à ~30+ par marque selon pertinence.",KSG_CURATION_FROM_OFFICIAL_NAMES_AND_CLAIMS,False,NEEDS_OFFICIAL_PDP_ENRICHMENT,Les classifications Type de peau/Besoins/Étape/AM-PM sont une curation The K-Skin Gallery sauf mention vérifiée sur fiche produit individuelle.
research-arencia-vitamin-c-booster-shot-serum,Arencia,Vitamin C Booster Shot Serum,Vitamin C Booster Shot Serum,arencia-vitamin-c-booster-shot-serum,,,1.01 fl oz,Sérums & Ampoules,Sérum / Ampoule,,Taches & teint irrégulier;Éclat,Vitamine C;Glutathion,Traiter,BOTH,"Pure Vitamin C + Glutathione for bright, healthy-looking glow.","Sérums & Ampoules Arencia sélectionné par The K-Skin Gallery pour une routine axée sur taches & teint irrégulier, éclat.",Taches & teint irrégulier;Éclat,,,,Arencia official website,https://arencia.us/collections/serum,COLLECTION,EN,2026-10-02,PARTIAL,USD,14.9,Prix de référence observé sur la boutique officielle; ne pas utiliser comme prix de vente MAD.,,,,,0,3,DRAFT,PUBLISHED_OUT_OF_STOCK_WHEN_PRICED,False,False,,Vitamin C Booster Shot Serum | Arencia Maroc | The K-Skin Gallery,"Découvrez Vitamin C Booster Shot Serum de Arencia chez The K-Skin Gallery. Korean skincare au Maroc, paiement à la livraison et livraison partout au Maroc.",,NEEDS_ASSET_INGESTION,"Sélection faciale issue du catalogue officiel actuel; produits cœur de gamme, jusqu’à ~30+ par marque selon pertinence.",KSG_CURATION_FROM_OFFICIAL_NAMES_AND_CLAIMS,False,NEEDS_OFFICIAL_PDP_ENRICHMENT,Les classifications Type de peau/Besoins/Étape/AM-PM sont une curation The K-Skin Gallery sauf mention vérifiée sur fiche produit individuelle.
research-arencia-fresh-green-rice-mochi-cleanser,Arencia,Fresh Green Rice Mochi Cleanser,Fresh Green Rice Mochi Cleanser,arencia-fresh-green-rice-mochi-cleanser,,,1.76oz / 4.23oz,Nettoyants,Nettoyant,,Éclat,Riz,Nettoyer,BOTH,Gentle Daily Cleanser for Congestion-Prone Skin.,Nettoyants Arencia sélectionné par The K-Skin Gallery pour une routine axée sur éclat.,Éclat,,,,Arencia official website,https://arencia.us/collections/face-cleansers,COLLECTION,EN,2026-10-02,PARTIAL,USD,17,Prix de référence observé sur la boutique officielle; ne pas utiliser comme prix de vente MAD.,,,,,0,3,DRAFT,PUBLISHED_OUT_OF_STOCK_WHEN_PRICED,False,False,,Fresh Green Rice Mochi Cleanser | Arencia Maroc | The K-Skin Gallery,"Découvrez Fresh Green Rice Mochi Cleanser de Arencia chez The K-Skin Gallery. Korean skincare au Maroc, paiement à la livraison et livraison partout au Maroc.",,NEEDS_ASSET_INGESTION,"Sélection faciale issue du catalogue officiel actuel; produits cœur de gamme, jusqu’à ~30+ par marque selon pertinence.",KSG_CURATION_FROM_OFFICIAL_NAMES_AND_CLAIMS,False,NEEDS_OFFICIAL_PDP_ENRICHMENT,Les classifications Type de peau/Besoins/Étape/AM-PM sont une curation The K-Skin Gallery sauf mention vérifiée sur fiche produit individuelle.
research-arencia-fresh-rosehip-rice-mochi-cleanser,Arencia,Fresh Rosehip Rice Mochi Cleanser,Fresh Rosehip Rice Mochi Cleanser,arencia-fresh-rosehip-rice-mochi-cleanser,,,,Nettoyants,Nettoyant,,Éclat,Riz,Nettoyer,BOTH,,Nettoyants Arencia classé par The K-Skin Gallery dans la sélection éclat.,Éclat,,,,Arencia official website,https://arencia.us/collections/face-cleansers,COLLECTION,EN,2026-10-02,PARTIAL,USD,16,Prix de référence observé sur la boutique officielle; ne pas utiliser comme prix de vente MAD.,,,,,0,3,DRAFT,PUBLISHED_OUT_OF_STOCK_WHEN_PRICED,False,False,,Fresh Rosehip Rice Mochi Cleanser | Arencia Maroc | The K-Skin Gallery,"Découvrez Fresh Rosehip Rice Mochi Cleanser de Arencia chez The K-Skin Gallery. Korean skincare au Maroc, paiement à la livraison et livraison partout au Maroc.",,NEEDS_ASSET_INGESTION,"Sélection faciale issue du catalogue officiel actuel; produits cœur de gamme, jusqu’à ~30+ par marque selon pertinence.",KSG_CURATION_FROM_OFFICIAL_NAMES_AND_CLAIMS,False,NEEDS_OFFICIAL_PDP_ENRICHMENT,Les classifications Type de peau/Besoins/Étape/AM-PM sont une curation The K-Skin Gallery sauf mention vérifiée sur fiche produit individuelle.
research-arencia-green-tea-lha-deep-pore-rice-cake-cleanser,Arencia,Green Tea + LHA Deep Pore Rice Cake Cleanser,Green Tea + LHA Deep Pore Rice Cake Cleanser,arencia-green-tea-lha-deep-pore-rice-cake-cleanser,,,5.07 fl oz,Nettoyants,Nettoyant,Grasse;Mixte,Pores & excès de sébum;Éclat,Riz;Thé vert;LHA,Nettoyer,BOTH,,"Nettoyants Arencia classé par The K-Skin Gallery dans la sélection pores & excès de sébum, éclat.",Pores & excès de sébum;Éclat,,,,Arencia official website,https://arencia.us/collections/face-cleansers,COLLECTION,EN,2026-10-02,PARTIAL,USD,24,Prix de référence observé sur la boutique officielle; ne pas utiliser comme prix de vente MAD.,,,,,0,3,DRAFT,PUBLISHED_OUT_OF_STOCK_WHEN_PRICED,False,False,,Green Tea + LHA Deep Pore Rice Cake Cleanser | Arencia Maroc | The K-Skin Gallery,"Découvrez Green Tea + LHA Deep Pore Rice Cake Cleanser de Arencia chez The K-Skin Gallery. Korean skincare au Maroc, paiement à la livraison et livraison partout au Maroc.",,NEEDS_ASSET_INGESTION,"Sélection faciale issue du catalogue officiel actuel; produits cœur de gamme, jusqu’à ~30+ par marque selon pertinence.",KSG_CURATION_FROM_OFFICIAL_NAMES_AND_CLAIMS,False,NEEDS_OFFICIAL_PDP_ENRICHMENT,Les classifications Type de peau/Besoins/Étape/AM-PM sont une curation The K-Skin Gallery sauf mention vérifiée sur fiche produit individuelle.
research-arencia-calendula-rice-mochi-cleanser,Arencia,Calendula Rice Mochi Cleanser,Calendula Rice Mochi Cleanser,arencia-calendula-rice-mochi-cleanser,,,4.23oz / 120g,Nettoyants,Nettoyant,Sèche;Normale;Sensible,Éclat;Rougeurs;Barrière cutanée,Riz,Nettoyer,BOTH,"Gentle Exfoliating Foam Wash for Sensitive, Dry, Rough Skin.","Nettoyants Arencia sélectionné par The K-Skin Gallery pour une routine axée sur éclat, rougeurs.",Éclat;Rougeurs;Barrière cutanée,,,,Arencia official website,https://arencia.us/collections/face-cleansers,COLLECTION,EN,2026-10-02,PARTIAL,USD,16,Prix de référence observé sur la boutique officielle; ne pas utiliser comme prix de vente MAD.,,,,,0,3,DRAFT,PUBLISHED_OUT_OF_STOCK_WHEN_PRICED,False,False,,Calendula Rice Mochi Cleanser | Arencia Maroc | The K-Skin Gallery,"Découvrez Calendula Rice Mochi Cleanser de Arencia chez The K-Skin Gallery. Korean skincare au Maroc, paiement à la livraison et livraison partout au Maroc.",,NEEDS_ASSET_INGESTION,"Sélection faciale issue du catalogue officiel actuel; produits cœur de gamme, jusqu’à ~30+ par marque selon pertinence.",KSG_CURATION_FROM_OFFICIAL_NAMES_AND_CLAIMS,False,NEEDS_OFFICIAL_PDP_ENRICHMENT,Les classifications Type de peau/Besoins/Étape/AM-PM sont une curation The K-Skin Gallery sauf mention vérifiée sur fiche produit individuelle.
research-arencia-fresh-blue-hyssop-rice-mochi-cleanser,Arencia,Fresh Blue Hyssop Rice Mochi Cleanser,Fresh Blue Hyssop Rice Mochi Cleanser,arencia-fresh-blue-hyssop-rice-mochi-cleanser,,,,Nettoyants,Nettoyant,,Éclat,Riz,Nettoyer,BOTH,,Nettoyants Arencia classé par The K-Skin Gallery dans la sélection éclat.,Éclat,,,,Arencia official website,https://arencia.us/collections/face-cleansers,COLLECTION,EN,2026-10-02,PARTIAL,USD,16,Prix de référence observé sur la boutique officielle; ne pas utiliser comme prix de vente MAD.,,,,,0,3,DRAFT,PUBLISHED_OUT_OF_STOCK_WHEN_PRICED,False,False,,Fresh Blue Hyssop Rice Mochi Cleanser | Arencia Maroc | The K-Skin Gallery,"Découvrez Fresh Blue Hyssop Rice Mochi Cleanser de Arencia chez The K-Skin Gallery. Korean skincare au Maroc, paiement à la livraison et livraison partout au Maroc.",,NEEDS_ASSET_INGESTION,"Sélection faciale issue du catalogue officiel actuel; produits cœur de gamme, jusqu’à ~30+ par marque selon pertinence.",KSG_CURATION_FROM_OFFICIAL_NAMES_AND_CLAIMS,False,NEEDS_OFFICIAL_PDP_ENRICHMENT,Les classifications Type de peau/Besoins/Étape/AM-PM sont une curation The K-Skin Gallery sauf mention vérifiée sur fiche produit individuelle.
research-arencia-black-tea-rice-mochi-cleanser,Arencia,Black Tea Rice Mochi Cleanser,Black Tea Rice Mochi Cleanser,arencia-black-tea-rice-mochi-cleanser,,,,Nettoyants,Nettoyant,,Éclat,Riz,Nettoyer,BOTH,,Nettoyants Arencia classé par The K-Skin Gallery dans la sélection éclat.,Éclat,,,,Arencia official website,https://arencia.us/collections/face-cleansers,COLLECTION,EN,2026-10-02,PARTIAL,USD,21,Prix de référence observé sur la boutique officielle; ne pas utiliser comme prix de vente MAD.,,,,,0,3,DRAFT,PUBLISHED_OUT_OF_STOCK_WHEN_PRICED,False,False,,Black Tea Rice Mochi Cleanser | Arencia Maroc | The K-Skin Gallery,"Découvrez Black Tea Rice Mochi Cleanser de Arencia chez The K-Skin Gallery. Korean skincare au Maroc, paiement à la livraison et livraison partout au Maroc.",,NEEDS_ASSET_INGESTION,"Sélection faciale issue du catalogue officiel actuel; produits cœur de gamme, jusqu’à ~30+ par marque selon pertinence.",KSG_CURATION_FROM_OFFICIAL_NAMES_AND_CLAIMS,False,NEEDS_OFFICIAL_PDP_ENRICHMENT,Les classifications Type de peau/Besoins/Étape/AM-PM sont une curation The K-Skin Gallery sauf mention vérifiée sur fiche produit individuelle.
research-arencia-pore-melt-mochi-makeup-removing-cleansing-oil,Arencia,Pore Melt Mochi Makeup-Removing Cleansing Oil,Pore Melt Mochi Makeup-Removing Cleansing Oil,arencia-pore-melt-mochi-makeup-removing-cleansing-oil,,,6.76 fl oz,Huiles & Baumes démaquillants,Démaquillant huile/baume,Grasse;Mixte;Sèche;Normale;Sensible,Pores & excès de sébum;Éclat;Barrière cutanée;Rougeurs,Centella asiatica;Céramides;Riz;Vitamine E,Nettoyer,BOTH,"Non-comedogenic cleansing oil with rice amino acids, Vitamin E, Cica & Ceramide.","Huiles & Baumes démaquillants Arencia sélectionné par The K-Skin Gallery pour une routine axée sur pores & excès de sébum, éclat.",Pores & excès de sébum;Éclat;Barrière cutanée;Rougeurs,,,,Arencia official website,https://arencia.us/collections/face-cleansers,COLLECTION,EN,2026-10-02,PARTIAL,USD,32,Prix de référence observé sur la boutique officielle; ne pas utiliser comme prix de vente MAD.,,,,,0,3,DRAFT,PUBLISHED_OUT_OF_STOCK_WHEN_PRICED,False,False,,Pore Melt Mochi Makeup-Removing Cleansing Oil | Arencia Maroc | The K-Skin Gallery,"Découvrez Pore Melt Mochi Makeup-Removing Cleansing Oil de Arencia chez The K-Skin Gallery. Korean skincare au Maroc, paiement à la livraison et livraison partout au Maroc.",,NEEDS_ASSET_INGESTION,"Sélection faciale issue du catalogue officiel actuel; produits cœur de gamme, jusqu’à ~30+ par marque selon pertinence.",KSG_CURATION_FROM_OFFICIAL_NAMES_AND_CLAIMS,False,NEEDS_OFFICIAL_PDP_ENRICHMENT,Les classifications Type de peau/Besoins/Étape/AM-PM sont une curation The K-Skin Gallery sauf mention vérifiée sur fiche produit individuelle.
research-arencia-eraser-shot-glycolic-acid-booster,Arencia,Eraser Shot Glycolic Acid Booster,Eraser Shot Glycolic Acid Booster,arencia-eraser-shot-glycolic-acid-booster,,,1.01 fl oz,Sérums & Ampoules,Sérum / Ampoule,,Pores & excès de sébum,,Traiter,PM,"Daily Clarifying Multi-Acid Formula for Smoother, Clear-Looking Skin.",Sérums & Ampoules Arencia sélectionné par The K-Skin Gallery pour une routine axée sur pores & excès de sébum.,Pores & excès de sébum,,,,Arencia official website,https://arencia.us/collections/shop-all,COLLECTION,EN,2026-10-02,PARTIAL,USD,24,Prix de référence observé sur la boutique officielle; ne pas utiliser comme prix de vente MAD.,,,,,0,3,DRAFT,PUBLISHED_OUT_OF_STOCK_WHEN_PRICED,False,False,,Eraser Shot Glycolic Acid Booster | Arencia Maroc | The K-Skin Gallery,"Découvrez Eraser Shot Glycolic Acid Booster de Arencia chez The K-Skin Gallery. Korean skincare au Maroc, paiement à la livraison et livraison partout au Maroc.",,NEEDS_ASSET_INGESTION,"Sélection faciale issue du catalogue officiel actuel; produits cœur de gamme, jusqu’à ~30+ par marque selon pertinence.",KSG_CURATION_FROM_OFFICIAL_NAMES_AND_CLAIMS,False,NEEDS_OFFICIAL_PDP_ENRICHMENT,Les classifications Type de peau/Besoins/Étape/AM-PM sont une curation The K-Skin Gallery sauf mention vérifiée sur fiche produit individuelle.
research-arencia-retinal-booster-shot,Arencia,Retinal Booster Shot,Retinal Booster Shot,arencia-retinal-booster-shot,,,1.01 fl oz,Sérums & Ampoules,Sérum / Ampoule,Grasse;Mixte;Normale;Sèche,Pores & excès de sébum;Premiers signes de l'âge,Rétinal,Traiter,PM,"Advanced Retinal & Caffeine Formula for Firm, Pore-Refined Skin.","Sérums & Ampoules Arencia sélectionné par The K-Skin Gallery pour une routine axée sur pores & excès de sébum, premiers signes de l'âge.",Pores & excès de sébum;Premiers signes de l'âge,,,,Arencia official website,https://arencia.us/collections/serum,COLLECTION,EN,2026-10-02,PARTIAL,USD,24,Prix de référence observé sur la boutique officielle; ne pas utiliser comme prix de vente MAD.,,,,,0,3,DRAFT,PUBLISHED_OUT_OF_STOCK_WHEN_PRICED,False,False,,Retinal Booster Shot | Arencia Maroc | The K-Skin Gallery,"Découvrez Retinal Booster Shot de Arencia chez The K-Skin Gallery. Korean skincare au Maroc, paiement à la livraison et livraison partout au Maroc.",,NEEDS_ASSET_INGESTION,"Sélection faciale issue du catalogue officiel actuel; produits cœur de gamme, jusqu’à ~30+ par marque selon pertinence.",KSG_CURATION_FROM_OFFICIAL_NAMES_AND_CLAIMS,False,NEEDS_OFFICIAL_PDP_ENRICHMENT,Les classifications Type de peau/Besoins/Étape/AM-PM sont une curation The K-Skin Gallery sauf mention vérifiée sur fiche produit individuelle.
research-arencia-pdrn-booster-shot,Arencia,PDRN Booster Shot,PDRN Booster Shot,arencia-pdrn-booster-shot,,,1.01 fl oz,Sérums & Ampoules,Sérum / Ampoule,Sensible;Normale;Sèche;Mixte,Éclat;Rougeurs;Barrière cutanée;Premiers signes de l'âge,PDRN;Peptides,Traiter,BOTH,"Rosy-PDRN & Peptides for glowy-looking skin; recommended for sensitive, red skin.","Sérums & Ampoules Arencia sélectionné par The K-Skin Gallery pour une routine axée sur éclat, rougeurs.",Éclat;Rougeurs;Barrière cutanée;Premiers signes de l'âge,,,,Arencia official website,https://arencia.us/collections/serum,COLLECTION,EN,2026-10-02,PARTIAL,USD,24,Prix de référence observé sur la boutique officielle; ne pas utiliser comme prix de vente MAD.,,,,,0,3,DRAFT,PUBLISHED_OUT_OF_STOCK_WHEN_PRICED,False,False,,PDRN Booster Shot | Arencia Maroc | The K-Skin Gallery,"Découvrez PDRN Booster Shot de Arencia chez The K-Skin Gallery. Korean skincare au Maroc, paiement à la livraison et livraison partout au Maroc.",,NEEDS_ASSET_INGESTION,"Sélection faciale issue du catalogue officiel actuel; produits cœur de gamme, jusqu’à ~30+ par marque selon pertinence.",KSG_CURATION_FROM_OFFICIAL_NAMES_AND_CLAIMS,False,NEEDS_OFFICIAL_PDP_ENRICHMENT,Les classifications Type de peau/Besoins/Étape/AM-PM sont une curation The K-Skin Gallery sauf mention vérifiée sur fiche produit individuelle.
research-arencia-nad-time-rewind-booster-shot,Arencia,NAD+ Time-Rewind Booster Shot,NAD+ Time-Rewind Booster Shot,arencia-nad-time-rewind-booster-shot,,,1.01 fl oz,Sérums & Ampoules,Sérum / Ampoule,Normale;Sèche;Mixte,Premiers signes de l'âge,Peptides;NAD+;Resvératrol,Traiter,BOTH,"Firming & revitalizing serum with 5% NAD+ complex, peptides & resveratrol.",Sérums & Ampoules Arencia sélectionné par The K-Skin Gallery pour une routine axée sur premiers signes de l'âge.,Premiers signes de l'âge,,,,Arencia official website,https://arencia.us/collections/serum,COLLECTION,EN,2026-10-02,PARTIAL,USD,24,Prix de référence observé sur la boutique officielle; ne pas utiliser comme prix de vente MAD.,,,,,0,3,DRAFT,PUBLISHED_OUT_OF_STOCK_WHEN_PRICED,False,False,,NAD+ Time-Rewind Booster Shot | Arencia Maroc | The K-Skin Gallery,"Découvrez NAD+ Time-Rewind Booster Shot de Arencia chez The K-Skin Gallery. Korean skincare au Maroc, paiement à la livraison et livraison partout au Maroc.",,NEEDS_ASSET_INGESTION,"Sélection faciale issue du catalogue officiel actuel; produits cœur de gamme, jusqu’à ~30+ par marque selon pertinence.",KSG_CURATION_FROM_OFFICIAL_NAMES_AND_CLAIMS,False,NEEDS_OFFICIAL_PDP_ENRICHMENT,Les classifications Type de peau/Besoins/Étape/AM-PM sont une curation The K-Skin Gallery sauf mention vérifiée sur fiche produit individuelle.
research-arencia-txa-booster-shot,Arencia,TXA Booster Shot,TXA Booster Shot,arencia-txa-booster-shot,,,1.01 fl oz,Sérums & Ampoules,Sérum / Ampoule,Normale;Sèche;Mixte,Taches & teint irrégulier;Premiers signes de l'âge,Niacinamide;Acide tranexamique (TXA);Peptides,Traiter,BOTH,"Dark spot correcting serum with 5% TXA, Niacinamide & peptides.","Sérums & Ampoules Arencia sélectionné par The K-Skin Gallery pour une routine axée sur taches & teint irrégulier, premiers signes de l'âge.",Taches & teint irrégulier;Premiers signes de l'âge,,,,Arencia official website,https://arencia.us/collections/serum,COLLECTION,EN,2026-10-02,PARTIAL,USD,24,Prix de référence observé sur la boutique officielle; ne pas utiliser comme prix de vente MAD.,,,,,0,3,DRAFT,PUBLISHED_OUT_OF_STOCK_WHEN_PRICED,False,False,,TXA Booster Shot | Arencia Maroc | The K-Skin Gallery,"Découvrez TXA Booster Shot de Arencia chez The K-Skin Gallery. Korean skincare au Maroc, paiement à la livraison et livraison partout au Maroc.",,NEEDS_ASSET_INGESTION,"Sélection faciale issue du catalogue officiel actuel; produits cœur de gamme, jusqu’à ~30+ par marque selon pertinence.",KSG_CURATION_FROM_OFFICIAL_NAMES_AND_CLAIMS,False,NEEDS_OFFICIAL_PDP_ENRICHMENT,Les classifications Type de peau/Besoins/Étape/AM-PM sont une curation The K-Skin Gallery sauf mention vérifiée sur fiche produit individuelle.
research-arencia-overnight-red-collagen-peptide-smoothie-serum,Arencia,Overnight Red Collagen + Peptide Smoothie Serum,Overnight Red Collagen + Peptide Smoothie Serum,arencia-overnight-red-collagen-peptide-smoothie-serum,,,,Sérums & Ampoules,Sérum / Ampoule,Sensible;Normale;Sèche;Mixte,Éclat;Rougeurs;Barrière cutanée;Premiers signes de l'âge,Niacinamide;Collagène;Peptides;Vitamine E,Traiter,BOTH,"Glowing & soothing serum with red collagen, Niacinamide, Peptide and Vitamin E.","Sérums & Ampoules Arencia sélectionné par The K-Skin Gallery pour une routine axée sur éclat, rougeurs.",Éclat;Rougeurs;Barrière cutanée;Premiers signes de l'âge,,,,Arencia official website,https://arencia.us/collections/red-smoothie-skin-care,COLLECTION,EN,2026-10-02,PARTIAL,USD,24,Prix de référence observé sur la boutique officielle; ne pas utiliser comme prix de vente MAD.,,,,,0,3,DRAFT,PUBLISHED_OUT_OF_STOCK_WHEN_PRICED,False,False,,Overnight Red Collagen + Peptide Smoothie Serum | Arencia Maroc | The K-Skin Gallery,"Découvrez Overnight Red Collagen + Peptide Smoothie Serum de Arencia chez The K-Skin Gallery. Korean skincare au Maroc, paiement à la livraison et livraison partout au Maroc.",,NEEDS_ASSET_INGESTION,"Sélection faciale issue du catalogue officiel actuel; produits cœur de gamme, jusqu’à ~30+ par marque selon pertinence.",KSG_CURATION_FROM_OFFICIAL_NAMES_AND_CLAIMS,False,NEEDS_OFFICIAL_PDP_ENRICHMENT,Les classifications Type de peau/Besoins/Étape/AM-PM sont une curation The K-Skin Gallery sauf mention vérifiée sur fiche produit individuelle.
research-arencia-red-collagen-peptide-smoothie-serum,Arencia,Red Collagen + Peptide Smoothie Serum,Red Collagen + Peptide Smoothie Serum,arencia-red-collagen-peptide-smoothie-serum,,,,Sérums & Ampoules,Sérum / Ampoule,Normale;Sèche;Mixte,Taches & teint irrégulier;Éclat;Premiers signes de l'âge,Niacinamide;Collagène;Peptides;Vitamine C;Vitamine E,Traiter,BOTH,"8% Niacinamide, Vitamin C, Vitamin E and peptides.","Sérums & Ampoules Arencia sélectionné par The K-Skin Gallery pour une routine axée sur taches & teint irrégulier, éclat.",Taches & teint irrégulier;Éclat;Premiers signes de l'âge,,,,Arencia official website,https://arencia.us/collections/red-smoothie-skin-care,COLLECTION,EN,2026-10-02,PARTIAL,USD,19.99,Prix de référence observé sur la boutique officielle; ne pas utiliser comme prix de vente MAD.,,,,,0,3,DRAFT,PUBLISHED_OUT_OF_STOCK_WHEN_PRICED,False,False,,Red Collagen + Peptide Smoothie Serum | Arencia Maroc | The K-Skin Gallery,"Découvrez Red Collagen + Peptide Smoothie Serum de Arencia chez The K-Skin Gallery. Korean skincare au Maroc, paiement à la livraison et livraison partout au Maroc.",,NEEDS_ASSET_INGESTION,"Sélection faciale issue du catalogue officiel actuel; produits cœur de gamme, jusqu’à ~30+ par marque selon pertinence.",KSG_CURATION_FROM_OFFICIAL_NAMES_AND_CLAIMS,False,NEEDS_OFFICIAL_PDP_ENRICHMENT,Les classifications Type de peau/Besoins/Étape/AM-PM sont une curation The K-Skin Gallery sauf mention vérifiée sur fiche produit individuelle.
research-arencia-holy-hyssop-serum-30,Arencia,Holy Hyssop Serum 30,Holy Hyssop Serum 30,arencia-holy-hyssop-serum-30,,,1.76 oz,Sérums & Ampoules,Sérum / Ampoule,,,,Traiter,BOTH,,Sérums & Ampoules Arencia référencé dans le catalogue The K-Skin Gallery.,,,,,Arencia official website,https://arencia.us/collections/holy-hyssop-skincare,COLLECTION,EN,2026-10-02,PARTIAL,USD,24,Prix de référence observé sur la boutique officielle; ne pas utiliser comme prix de vente MAD.,,,,,0,3,DRAFT,PUBLISHED_OUT_OF_STOCK_WHEN_PRICED,False,False,,Holy Hyssop Serum 30 | Arencia Maroc | The K-Skin Gallery,"Découvrez Holy Hyssop Serum 30 de Arencia chez The K-Skin Gallery. Korean skincare au Maroc, paiement à la livraison et livraison partout au Maroc.",,NEEDS_ASSET_INGESTION,"Sélection faciale issue du catalogue officiel actuel; produits cœur de gamme, jusqu’à ~30+ par marque selon pertinence.",KSG_CURATION_FROM_OFFICIAL_NAMES_AND_CLAIMS,False,NEEDS_OFFICIAL_PDP_ENRICHMENT,Les classifications Type de peau/Besoins/Étape/AM-PM sont une curation The K-Skin Gallery sauf mention vérifiée sur fiche produit individuelle.
research-arencia-holy-hyssop-glow-serum-12,Arencia,Holy Hyssop Glow Serum 12,Holy Hyssop Glow Serum 12,arencia-holy-hyssop-glow-serum-12,,,1.01 fl oz,Sérums & Ampoules,Sérum / Ampoule,,Éclat,,Traiter,BOTH,,Sérums & Ampoules Arencia classé par The K-Skin Gallery dans la sélection éclat.,Éclat,,,,Arencia official website,https://arencia.us/collections/holy-hyssop-skincare,COLLECTION,EN,2026-10-02,PARTIAL,USD,22,Prix de référence observé sur la boutique officielle; ne pas utiliser comme prix de vente MAD.,,,,,0,3,DRAFT,PUBLISHED_OUT_OF_STOCK_WHEN_PRICED,False,False,,Holy Hyssop Glow Serum 12 | Arencia Maroc | The K-Skin Gallery,"Découvrez Holy Hyssop Glow Serum 12 de Arencia chez The K-Skin Gallery. Korean skincare au Maroc, paiement à la livraison et livraison partout au Maroc.",,NEEDS_ASSET_INGESTION,"Sélection faciale issue du catalogue officiel actuel; produits cœur de gamme, jusqu’à ~30+ par marque selon pertinence.",KSG_CURATION_FROM_OFFICIAL_NAMES_AND_CLAIMS,False,NEEDS_OFFICIAL_PDP_ENRICHMENT,Les classifications Type de peau/Besoins/Étape/AM-PM sont une curation The K-Skin Gallery sauf mention vérifiée sur fiche produit individuelle.
research-arencia-hyssop-multi-eye-balm,Arencia,Hyssop Multi + Eye Balm,Hyssop Multi + Eye Balm,arencia-hyssop-multi-eye-balm,,,,Soins ciblés,Autre soin visage,,,,Traiter,BOTH,,Soins ciblés Arencia référencé dans le catalogue The K-Skin Gallery.,,,,,Arencia official website,https://arencia.us/collections/holy-hyssop-skincare,COLLECTION,EN,2026-10-02,PARTIAL,USD,24,Prix de référence observé sur la boutique officielle; ne pas utiliser comme prix de vente MAD.,,,,,0,3,DRAFT,PUBLISHED_OUT_OF_STOCK_WHEN_PRICED,False,False,,Hyssop Multi + Eye Balm | Arencia Maroc | The K-Skin Gallery,"Découvrez Hyssop Multi + Eye Balm de Arencia chez The K-Skin Gallery. Korean skincare au Maroc, paiement à la livraison et livraison partout au Maroc.",,NEEDS_ASSET_INGESTION,"Sélection faciale issue du catalogue officiel actuel; produits cœur de gamme, jusqu’à ~30+ par marque selon pertinence.",KSG_CURATION_FROM_OFFICIAL_NAMES_AND_CLAIMS,False,NEEDS_OFFICIAL_PDP_ENRICHMENT,Les classifications Type de peau/Besoins/Étape/AM-PM sont une curation The K-Skin Gallery sauf mention vérifiée sur fiche produit individuelle.
research-arencia-deep-water-surge-overnight-serum-30,Arencia,Deep Water Surge Overnight Serum 30,Deep Water Surge Overnight Serum 30,arencia-deep-water-surge-overnight-serum-30,,,,Sérums & Ampoules,Sérum / Ampoule,,Hydratation,,Traiter,BOTH,,Sérums & Ampoules Arencia classé par The K-Skin Gallery dans la sélection hydratation.,Hydratation,,,,Arencia official website,https://arencia.us/collections/deep-water-surge-skin-care,COLLECTION,EN,2026-10-02,PARTIAL,USD,22,Prix de référence observé sur la boutique officielle; ne pas utiliser comme prix de vente MAD.,,,,,0,3,DRAFT,PUBLISHED_OUT_OF_STOCK_WHEN_PRICED,False,False,,Deep Water Surge Overnight Serum 30 | Arencia Maroc | The K-Skin Gallery,"Découvrez Deep Water Surge Overnight Serum 30 de Arencia chez The K-Skin Gallery. Korean skincare au Maroc, paiement à la livraison et livraison partout au Maroc.",,NEEDS_ASSET_INGESTION,"Sélection faciale issue du catalogue officiel actuel; produits cœur de gamme, jusqu’à ~30+ par marque selon pertinence.",KSG_CURATION_FROM_OFFICIAL_NAMES_AND_CLAIMS,False,NEEDS_OFFICIAL_PDP_ENRICHMENT,Les classifications Type de peau/Besoins/Étape/AM-PM sont une curation The K-Skin Gallery sauf mention vérifiée sur fiche produit individuelle.
research-arencia-deep-water-surge-serum,Arencia,Deep Water Surge Serum,Deep Water Surge Serum,arencia-deep-water-surge-serum,,,1.01 fl oz,Sérums & Ampoules,Sérum / Ampoule,Sèche;Normale,Hydratation;Barrière cutanée,PDRN;Acide hyaluronique;Céramides,Traiter,BOTH,Hyaluronic Acid + PDRN + Ceramide.,"Sérums & Ampoules Arencia sélectionné par The K-Skin Gallery pour une routine axée sur hydratation, barrière cutanée.",Hydratation;Barrière cutanée,,,,Arencia official website,https://arencia.us/collections/deep-water-surge-skin-care,COLLECTION,EN,2026-10-02,PARTIAL,USD,24,Prix de référence observé sur la boutique officielle; ne pas utiliser comme prix de vente MAD.,,,,,0,3,DRAFT,PUBLISHED_OUT_OF_STOCK_WHEN_PRICED,False,False,,Deep Water Surge Serum | Arencia Maroc | The K-Skin Gallery,"Découvrez Deep Water Surge Serum de Arencia chez The K-Skin Gallery. Korean skincare au Maroc, paiement à la livraison et livraison partout au Maroc.",,NEEDS_ASSET_INGESTION,"Sélection faciale issue du catalogue officiel actuel; produits cœur de gamme, jusqu’à ~30+ par marque selon pertinence.",KSG_CURATION_FROM_OFFICIAL_NAMES_AND_CLAIMS,False,NEEDS_OFFICIAL_PDP_ENRICHMENT,Les classifications Type de peau/Besoins/Étape/AM-PM sont une curation The K-Skin Gallery sauf mention vérifiée sur fiche produit individuelle.
research-arencia-deep-water-surge-soothing-cream,Arencia,Deep Water Surge Soothing Cream,Deep Water Surge Soothing Cream,arencia-deep-water-surge-soothing-cream,,,3.71 fl oz,Crèmes hydratantes,Crème / Hydratant,Sèche;Normale;Sensible,Hydratation;Barrière cutanée;Rougeurs,PDRN;Acide hyaluronique;Centella asiatica;Céramides,Hydrater,BOTH,Hyaluronic Acid + Cica PDRN & Ceramide.,"Crèmes hydratantes Arencia sélectionné par The K-Skin Gallery pour une routine axée sur hydratation, barrière cutanée.",Hydratation;Barrière cutanée;Rougeurs,,,,Arencia official website,https://arencia.us/collections/deep-water-surge-skin-care,COLLECTION,EN,2026-10-02,PARTIAL,USD,32,Prix de référence observé sur la boutique officielle; ne pas utiliser comme prix de vente MAD.,,,,,0,3,DRAFT,PUBLISHED_OUT_OF_STOCK_WHEN_PRICED,False,False,,Deep Water Surge Soothing Cream | Arencia Maroc | The K-Skin Gallery,"Découvrez Deep Water Surge Soothing Cream de Arencia chez The K-Skin Gallery. Korean skincare au Maroc, paiement à la livraison et livraison partout au Maroc.",,NEEDS_ASSET_INGESTION,"Sélection faciale issue du catalogue officiel actuel; produits cœur de gamme, jusqu’à ~30+ par marque selon pertinence.",KSG_CURATION_FROM_OFFICIAL_NAMES_AND_CLAIMS,False,NEEDS_OFFICIAL_PDP_ENRICHMENT,Les classifications Type de peau/Besoins/Étape/AM-PM sont une curation The K-Skin Gallery sauf mention vérifiée sur fiche produit individuelle.
research-arencia-pdrn-hyaluronic-acid-deep-hydration-toner-pads,Arencia,PDRN Hyaluronic Acid Deep Hydration Toner Pads,PDRN Hyaluronic Acid Deep Hydration Toner Pads,arencia-pdrn-hyaluronic-acid-deep-hydration-toner-pads,,,90 pads / 6.76 fl oz,Toners & Essences,Toner / Essence,Sèche;Normale,Hydratation,PDRN;Acide hyaluronique,Préparer,BOTH,,Toners & Essences Arencia classé par The K-Skin Gallery dans la sélection hydratation.,Hydratation,,,,Arencia official website,https://arencia.us/collections/deep-water-surge-skin-care,COLLECTION,EN,2026-10-02,PARTIAL,USD,24,Prix de référence observé sur la boutique officielle; ne pas utiliser comme prix de vente MAD.,,,,,0,3,DRAFT,PUBLISHED_OUT_OF_STOCK_WHEN_PRICED,False,False,,PDRN Hyaluronic Acid Deep Hydration Toner Pads | Arencia Maroc | The K-Skin Gallery,"Découvrez PDRN Hyaluronic Acid Deep Hydration Toner Pads de Arencia chez The K-Skin Gallery. Korean skincare au Maroc, paiement à la livraison et livraison partout au Maroc.",,NEEDS_ASSET_INGESTION,"Sélection faciale issue du catalogue officiel actuel; produits cœur de gamme, jusqu’à ~30+ par marque selon pertinence.",KSG_CURATION_FROM_OFFICIAL_NAMES_AND_CLAIMS,False,NEEDS_OFFICIAL_PDP_ENRICHMENT,Les classifications Type de peau/Besoins/Étape/AM-PM sont une curation The K-Skin Gallery sauf mention vérifiée sur fiche produit individuelle.
research-arencia-red-collagen-jello-overnight-mask,Arencia,Red Collagen Jello Overnight Mask,Red Collagen Jello Overnight Mask,arencia-red-collagen-jello-overnight-mask,,,0.88oz x 4ea,Masques,Masque,Normale;Sèche;Mixte,Premiers signes de l'âge,Niacinamide;Collagène;Peptides,Traiter,PM,"Red Collagen, Peptides and Niacinamide overnight mask.",Masques Arencia sélectionné par The K-Skin Gallery pour une routine axée sur premiers signes de l'âge.,Premiers signes de l'âge,,,,Arencia official website,https://arencia.us/collections/red-smoothie-skin-care,COLLECTION,EN,2026-10-02,PARTIAL,USD,24,Prix de référence observé sur la boutique officielle; ne pas utiliser comme prix de vente MAD.,,,,,0,3,DRAFT,PUBLISHED_OUT_OF_STOCK_WHEN_PRICED,False,False,,Red Collagen Jello Overnight Mask | Arencia Maroc | The K-Skin Gallery,"Découvrez Red Collagen Jello Overnight Mask de Arencia chez The K-Skin Gallery. Korean skincare au Maroc, paiement à la livraison et livraison partout au Maroc.",,NEEDS_ASSET_INGESTION,"Sélection faciale issue du catalogue officiel actuel; produits cœur de gamme, jusqu’à ~30+ par marque selon pertinence.",KSG_CURATION_FROM_OFFICIAL_NAMES_AND_CLAIMS,False,NEEDS_OFFICIAL_PDP_ENRICHMENT,Les classifications Type de peau/Besoins/Étape/AM-PM sont une curation The K-Skin Gallery sauf mention vérifiée sur fiche produit individuelle.
research-arencia-vitamin-c-glutathione-booster-shot-essence,Arencia,Vitamin C Glutathione Booster Shot Essence,Vitamin C Glutathione Booster Shot Essence,arencia-vitamin-c-glutathione-booster-shot-essence,,,3.21 fl oz,Toners & Essences,Essence,,Taches & teint irrégulier;Éclat,Vitamine C;Glutathion,Préparer,BOTH,Lightweight brightening and dark spot care essence.,"Toners & Essences Arencia sélectionné par The K-Skin Gallery pour une routine axée sur taches & teint irrégulier, éclat.",Taches & teint irrégulier;Éclat,,,,Arencia official website,https://arencia.us/collections/serum,COLLECTION,EN,2026-10-02,PARTIAL,USD,24,Prix de référence observé sur la boutique officielle; ne pas utiliser comme prix de vente MAD.,,,,,0,3,DRAFT,PUBLISHED_OUT_OF_STOCK_WHEN_PRICED,False,False,,Vitamin C Glutathione Booster Shot Essence | Arencia Maroc | The K-Skin Gallery,"Découvrez Vitamin C Glutathione Booster Shot Essence de Arencia chez The K-Skin Gallery. Korean skincare au Maroc, paiement à la livraison et livraison partout au Maroc.",,NEEDS_ASSET_INGESTION,"Sélection faciale issue du catalogue officiel actuel; produits cœur de gamme, jusqu’à ~30+ par marque selon pertinence.",KSG_CURATION_FROM_OFFICIAL_NAMES_AND_CLAIMS,False,NEEDS_OFFICIAL_PDP_ENRICHMENT,Les classifications Type de peau/Besoins/Étape/AM-PM sont une curation The K-Skin Gallery sauf mention vérifiée sur fiche produit individuelle.
research-arencia-vitamin-c-glutathione-skin-booster-mist,Arencia,Vitamin C Glutathione Skin Booster Mist,Vitamin C Glutathione Skin Booster Mist,arencia-vitamin-c-glutathione-skin-booster-mist,,,3.38 fl oz,Toners & Essences,Toner / Essence,Sèche;Normale,Taches & teint irrégulier;Éclat;Hydratation;Barrière cutanée,Céramides;Vitamine C;Glutathion,Préparer,BOTH,Hydrating facial mist with ceramide and antioxidant care.,"Toners & Essences Arencia sélectionné par The K-Skin Gallery pour une routine axée sur taches & teint irrégulier, éclat.",Taches & teint irrégulier;Éclat;Hydratation;Barrière cutanée,,,,Arencia official website,https://arencia.us/collections/serum,COLLECTION,EN,2026-10-02,PARTIAL,USD,24,Prix de référence observé sur la boutique officielle; ne pas utiliser comme prix de vente MAD.,,,,,0,3,DRAFT,PUBLISHED_OUT_OF_STOCK_WHEN_PRICED,False,False,,Vitamin C Glutathione Skin Booster Mist | Arencia Maroc | The K-Skin Gallery,"Découvrez Vitamin C Glutathione Skin Booster Mist de Arencia chez The K-Skin Gallery. Korean skincare au Maroc, paiement à la livraison et livraison partout au Maroc.",,NEEDS_ASSET_INGESTION,"Sélection faciale issue du catalogue officiel actuel; produits cœur de gamme, jusqu’à ~30+ par marque selon pertinence.",KSG_CURATION_FROM_OFFICIAL_NAMES_AND_CLAIMS,False,NEEDS_OFFICIAL_PDP_ENRICHMENT,Les classifications Type de peau/Besoins/Étape/AM-PM sont une curation The K-Skin Gallery sauf mention vérifiée sur fiche produit individuelle.
